timestamp,datetime,total_power_w,total_gpu_power_w,total_cpu_power_w,cpu_utilization_pct,num_active_gpus,num_processes
1774884172.9845414,2026-03-30T17:22:52.984541,89.2964375,56.480000000000004,32.8164375,1.7910714285714284,0,1
1774884176.8042984,2026-03-30T17:22:56.804298,134.21875,101.8,32.41875,1.25,0,1
1774884178.7222526,2026-03-30T17:22:58.722253,135.6025,102.78999999999999,32.8125,1.7857142857142858,0,1
1774884180.4348917,2026-03-30T17:23:00.434892,136.015625,101.92999999999999,34.085625,3.517857142857143,0,1
1774884181.9359674,2026-03-30T17:23:01.935967,137.15887500000002,103.32000000000001,33.838875,3.182142857142857,1,1
1774884183.4326153,2026-03-30T17:23:03.432615,139.30712499999998,103.3,36.007125,6.132142857142857,0,1
1774884185.0925176,2026-03-30T17:23:05.092518,136.5,102.9,33.6,2.857142857142857,1,1
1774884186.586608,2026-03-30T17:23:06.586608,140.0415,103.68,36.3615,6.614285714285714,1,1
1774884188.2506223,2026-03-30T17:23:08.250622,137.5205,103.7,33.8205,3.1571428571428575,1,1
1774884189.7423916,2026-03-30T17:23:09.742392,137.802875,103.88,33.922875,3.2964285714285713,1,1
1774884191.2817252,2026-03-30T17:23:11.281725,136.6304375,103.1,33.5304375,2.7624999999999997,1,1
1774884192.8105934,2026-03-30T17:23:12.810593,137.71625,103.67,34.04625,3.4642857142857144,1,1
1774884194.3532016,2026-03-30T17:23:14.353202,138.304625,101.72,36.584625,6.917857142857143,0,1
1774884198.7622623,2026-03-30T17:23:18.762262,137.1283125,103.59,33.5383125,2.773214285714286,1,1
1774884200.2590292,2026-03-30T17:23:20.259029,138.9211875,104.85,34.0711875,3.498214285714286,1,1
1774884201.743312,2026-03-30T17:23:21.743312,137.0894375,103.37,33.7194375,3.019642857142857,1,1
1774884203.2431934,2026-03-30T17:23:23.243193,137.0399375,103.1,33.9399375,3.319642857142857,1,1
1774884204.807367,2026-03-30T17:23:24.807367,137.75968749999998,104.35,33.4096875,2.5982142857142856,0,1
1774884206.3790936,2026-03-30T17:23:26.379094,137.7146875,103.78,33.9346875,3.3125,1,1
1774884207.8731093,2026-03-30T17:23:27.873109,147.97299999999998,102.13,45.842999999999996,19.514285714285712,0,1
1774884209.7320864,2026-03-30T17:23:29.732086,136.2168125,102.71,33.5068125,2.730357142857143,1,1
1774884211.2702699,2026-03-30T17:23:31.270270,137.9776875,101.88,36.0976875,6.255357142857143,1,1
1774884213.049484,2026-03-30T17:23:33.049484,136.88568750000002,103.56,33.3256875,2.4839285714285713,1,1
1774884214.5867083,2026-03-30T17:23:34.586708,139.7475,103.89,35.8575,5.928571428571429,1,1
1774884216.3768296,2026-03-30T17:23:36.376830,137.3375625,103.28999999999999,34.0475625,3.4660714285714285,1,1
1774884217.921713,2026-03-30T17:23:37.921713,137.5044375,103.68,33.8244375,3.1625,1,1
1774884219.403946,2026-03-30T17:23:39.403946,137.4934375,103.69,33.8034375,3.1339285714285716,1,1
1774884220.943896,2026-03-30T17:23:40.943896,138.369,103.11,35.259,5.114285714285714,1,1
1774884222.4623704,2026-03-30T17:23:42.462370,138.660375,103.74,34.920375,4.653571428571429,0,1
1774884224.155812,2026-03-30T17:23:44.155812,137.366625,103.68,33.686625,2.975,1,1
1774884225.6340764,2026-03-30T17:23:45.634076,137.4744375,102.81,34.6644375,4.305357142857143,1,1
1774884227.4299896,2026-03-30T17:23:47.429990,138.2245625,104.45,33.7745625,3.0946428571428575,1,1
1774884228.932147,2026-03-30T17:23:48.932147,140.68625,103.49,37.19625,7.75,1,1
1774884230.3704212,2026-03-30T17:23:50.370421,136.692875,102.77,33.922875,3.2964285714285713,1,1
1774884231.8629181,2026-03-30T17:23:51.862918,138.95106249999998,105.03999999999999,33.9110625,3.2803571428571425,1,1
1774884233.3404498,2026-03-30T17:23:53.340450,144.558,104.07,40.488,12.228571428571428,0,1
1774884235.0449493,2026-03-30T17:23:55.044949,138.1631875,104.26,33.9031875,3.269642857142857,1,1
1774884236.5583858,2026-03-30T17:23:56.558386,137.4096875,103.58,33.8296875,3.169642857142857,1,1
1774884238.0395646,2026-03-30T17:23:58.039565,144.00375,110.43,33.57375,2.8214285714285716,1,1
1774884239.5723765,2026-03-30T17:23:59.572376,137.0658125,103.37,33.6958125,2.9875000000000003,1,1
1774884241.104061,2026-03-30T17:24:01.104061,139.74756250000002,102.97,36.7775625,7.180357142857143,0,1
1774884245.4231339,2026-03-30T17:24:05.423134,137.18875,103.3,33.88875,3.25,1,1
1774884246.963442,2026-03-30T17:24:06.963442,137.3468125,103.21000000000001,34.1368125,3.5875,1,1
1774884248.4561913,2026-03-30T17:24:08.456191,138.440125,104.47,33.970125,3.3607142857142853,1,1
1774884249.95158,2026-03-30T17:24:09.951580,137.836,103.69,34.146,3.6,1,1
1774884251.4763114,2026-03-30T17:24:11.476311,135.882375,102.39,33.492375,2.710714285714286,0,1
1774884253.0581641,2026-03-30T17:24:13.058164,140.2568125,105.91,34.3468125,3.873214285714286,1,1
1774884254.56084,2026-03-30T17:24:14.560840,149.623,102.31,47.313,21.514285714285712,0,1
1774884256.4358683,2026-03-30T17:24:16.435868,137.0468125,102.7,34.3468125,3.873214285714286,1,1
1774884257.9260366,2026-03-30T17:24:17.926037,140.7928125,104.64,36.1528125,6.330357142857143,1,1
1774884259.8113503,2026-03-30T17:24:19.811350,137.6663125,103.75,33.916312500000004,3.2875,1,1
1774884261.3087206,2026-03-30T17:24:21.308721,145.697875,103.48,42.217875,14.582142857142857,1,1
1774884263.1483994,2026-03-30T17:24:23.148399,136.13931250000002,103.0,33.1393125,2.230357142857143,1,1
1774884264.6494377,2026-03-30T17:24:24.649438,138.019125,104.07000000000001,33.949125,3.332142857142857,1,1
1774884266.1673965,2026-03-30T17:24:26.167397,137.4065,103.67,33.7365,3.042857142857143,0,1
1774884267.6945665,2026-03-30T17:24:27.694566,136.8891875,103.28,33.6091875,2.869642857142857,1,1
1774884269.1717224,2026-03-30T17:24:29.171722,139.0425,103.08,35.9625,6.071428571428571,0,1
1774884270.9083052,2026-03-30T17:24:30.908305,137.5046875,103.57,33.9346875,3.3125,1,1
1774884272.4248328,2026-03-30T17:24:32.424833,137.8948125,101.91,35.9848125,6.101785714285714,1,1
1774884274.1994615,2026-03-30T17:24:34.199461,137.1760625,103.58,33.5960625,2.851785714285714,1,1
1774884275.717301,2026-03-30T17:24:35.717301,149.8683125,104.36,45.5083125,19.05892857142857,1,1
1774884277.5107672,2026-03-30T17:24:37.510767,137.4223125,103.59,33.8323125,3.1732142857142853,1,1
1774884279.0279667,2026-03-30T17:24:39.027967,137.9908125,103.98,34.0108125,3.4160714285714286,1,1
1774884280.512059,2026-03-30T17:24:40.512059,138.28175,104.33,33.95175,3.335714285714286,1,1
1774884282.0683858,2026-03-30T17:24:42.068386,138.55656249999998,104.53,34.0265625,3.4375,1,1
1774884283.581931,2026-03-30T17:24:43.581931,135.5175625,101.68,33.8375625,3.180357142857143,0,1
1774884285.2661195,2026-03-30T17:24:45.266119,137.064875,102.89,34.174875,3.6392857142857147,1,1
1774884286.8216114,2026-03-30T17:24:46.821611,148.09506249999998,102.13,45.9650625,19.68035714285714,0,1
1774884288.6961792,2026-03-30T17:24:48.696179,137.7384375,104.25,33.4884375,2.705357142857143,1,1
1774884290.2080462,2026-03-30T17:24:50.208046,138.34025,102.32,36.02025,6.1499999999999995,1,1
1774884292.1121151,2026-03-30T17:24:52.112115,137.1380625,103.5,33.638062500000004,2.9089285714285715,1,1
1774884293.6045885,2026-03-30T17:24:53.604589,137.4970625,103.67,33.8270625,3.1660714285714286,1,1
1774884295.3414974,2026-03-30T17:24:55.341497,137.621875,103.09,34.531875,4.125,1,1
1774884296.9063265,2026-03-30T17:24:56.906327,139.13,105.74,33.39,2.5714285714285716,1,1
1774884298.419866,2026-03-30T17:24:58.419866,138.978125,105.05,33.928125,3.3035714285714284,1,1
1774884299.9359381,2026-03-30T17:24:59.935938,137.0833125,103.65,33.4333125,2.630357142857143,1,1
1774884301.4790223,2026-03-30T17:25:01.479022,136.2434375,102.02,34.2234375,3.705357142857143,0,1
1774884303.0683074,2026-03-30T17:25:03.068307,137.58137499999998,103.69,33.891375,3.2535714285714286,1,1
1774884304.6750114,2026-03-30T17:25:04.675011,148.230875,101.54,46.690875,20.66785714285714,0,1
1774884306.5853689,2026-03-30T17:25:06.585369,137.0105,103.19,33.8205,3.1571428571428575,1,1
1774884308.145933,2026-03-30T17:25:08.145933,138.678625,102.22,36.458625,6.746428571428572,1,1
1774884309.9786801,2026-03-30T17:25:09.978680,138.9620625,105.24,33.7220625,3.023214285714286,1,1
1774884311.4969866,2026-03-30T17:25:11.496987,138.9149375,103.19,35.724937499999996,5.748214285714285,1,1
1774884313.311989,2026-03-30T17:25:13.311989,137.8934375,104.09,33.8034375,3.1339285714285716,1,1
1774884314.8117445,2026-03-30T17:25:14.811744,137.66581250000002,103.97,33.6958125,2.9875000000000003,1,1
1774884316.3065426,2026-03-30T17:25:16.306543,137.5560625,103.96000000000001,33.5960625,2.851785714285714,1,1
1774884317.813533,2026-03-30T17:25:17.813533,137.97875,103.88,34.09875,3.5357142857142856,1,1
1774884319.350625,2026-03-30T17:25:19.350625,138.987125,102.98,36.007125,6.132142857142857,0,1
1774884323.6922681,2026-03-30T17:25:23.692268,137.6471875,103.87,33.7771875,3.0982142857142856,1,1
1774884325.238094,2026-03-30T17:25:25.238094,136.8294375,102.9,33.9294375,3.305357142857143,1,1
1774884326.7282114,2026-03-30T17:25:26.728211,139.8975,105.72,34.1775,3.642857142857143,1,1
1774884328.2758386,2026-03-30T17:25:28.275839,136.6365,102.9,33.7365,3.042857142857143,1,1
1774884329.7662194,2026-03-30T17:25:29.766219,136.501375,102.61,33.891375,3.2535714285714286,0,1
1774884331.3706322,2026-03-30T17:25:31.370632,137.440375,103.57,33.870375,3.225,1,1
1774884332.9051273,2026-03-30T17:25:32.905127,150.37687499999998,103.77,46.606875,20.553571428571427,0,1
1774884334.794032,2026-03-30T17:25:34.794032,136.77918749999998,103.38,33.3991875,2.5839285714285714,1,1
1774884336.2810552,2026-03-30T17:25:36.281055,138.6905625,102.69,36.0005625,6.123214285714285,1,1
1774884338.1766071,2026-03-30T17:25:38.176607,137.334125,103.49,33.844125,3.189285714285714,1,1
1774884339.7778227,2026-03-30T17:25:39.777823,141.03674999999998,105.72,35.31675,5.192857142857143,1,1
1774884341.481497,2026-03-30T17:25:41.481497,139.283875,105.34,33.943875,3.3249999999999997,1,1
1774884343.008493,2026-03-30T17:25:43.008493,136.9698125,103.4,33.5698125,2.8160714285714286,1,1
1774884344.48736,2026-03-30T17:25:44.487360,139.332875,105.41,33.922875,3.2964285714285713,1,1
1774884346.0172195,2026-03-30T17:25:46.017220,137.449,103.45,33.999,3.4,1,1
1774884347.5028634,2026-03-30T17:25:47.502863,136.5445625,102.98,33.5645625,2.8089285714285714,0,1
1774884349.0822716,2026-03-30T17:25:49.082272,137.8698125,103.88,33.9898125,3.3874999999999997,1,1
1774884350.5677044,2026-03-30T17:25:50.567704,139.4416875,103.47,35.9716875,6.083928571428571,0,1
1774884352.379003,2026-03-30T17:25:52.379003,137.95943749999998,104.66,33.299437499999996,2.4482142857142857,1,1
1774884353.9002013,2026-03-30T17:25:53.900201,141.64425,105.33,36.31425,6.55,1,1
1774884355.5949967,2026-03-30T17:25:55.594997,138.02224999999999,104.27,33.752250000000004,3.064285714285714,1,1
1774884357.107658,2026-03-30T17:25:57.107658,138.03356250000002,104.07000000000001,33.9635625,3.351785714285714,1,1
1774884358.5896077,2026-03-30T17:25:58.589608,137.7180625,103.66,34.0580625,3.480357142857143,1,1
1774884360.0968156,2026-03-30T17:26:00.096816,137.594125,103.96,33.634125,2.9035714285714285,1,1
1774884361.630749,2026-03-30T17:26:01.630749,139.336,103.09,36.246,6.457142857142857,0,1
1774884366.1247048,2026-03-30T17:26:06.124705,137.20806249999998,103.57,33.638062500000004,2.9089285714285715,1,1
1774884367.631822,2026-03-30T17:26:07.631822,136.50762500000002,103.01,33.497625,2.7178571428571425,1,1
1774884369.0967968,2026-03-30T17:26:09.096797,137.729125,103.78,33.949125,3.332142857142857,1,1
1774884370.5883484,2026-03-30T17:26:10.588348,138.2526875,104.36,33.8926875,3.255357142857143,1,1
1774884372.0642517,2026-03-30T17:26:12.064252,137.2070625,103.38,33.8270625,3.1660714285714286,1,1
1774884373.5673525,2026-03-30T17:26:13.567353,138.3548125,104.26,34.0948125,3.5303571428571425,1,1
1774884375.0570264,2026-03-30T17:26:15.057026,147.9939375,102.21,45.7839375,19.43392857142857,0,1
1774884376.615131,2026-03-30T17:26:16.615131,138.434125,104.38,34.054125,3.475,1,1
1774884378.1000223,2026-03-30T17:26:18.100022,141.80531249999999,105.6,36.2053125,6.401785714285714,1,1
1774884379.762989,2026-03-30T17:26:19.762989,137.52268750000002,104.26,33.2626875,2.398214285714286,1,1
1774884381.2573388,2026-03-30T17:26:21.257339,136.3096875,102.69,33.6196875,2.8839285714285716,1,1
1774884382.7483294,2026-03-30T17:26:22.748329,137.5265,103.37,34.1565,3.6142857142857143,1,1
1774884384.2749321,2026-03-30T17:26:24.274932,139.0823125,105.04,34.0423125,3.4589285714285714,1,1
1774884385.8050604,2026-03-30T17:26:25.805060,139.266625,103.48,35.786625,5.832142857142857,0,1
1774884390.249937,2026-03-30T17:26:30.249937,137.03225,103.28,33.752250000000004,3.064285714285714,1,1
1774884391.7483513,2026-03-30T17:26:31.748351,138.0908125,104.08,34.0108125,3.4160714285714286,1,1
1774884393.2415998,2026-03-30T17:26:33.241600,136.98318749999999,103.28999999999999,33.6931875,2.9839285714285713,1,1
1774884394.7844455,2026-03-30T17:26:34.784446,137.7143125,104.47,33.2443125,2.373214285714286,1,1
1774884396.275797,2026-03-30T17:26:36.275797,135.5148125,101.42,34.0948125,3.5303571428571425,0,1
1774884397.8031132,2026-03-30T17:26:37.803113,137.4860625,103.68,33.8060625,3.1374999999999997,1,1
1774884399.294016,2026-03-30T17:26:39.294016,140.8096875,104.46000000000001,36.3496875,6.598214285714286,1,1
1774884400.9660158,2026-03-30T17:26:40.966016,137.5341875,103.4,34.1341875,3.5839285714285714,1,1
1774884402.4623091,2026-03-30T17:26:42.462309,136.954,103.27000000000001,33.684,2.9714285714285715,1,1
1774884403.978045,2026-03-30T17:26:43.978045,137.4931875,103.59,33.9031875,3.269642857142857,0,1
1774884405.4797933,2026-03-30T17:26:45.479793,136.5369375,103.08,33.4569375,2.6625,1,1
1774884407.0050187,2026-03-30T17:26:47.005019,136.3681875,102.78,33.588187500000004,2.8410714285714285,0,1
1774884408.6444952,2026-03-30T17:26:48.644495,137.9309375,103.97,33.9609375,3.3482142857142856,1,1
1774884410.1713176,2026-03-30T17:26:50.171318,149.3884375,102.67,46.7184375,20.705357142857142,0,1
1774884412.0357072,2026-03-30T17:26:52.035707,137.397875,103.58,33.817875,3.1535714285714285,1,1
1774884413.5297995,2026-03-30T17:26:53.529799,137.7118125,101.79,35.9218125,6.016071428571428,1,1
1774884415.3681984,2026-03-30T17:26:55.368198,137.8259375,103.76,34.0659375,3.4910714285714284,1,1
1774884416.891566,2026-03-30T17:26:56.891566,139.4776875,103.17,36.3076875,6.541071428571429,1,1
1774884418.6968665,2026-03-30T17:26:58.696867,136.3051875,102.78,33.5251875,2.755357142857143,1,1
1774884420.1898751,2026-03-30T17:27:00.189875,138.09625,104.05,34.04625,3.4642857142857144,1,1
1774884421.7236772,2026-03-30T17:27:01.723677,136.6018125,103.2,33.4018125,2.5875,1,1
1774884423.2688777,2026-03-30T17:27:03.268878,137.0070625,103.17999999999999,33.8270625,3.1660714285714286,1,1
1774884424.8321583,2026-03-30T17:27:04.832158,138.8514375,102.36,36.4914375,6.791071428571429,0,1
1774884429.3579917,2026-03-30T17:27:09.357992,138.4084375,104.29,34.1184375,3.5625,1,1
1774884430.8553,2026-03-30T17:27:10.855300,137.4330625,103.27,34.1630625,3.623214285714286,1,1
1774884432.365798,2026-03-30T17:27:12.365798,137.84525,104.03,33.81525,3.15,1,1
1774884433.908496,2026-03-30T17:27:13.908496,137.2655625,103.47,33.7955625,3.123214285714286,1,1
1774884435.4388437,2026-03-30T17:27:15.438844,137.5155625,101.62,35.8955625,5.980357142857143,0,1
1774884439.8056688,2026-03-30T17:27:19.805669,137.2180625,103.58,33.638062500000004,2.9089285714285715,1,1
1774884441.2975614,2026-03-30T17:27:21.297561,137.0989375,103.39,33.7089375,3.005357142857143,1,1
1774884442.7902224,2026-03-30T17:27:22.790222,138.013375,103.66,34.353375,3.882142857142857,1,1
1774884444.289817,2026-03-30T17:27:24.289817,137.4041875,103.48,33.9241875,3.2982142857142853,1,1
1774884445.8442523,2026-03-30T17:27:25.844252,140.34868749999998,104.64999999999999,35.6986875,5.7125,0,1
1774884450.3093767,2026-03-30T17:27:30.309377,136.8133125,103.38,33.4333125,2.630357142857143,1,1
1774884451.8550417,2026-03-30T17:27:31.855042,138.4154375,104.36,34.0554375,3.476785714285714,1,1
1774884453.3246999,2026-03-30T17:27:33.324700,137.63,103.19,34.44,4.0,1,1
1774884454.8119843,2026-03-30T17:27:34.811984,137.4808125,103.68,33.8008125,3.130357142857143,1,1
1774884456.3245018,2026-03-30T17:27:36.324502,139.84412500000002,103.06,36.784125,7.189285714285715,0,1
1774884460.9047098,2026-03-30T17:27:40.904710,137.38524999999998,103.57,33.81525,3.15,1,1
1774884462.4225008,2026-03-30T17:27:42.422501,138.928,103.27,35.658,5.6571428571428575,1,1
1774884464.232697,2026-03-30T17:27:44.232697,139.7019375,105.93,33.7719375,3.0910714285714285,1,1
1774884465.7792358,2026-03-30T17:27:45.779236,137.616375,103.2,34.416375,3.9678571428571425,1,1
1774884467.2627103,2026-03-30T17:27:47.262710,137.7796875,104.16,33.6196875,2.8839285714285716,1,1
1774884468.7793064,2026-03-30T17:27:48.779306,137.0094375,103.08,33.9294375,3.305357142857143,1,1
1774884470.280001,2026-03-30T17:27:50.280001,138.503125,102.58,35.923125,6.017857142857143,0,1
1774884474.6417115,2026-03-30T17:27:54.641711,137.2230625,103.69,33.5330625,2.7660714285714287,1,1
1774884476.1342738,2026-03-30T17:27:56.134274,136.9795625,103.31,33.6695625,2.9517857142857147,1,1
1774884477.6542022,2026-03-30T17:27:57.654202,137.06481250000002,103.39,33.6748125,2.9589285714285714,1,1
1774884479.1741014,2026-03-30T17:27:59.174101,136.5370625,102.71,33.8270625,3.1660714285714286,1,1
1774884480.6911952,2026-03-30T17:28:00.691195,136.56537500000002,102.59,33.975375,3.367857142857143,0,1
1774884482.2589834,2026-03-30T17:28:02.258983,140.1434375,106.13,34.0134375,3.419642857142857,1,1
1774884483.7650168,2026-03-30T17:28:03.765017,149.35175,103.01,46.34175,20.192857142857143,0,1
1774884485.6650386,2026-03-30T17:28:05.665039,137.41250000000002,103.76,33.6525,2.9285714285714284,1,1
1774884487.1835108,2026-03-30T17:28:07.183511,137.4365625,101.73,35.7065625,5.723214285714286,1,1
1774884489.052429,2026-03-30T17:28:09.052429,138.581375,104.06,34.521375,4.110714285714286,1,1
1774884490.6951895,2026-03-30T17:28:10.695189,139.5025625,103.46000000000001,36.0425625,6.180357142857143,1,1
1774884492.386549,2026-03-30T17:28:12.386549,136.9015,103.06,33.8415,3.185714285714286,1,1
1774884493.8810012,2026-03-30T17:28:13.881001,138.42775,104.35,34.07775,3.507142857142857,1,1
1774884495.3732848,2026-03-30T17:28:15.373285,137.0125,103.36,33.6525,2.9285714285714284,1,1
1774884496.8708007,2026-03-30T17:28:16.870801,137.8756875,103.5,34.3756875,3.9125,1,1
1774884498.4236825,2026-03-30T17:28:18.423682,139.111875,102.9,36.211875,6.410714285714286,0,1
1774884502.6165922,2026-03-30T17:28:22.616592,136.892875,103.18,33.712875,3.0107142857142857,1,1
1774884504.1093326,2026-03-30T17:28:24.109333,140.2825625,104.45,35.8325625,5.894642857142857,1,1
1774884505.8648174,2026-03-30T17:28:25.864817,137.21025,103.08,34.130250000000004,3.5785714285714287,1,1
1774884507.38959,2026-03-30T17:28:27.389590,136.80475,103.0,33.80475,3.1357142857142857,1,1
1774884508.887079,2026-03-30T17:28:28.887079,137.231375,103.55,33.681375,2.9678571428571425,1,1
1774884510.4156458,2026-03-30T17:28:30.415646,136.72443750000002,102.9,33.8244375,3.1625,1,1
1774884511.971354,2026-03-30T17:28:31.971354,140.0018125,103.87,36.1318125,6.301785714285714,0,1
1774884516.178885,2026-03-30T17:28:36.178885,137.56375,103.78,33.78375,3.107142857142857,1,1
1774884517.7490084,2026-03-30T17:28:37.749008,137.4369375,103.77,33.6669375,2.9482142857142857,1,1
1774884519.1905603,2026-03-30T17:28:39.190560,137.2215,103.38,33.8415,3.185714285714286,1,1
1774884520.681389,2026-03-30T17:28:40.681389,138.6984375,104.37,34.3284375,3.8482142857142856,1,1
1774884522.1958857,2026-03-30T17:28:42.195886,135.59581250000002,101.9,33.6958125,2.9875000000000003,0,1
1774884523.7980063,2026-03-30T17:28:43.798006,137.148,103.38,33.768,3.085714285714286,1,1
1774884525.2974865,2026-03-30T17:28:45.297487,147.6220625,101.92999999999999,45.6920625,19.30892857142857,0,1
1774884527.195507,2026-03-30T17:28:47.195507,137.4383125,103.48,33.9583125,3.3446428571428575,1,1
1774884528.71587,2026-03-30T17:28:48.715870,138.703875,102.87,35.833875,5.896428571428571,1,1
1774884530.5966465,2026-03-30T17:28:50.596647,137.4859375,103.63,33.8559375,3.205357142857143,1,1
1774884532.101664,2026-03-30T17:28:52.101664,151.4304375,104.46000000000001,46.9704375,21.048214285714288,0,1
1774884533.9019833,2026-03-30T17:28:53.901983,137.3280625,103.47999999999999,33.8480625,3.194642857142857,1,1
1774884535.4165316,2026-03-30T17:28:55.416532,138.32525,102.2,36.12525,6.292857142857143,1,1
1774884537.2785387,2026-03-30T17:28:57.278539,136.8920625,103.38,33.5120625,2.7375000000000003,1,1
1774884538.7955525,2026-03-30T17:28:58.795552,142.5104375,106.03999999999999,36.4704375,6.7625,1,1
1774884540.634108,2026-03-30T17:29:00.634108,137.147,103.4,33.747,3.057142857142857,1,1
1774884542.1226575,2026-03-30T17:29:02.122658,136.9958125,103.3,33.6958125,2.9875000000000003,1,1
1774884543.6087472,2026-03-30T17:29:03.608747,137.9894375,104.27000000000001,33.7194375,3.019642857142857,0,1
1774884545.1229463,2026-03-30T17:29:05.122946,137.3525,103.49,33.8625,3.2142857142857144,1,1
1774884546.637513,2026-03-30T17:29:06.637513,150.59175,102.99,47.601749999999996,21.907142857142855,0,1
1774884548.2912362,2026-03-30T17:29:08.291236,136.88,103.49,33.39,2.5714285714285716,1,1
1774884549.8158755,2026-03-30T17:29:09.815876,138.2551875,102.21000000000001,36.0451875,6.183928571428572,1,1
1774884551.697574,2026-03-30T17:29:11.697574,137.207625,103.5,33.707625,3.0035714285714286,1,1
1774884553.23467,2026-03-30T17:29:13.234670,148.170625,103.69,44.480625,17.660714285714285,1,1
1774884554.9032695,2026-03-30T17:29:14.903270,136.9629375,103.38,33.5829375,2.8339285714285714,1,1
1774884556.426761,2026-03-30T17:29:16.426761,137.1105,103.08,34.0305,3.442857142857143,1,1
1774884557.9121866,2026-03-30T17:29:17.912187,137.287625,103.58,33.707625,3.0035714285714286,0,1
1774884559.4002998,2026-03-30T17:29:19.400300,137.9358125,104.03,33.905812499999996,3.273214285714286,1,1
1774884560.888008,2026-03-30T17:29:20.888008,138.8615625,102.42,36.4415625,6.723214285714286,0,1
1774884562.6053483,2026-03-30T17:29:22.605348,138.3671875,104.17,34.1971875,3.669642857142857,1,1
1774884564.1269174,2026-03-30T17:29:24.126917,142.38225,106.32000000000001,36.06225,6.207142857142857,1,1
1774884565.8118992,2026-03-30T17:29:25.811899,137.60649999999998,103.66,33.9465,3.3285714285714287,1,1
1774884567.300985,2026-03-30T17:29:27.300985,137.6101875,103.77,33.8401875,3.183928571428571,1,1
1774884568.8136282,2026-03-30T17:29:28.813628,137.86587500000002,104.09,33.775875,3.0964285714285715,1,1
1774884570.353357,2026-03-30T17:29:30.353357,140.0059375,105.94,34.0659375,3.4910714285714284,1,1
1774884571.8429544,2026-03-30T17:29:31.842954,138.06375,104.28,33.78375,3.107142857142857,0,1
1774884573.4548044,2026-03-30T17:29:33.454804,136.74725,103.10000000000001,33.64725,2.9214285714285713,1,1
1774884574.983579,2026-03-30T17:29:34.983579,149.073625,102.42999999999999,46.643625,20.603571428571428,0,1
1774884576.875425,2026-03-30T17:29:36.875425,137.17399999999998,103.49,33.684,2.9714285714285715,1,1
1774884578.363778,2026-03-30T17:29:38.363778,141.4596875,105.53,35.9296875,6.026785714285714,1,1
1774884580.1170185,2026-03-30T17:29:40.117018,137.2498125,103.47,33.7798125,3.101785714285714,1,1
1774884581.6042933,2026-03-30T17:29:41.604293,139.797625,106.09,33.707625,3.0035714285714286,1,1
1774884583.0985115,2026-03-30T17:29:43.098511,139.0215,104.76,34.2615,3.757142857142857,1,1
1774884584.6488757,2026-03-30T17:29:44.648876,137.15875,103.69,33.46875,2.6785714285714284,1,1
1774884586.1682239,2026-03-30T17:29:46.168224,149.62975,104.17,45.45975,18.99285714285714,0,1
1774884587.8095257,2026-03-30T17:29:47.809526,138.2923125,104.25,34.0423125,3.4589285714285714,1,1
1774884589.3035822,2026-03-30T17:29:49.303582,138.6390625,103.09,35.5490625,5.508928571428571,0,1
1774884591.003683,2026-03-30T17:29:51.003683,137.94375,103.95,33.99375,3.392857142857143,1,1
1774884592.5416706,2026-03-30T17:29:52.541671,139.678,102.97,36.708,7.085714285714286,1,1
1774884594.1995816,2026-03-30T17:29:54.199582,137.7046875,103.77,33.9346875,3.3125,1,1
1774884595.7216141,2026-03-30T17:29:55.721614,137.16825,103.5,33.66825,2.9499999999999997,1,1
1774884597.2314377,2026-03-30T17:29:57.231438,137.6734375,103.87,33.8034375,3.1339285714285716,0,1
1774884598.725582,2026-03-30T17:29:58.725582,136.260375,102.60000000000001,33.660375,2.939285714285714,1,1
1774884600.2126906,2026-03-30T17:30:00.212691,150.9910625,103.85,47.141062500000004,21.280357142857145,0,1
1774884601.8611119,2026-03-30T17:30:01.861112,137.1306875,103.28,33.8506875,3.1982142857142857,1,1
1774884603.355838,2026-03-30T17:30:03.355838,138.858625,104.08,34.778625,4.460714285714286,1,1
1774884605.0983226,2026-03-30T17:30:05.098323,137.535125,103.88,33.655125,2.932142857142857,1,1
1774884606.6044588,2026-03-30T17:30:06.604459,138.09425,103.88,34.21425,3.692857142857143,1,1
1774884608.1065829,2026-03-30T17:30:08.106583,136.96375,103.18,33.78375,3.107142857142857,0,1
1774884609.6207085,2026-03-30T17:30:09.620708,137.787625,103.87,33.917625,3.289285714285714,1,1
1774884611.1305392,2026-03-30T17:30:11.130539,137.225125,103.78,33.445125,2.6464285714285714,0,1
1774884612.7853265,2026-03-30T17:30:12.785326,138.165875,103.97,34.195875,3.667857142857143,1,1
1774884614.3246644,2026-03-30T17:30:14.324664,138.0615,101.91,36.1515,6.328571428571428,1,1
1774884616.0933354,2026-03-30T17:30:16.093335,137.761375,103.66,34.101375,3.539285714285714,1,1
1774884617.6905994,2026-03-30T17:30:17.690599,138.8970625,104.86,34.0370625,3.4517857142857147,1,1
1774884619.5123544,2026-03-30T17:30:19.512354,136.9910625,103.29,33.7010625,2.994642857142857,1,1
1774884621.0084531,2026-03-30T17:30:21.008453,138.4144375,104.38,34.0344375,3.4482142857142857,1,1
1774884622.5012395,2026-03-30T17:30:22.501240,136.9944375,103.38,33.6144375,2.876785714285714,1,1
1774884623.9997864,2026-03-30T17:30:23.999786,137.6245625,104.27,33.3545625,2.523214285714286,1,1
1774884625.4956205,2026-03-30T17:30:25.495620,140.5515,103.77,36.7815,7.185714285714285,0,1
1774884627.0662582,2026-03-30T17:30:27.066258,137.522625,103.5,34.022625,3.432142857142857,1,1
1774884628.561936,2026-03-30T17:30:28.561936,138.0586875,101.52,36.5386875,6.855357142857143,1,1
1774884630.3109448,2026-03-30T17:30:30.310945,138.0770625,104.46000000000001,33.6170625,2.880357142857143,1,1
1774884631.8262799,2026-03-30T17:30:31.826280,142.5899375,104.24,38.3499375,9.319642857142856,1,1
1774884633.714753,2026-03-30T17:30:33.714753,138.9221875,105.04,33.8821875,3.2410714285714284,1,1
1774884635.2443318,2026-03-30T17:30:35.244332,137.41625,103.79,33.62625,2.892857142857143,1,1
1774884636.735727,2026-03-30T17:30:36.735727,137.7474375,103.86,33.8874375,3.248214285714286,1,1
1774884638.2243176,2026-03-30T17:30:38.224318,138.983875,105.04,33.943875,3.3249999999999997,1,1
1774884639.7396057,2026-03-30T17:30:39.739606,138.1534375,104.35,33.8034375,3.1339285714285716,0,1
1774884641.2318738,2026-03-30T17:30:41.231874,138.17418750000002,104.04,34.1341875,3.5839285714285714,1,1
1774884642.719644,2026-03-30T17:30:42.719644,149.1928125,105.48,43.7128125,16.616071428571427,0,1
1774884644.4073985,2026-03-30T17:30:44.407398,136.7958125,103.10000000000001,33.6958125,2.9875000000000003,1,1
1774884645.9256375,2026-03-30T17:30:45.925637,139.7188125,104.07000000000001,35.6488125,5.644642857142857,1,1
1774884647.6537583,2026-03-30T17:30:47.653758,138.20331249999998,104.35,33.8533125,3.2017857142857147,1,1
1774884649.177777,2026-03-30T17:30:49.177777,136.93775,103.07,33.86775,3.2214285714285715,1,1
1774884650.6597362,2026-03-30T17:30:50.659736,137.6873125,103.75,33.9373125,3.3160714285714286,1,1
1774884652.160428,2026-03-30T17:30:52.160428,137.6,103.58,34.019999999999996,3.4285714285714284,1,1
1774884653.7287767,2026-03-30T17:30:53.728777,138.2164375,102.46000000000001,35.756437500000004,5.791071428571429,0,1
1774884658.2990224,2026-03-30T17:30:58.299022,138.0818125,104.26,33.8218125,3.1589285714285715,1,1
1774884659.790016,2026-03-30T17:30:59.790016,136.8758125,102.97,33.905812499999996,3.273214285714286,1,1
1774884661.2945132,2026-03-30T17:31:01.294513,136.48375,102.7,33.78375,3.107142857142857,1,1
1774884662.8463774,2026-03-30T17:31:02.846377,137.04399999999998,103.57,33.474000000000004,2.685714285714286,1,1
1774884664.3566334,2026-03-30T17:31:04.356633,137.3848125,103.29,34.0948125,3.5303571428571425,0,1
1774884665.9723344,2026-03-30T17:31:05.972334,136.4396875,102.61,33.8296875,3.169642857142857,1,1
1774884667.4676063,2026-03-30T17:31:07.467606,138.6544375,102.52,36.1344375,6.305357142857143,1,1
1774884669.309432,2026-03-30T17:31:09.309432,137.042,103.19,33.852,3.1999999999999997,1,1
1774884670.8309116,2026-03-30T17:31:10.830912,141.71875,105.72999999999999,35.988749999999996,6.107142857142857,1,1
1774884672.5418737,2026-03-30T17:31:12.541874,137.2720625,103.55,33.7220625,3.023214285714286,1,1
1774884674.0587265,2026-03-30T17:31:14.058727,137.4035,103.94,33.463499999999996,2.6714285714285713,1,1
1774884675.5938547,2026-03-30T17:31:15.593855,137.399,103.19,34.209,3.685714285714286,1,1
1774884677.0949376,2026-03-30T17:31:17.094938,138.03175,103.87,34.16175,3.6214285714285714,1,1
1774884678.5823112,2026-03-30T17:31:18.582311,136.88718749999998,102.69,34.1971875,3.669642857142857,0,1
1774884680.2227116,2026-03-30T17:31:20.222712,136.8116875,103.78,33.0316875,2.0839285714285714,1,1
1774884681.765416,2026-03-30T17:31:21.765416,148.1051875,102.39999999999999,45.7051875,19.326785714285712,0,1
1774884683.5928516,2026-03-30T17:31:23.592852,137.69468750000001,103.76,33.9346875,3.3125,1,1
1774884685.0774164,2026-03-30T17:31:25.077416,140.42893750000002,103.78,36.6489375,7.005357142857143,1,1
1774884686.7281303,2026-03-30T17:31:26.728130,137.399125,103.87,33.529125,2.7607142857142857,1,1
1774884688.258559,2026-03-30T17:31:28.258559,138.09606250000002,103.87,34.2260625,3.7089285714285714,1,1
1774884689.738245,2026-03-30T17:31:29.738245,138.2055,103.86,34.3455,3.8714285714285714,1,1
1774884691.234377,2026-03-30T17:31:31.234377,137.483,103.19,34.293,3.8000000000000003,1,1
1774884692.7245104,2026-03-30T17:31:32.724510,137.66637500000002,103.67,33.996375,3.3964285714285714,1,1
1774884694.2656112,2026-03-30T17:31:34.265611,137.3384375,103.85,33.4884375,2.705357142857143,1,1
1774884695.7553,2026-03-30T17:31:35.755300,148.002625,103.06,44.942625,18.289285714285715,0,1
1774884697.3510406,2026-03-30T17:31:37.351041,137.5345625,103.97,33.5645625,2.8089285714285714,1,1
1774884698.8371253,2026-03-30T17:31:38.837125,140.6063125,104.59,36.0163125,6.144642857142857,1,1
1774884700.5517638,2026-03-30T17:31:40.551764,139.2694375,105.34,33.9294375,3.305357142857143,1,1
1774884702.107429,2026-03-30T17:31:42.107429,137.3044375,103.48,33.8244375,3.1625,1,1
1774884703.6337376,2026-03-30T17:31:43.633738,137.57581249999998,103.88,33.6958125,2.9875000000000003,1,1
1774884705.1235065,2026-03-30T17:31:45.123507,136.57943749999998,103.28,33.299437499999996,2.4482142857142857,1,1
1774884706.6399312,2026-03-30T17:31:46.639931,147.637625,103.85,43.787625000000006,16.717857142857145,0,1
1774884708.3131888,2026-03-30T17:31:48.313189,137.42568749999998,103.67999999999999,33.7456875,3.055357142857143,1,1
1774884709.8596108,2026-03-30T17:31:49.859611,149.1025625,102.98,46.1225625,19.894642857142856,0,1
1774884711.749612,2026-03-30T17:31:51.749612,138.26524999999998,104.66,33.60525,2.8642857142857143,1,1
1774884713.2459004,2026-03-30T17:31:53.245900,143.9430625,103.69,40.2530625,11.908928571428572,1,1
1774884715.0308354,2026-03-30T17:31:55.030835,136.9734375,103.38,33.5934375,2.8482142857142856,1,1
1774884716.549271,2026-03-30T17:31:56.549271,137.3996875,103.57000000000001,33.8296875,3.169642857142857,1,1
1774884718.045953,2026-03-30T17:31:58.045953,136.7444375,102.71,34.0344375,3.4482142857142857,0,1
1774884719.5777571,2026-03-30T17:31:59.577757,139.0830625,105.34,33.7430625,3.0517857142857143,1,1
1774884721.0992835,2026-03-30T17:32:01.099283,139.2895,104.44,34.8495,4.557142857142858,0,1
1774884722.8016176,2026-03-30T17:32:02.801618,137.46775,103.39,34.07775,3.507142857142857,1,1
1774884724.3109813,2026-03-30T17:32:04.310981,148.7014375,104.64999999999999,44.0514375,17.076785714285712,1,1
1774884726.0717611,2026-03-30T17:32:06.071761,136.671125,103.1,33.571125,2.817857142857143,1,1
1774884727.5684316,2026-03-30T17:32:07.568432,137.088875,103.46,33.628875,2.8964285714285714,1,1
1774884729.058364,2026-03-30T17:32:09.058364,137.12231250000002,103.29,33.8323125,3.1732142857142853,1,1
1774884730.5604165,2026-03-30T17:32:10.560416,137.447875,103.84,33.607875,2.867857142857143,1,1
1774884732.0978343,2026-03-30T17:32:12.097834,152.1124375,105.52,46.5924375,20.53392857142857,0,1
1774884733.7042477,2026-03-30T17:32:13.704248,137.38975,103.48,33.90975,3.2785714285714285,1,1
1774884735.1945953,2026-03-30T17:32:15.194595,139.9238125,103.75,36.1738125,6.358928571428572,1,1
1774884736.84867,2026-03-30T17:32:16.848670,136.9046875,103.17999999999999,33.7246875,3.0267857142857144,1,1
1774884738.3671951,2026-03-30T17:32:18.367195,137.3970625,103.78,33.6170625,2.880357142857143,1,1
1774884739.8694932,2026-03-30T17:32:19.869493,137.0675,103.1,33.9675,3.357142857142857,1,1
1774884741.3674426,2026-03-30T17:32:21.367443,137.6415,103.59,34.0515,3.4714285714285715,1,1
1774884742.8811107,2026-03-30T17:32:22.881111,135.7434375,101.73,34.0134375,3.419642857142857,0,1
1774884744.462916,2026-03-30T17:32:24.462916,136.9291875,102.9,34.0291875,3.4410714285714286,1,1
1774884745.9527216,2026-03-30T17:32:25.952722,139.4923125,103.56,35.9323125,6.0303571428571425,1,1
1774884747.8225403,2026-03-30T17:32:27.822540,137.62618750000001,103.87,33.7561875,3.069642857142857,1,1
1774884749.399812,2026-03-30T17:32:29.399812,137.9504375,103.58,34.3704375,3.9053571428571425,1,1
1774884751.1607964,2026-03-30T17:32:31.160796,137.3610625,103.45,33.9110625,3.2803571428571425,1,1
1774884752.6657329,2026-03-30T17:32:32.665733,137.3120625,103.59,33.7220625,3.023214285714286,1,1
1774884754.187524,2026-03-30T17:32:34.187524,137.5870625,103.97,33.6170625,2.880357142857143,1,1
1774884755.681084,2026-03-30T17:32:35.681084,137.087625,103.38,33.707625,3.0035714285714286,1,1
1774884757.2168734,2026-03-30T17:32:37.216873,139.25125,103.0,36.25125,6.464285714285714,0,1
1774884761.6124308,2026-03-30T17:32:41.612431,137.62025,103.7,33.92025,3.292857142857143,1,1
1774884763.1822457,2026-03-30T17:32:43.182246,137.240875,103.57,33.670875,2.9535714285714287,1,1
1774884764.6643696,2026-03-30T17:32:44.664370,138.8849375,105.05,33.8349375,3.1767857142857143,1,1
1774884766.179366,2026-03-30T17:32:46.179366,137.75525,103.94,33.81525,3.15,1,1
1774884767.676089,2026-03-30T17:32:47.676089,136.8825,102.6,34.2825,3.7857142857142856,0,1
1774884769.272348,2026-03-30T17:32:49.272348,137.6060625,103.59,34.0160625,3.4232142857142853,1,1
1774884770.752797,2026-03-30T17:32:50.752797,139.5511875,103.38,36.1711875,6.355357142857143,1,1
1774884772.6049569,2026-03-30T17:32:52.604957,137.946125,104.27,33.676125,2.960714285714286,1,1
1774884774.1023118,2026-03-30T17:32:54.102312,140.2596875,104.54,35.7196875,5.741071428571429,1,1
1774884775.8059802,2026-03-30T17:32:55.805980,137.5459375,103.48,34.0659375,3.4910714285714284,1,1
1774884777.307888,2026-03-30T17:32:57.307888,136.95875,103.49000000000001,33.46875,2.6785714285714284,1,1
1774884778.7968829,2026-03-30T17:32:58.796883,137.6768125,104.17,33.5068125,2.730357142857143,1,1
1774884780.2936761,2026-03-30T17:33:00.293676,136.95693749999998,103.08,33.8769375,3.2339285714285713,1,1
1774884781.8321476,2026-03-30T17:33:01.832148,138.46875,102.69,35.77875,5.821428571428571,0,1
1774884786.3705833,2026-03-30T17:33:06.370583,137.9431875,104.25,33.6931875,2.9839285714285713,1,1
1774884787.8728223,2026-03-30T17:33:07.872822,136.7545625,103.19,33.5645625,2.8089285714285714,1,1
1774884789.3609269,2026-03-30T17:33:09.360927,137.3113125,103.29,34.0213125,3.430357142857143,1,1
1774884790.85671,2026-03-30T17:33:10.856710,137.39499999999998,103.69,33.705,3.0,1,1
1774884792.340846,2026-03-30T17:33:12.340846,150.13275,103.56,46.57275,20.50714285714286,0,1
1774884794.0360096,2026-03-30T17:33:14.036010,137.497875,103.67999999999999,33.817875,3.1535714285714285,1,1
1774884795.5226073,2026-03-30T17:33:15.522607,139.9955625,103.47,36.5255625,6.8374999999999995,1,1
1774884797.4509432,2026-03-30T17:33:17.450943,137.246125,103.36,33.886125,3.2464285714285714,1,1
1774884798.9766726,2026-03-30T17:33:18.976673,139.0605625,103.69,35.3705625,5.266071428571428,1,1
1774884800.718338,2026-03-30T17:33:20.718338,139.327875,105.93,33.397875,2.582142857142857,1,1
1774884802.210679,2026-03-30T17:33:22.210679,139.3565,105.62,33.7365,3.042857142857143,1,1
1774884803.6969156,2026-03-30T17:33:23.696916,137.7584375,104.06,33.6984375,2.9910714285714284,1,1
1774884805.193799,2026-03-30T17:33:25.193799,138.78887500000002,104.74000000000001,34.048875,3.4678571428571425,1,1
1774884806.7142084,2026-03-30T17:33:26.714208,137.9491875,104.55,33.3991875,2.5839285714285714,0,1
1774884808.3023243,2026-03-30T17:33:28.302324,136.912375,103.0,33.912375,3.2821428571428575,1,1
1774884809.8361647,2026-03-30T17:33:29.836165,148.8916875,102.21,46.6816875,20.655357142857145,0,1
1774884811.656785,2026-03-30T17:33:31.656785,137.3459375,103.49,33.8559375,3.205357142857143,1,1
1774884813.1410496,2026-03-30T17:33:33.141050,139.76925,103.14,36.62925,6.978571428571429,1,1
1774884814.9805207,2026-03-30T17:33:34.980521,138.15356250000002,103.98,34.1735625,3.6374999999999997,1,1
1774884816.5017388,2026-03-30T17:33:36.501739,140.1256875,103.64999999999999,36.4756875,6.769642857142857,1,1
1774884818.287719,2026-03-30T17:33:38.287719,137.44231249999999,103.39999999999999,34.0423125,3.4589285714285714,1,1
1774884819.7784474,2026-03-30T17:33:39.778447,137.19400000000002,103.09,34.104,3.542857142857143,1,1
1774884821.269589,2026-03-30T17:33:41.269589,137.997625,103.87,34.127625,3.5749999999999997,0,1
1774884822.8119767,2026-03-30T17:33:42.811977,139.226125,105.34,33.886125,3.2464285714285714,1,1
1774884824.3316882,2026-03-30T17:33:44.331688,148.3104375,103.65,44.6604375,17.905357142857145,0,1
1774884825.9143515,2026-03-30T17:33:45.914351,137.5196875,103.48,34.0396875,3.455357142857143,1,1
1774884827.4515831,2026-03-30T17:33:47.451583,139.79525,103.67,36.12525,6.292857142857143,1,1
1774884829.2509022,2026-03-30T17:33:49.250902,138.31762500000002,103.98,34.337625,3.8607142857142853,1,1
1774884830.821512,2026-03-30T17:33:50.821512,142.42793749999998,106.22,36.2079375,6.4053571428571425,1,1
1774884832.5892534,2026-03-30T17:33:52.589253,137.62731250000002,103.48,34.1473125,3.601785714285714,1,1
1774884834.1151319,2026-03-30T17:33:54.115132,136.650375,102.99,33.660375,2.939285714285714,1,1
1774884835.587274,2026-03-30T17:33:55.587274,136.897875,103.08,33.817875,3.1535714285714285,1,1
1774884837.073598,2026-03-30T17:33:57.073598,138.3065,104.36,33.9465,3.3285714285714287,1,1
1774884838.5648077,2026-03-30T17:33:58.564808,135.295375,101.53,33.765375,3.082142857142857,0,1
1774884840.133448,2026-03-30T17:34:00.133448,136.8831875,103.19,33.6931875,2.9839285714285713,1,1
1774884841.682338,2026-03-30T17:34:01.682338,148.5828125,101.93,46.652812499999996,20.616071428571427,0,1
1774884843.5170968,2026-03-30T17:34:03.517097,138.366375,104.16,34.206375,3.682142857142857,1,1
1774884845.0083675,2026-03-30T17:34:05.008368,138.66825,102.69,35.97825,6.0928571428571425,1,1
1774884846.795813,2026-03-30T17:34:06.795813,138.0004375,104.47,33.5304375,2.7624999999999997,1,1
1774884848.3609037,2026-03-30T17:34:08.360904,150.4655,104.36,46.1055,19.87142857142857,1,1
1774884850.2531722,2026-03-30T17:34:10.253172,138.84775000000002,104.56,34.28775,3.792857142857143,1,1
1774884851.7773707,2026-03-30T17:34:11.777371,136.877625,103.17,33.707625,3.0035714285714286,1,1
1774884853.2859213,2026-03-30T17:34:13.285921,137.436375,103.86,33.576375,2.8249999999999997,1,1
1774884854.7800412,2026-03-30T17:34:14.780041,137.6531875,103.75,33.9031875,3.269642857142857,1,1
1774884856.2920454,2026-03-30T17:34:16.292045,138.5319375,104.55,33.9819375,3.376785714285714,0,1
1774884857.8669202,2026-03-30T17:34:17.866920,139.4059375,105.34,34.0659375,3.4910714285714284,1,1
1774884859.4082322,2026-03-30T17:34:19.408232,147.92112500000002,102.59,45.331125,18.817857142857143,0,1
1774884861.247754,2026-03-30T17:34:21.247754,138.2769375,103.98,34.2969375,3.805357142857143,1,1
1774884862.788986,2026-03-30T17:34:22.788986,137.7000625,101.92,35.7800625,5.823214285714286,1,1
1774884864.5968866,2026-03-30T17:34:24.596887,136.038625,102.73,33.308625,2.460714285714286,1,1
1774884866.107621,2026-03-30T17:34:26.107621,138.46175,103.04,35.42175,5.335714285714286,1,1
1774884867.9338462,2026-03-30T17:34:27.933846,137.79625,104.17,33.62625,2.892857142857143,1,1
1774884869.4249165,2026-03-30T17:34:29.424917,138.0125625,103.65,34.3625625,3.894642857142857,1,1
1774884871.1450791,2026-03-30T17:34:31.145079,137.8094375,103.88,33.9294375,3.305357142857143,1,1
1774884872.6742916,2026-03-30T17:34:32.674292,139.8285,105.63,34.1985,3.6714285714285713,1,1
1774884874.1170564,2026-03-30T17:34:34.117056,137.108875,103.27,33.838875,3.182142857142857,1,1
1774884875.6658912,2026-03-30T17:34:35.665891,138.5471875,104.35,34.1971875,3.669642857142857,1,1
1774884877.2172108,2026-03-30T17:34:37.217211,138.9090625,103.57,35.3390625,5.223214285714286,0,1
1774884881.5869038,2026-03-30T17:34:41.586904,137.3158125,103.2,34.1158125,3.5589285714285714,1,1
1774884883.1441321,2026-03-30T17:34:43.144132,137.5534375,103.96,33.5934375,2.8482142857142856,1,1
1774884884.6599157,2026-03-30T17:34:44.659916,137.3406875,103.49000000000001,33.8506875,3.1982142857142857,1,1
1774884886.1609564,2026-03-30T17:34:46.160956,137.4448125,103.98,33.4648125,2.6732142857142853,1,1
1774884887.6432755,2026-03-30T17:34:47.643275,147.3870625,103.06,44.3270625,17.451785714285712,0,1
1774884889.2641356,2026-03-30T17:34:49.264136,136.53775000000002,103.09,33.44775,2.65,1,1
1774884890.7557275,2026-03-30T17:34:50.755728,139.27575,103.77,35.50575,5.45,1,1
1774884892.4144504,2026-03-30T17:34:52.414450,137.5156875,103.56,33.9556875,3.3410714285714285,1,1
1774884893.9102352,2026-03-30T17:34:53.910235,137.361625,103.57,33.791625,3.117857142857143,1,1
1774884895.424138,2026-03-30T17:34:55.424138,136.4921875,102.82000000000001,33.6721875,2.955357142857143,1,1
1774884896.9953563,2026-03-30T17:34:56.995356,136.817875,103.21,33.607875,2.867857142857143,1,1
1774884898.4851143,2026-03-30T17:34:58.485114,147.9779375,103.58,44.3979375,17.548214285714288,0,1
1774884900.1396177,2026-03-30T17:35:00.139618,136.68843750000002,103.2,33.4884375,2.705357142857143,1,1
1774884901.65279,2026-03-30T17:35:01.652790,138.7134375,102.6,36.1134375,6.276785714285714,1,1
1774884903.296264,2026-03-30T17:35:03.296264,137.0535625,103.51,33.5435625,2.7803571428571425,1,1
1774884904.8493052,2026-03-30T17:35:04.849305,137.13318750000002,102.81,34.3231875,3.8410714285714285,1,1
1774884906.2967196,2026-03-30T17:35:06.296720,137.59525,103.78,33.81525,3.15,1,1
1774884907.7933488,2026-03-30T17:35:07.793349,137.41287499999999,103.49,33.922875,3.2964285714285713,1,1
1774884909.31215,2026-03-30T17:35:09.312150,138.0245625,102.36,35.6645625,5.666071428571429,0,1
1774884913.8091774,2026-03-30T17:35:13.809177,137.3911875,103.11,34.2811875,3.7839285714285715,1,1
1774884915.327209,2026-03-30T17:35:15.327209,139.20625,104.95,34.25625,3.75,1,1
1774884916.7812486,2026-03-30T17:35:16.781249,138.15275,103.76,34.39275,3.935714285714286,1,1
1774884918.2812054,2026-03-30T17:35:18.281205,136.9994375,103.28,33.7194375,3.019642857142857,1,1
1774884919.767359,2026-03-30T17:35:19.767359,136.2825,102.42,33.8625,3.2142857142857144,0,1
1774884921.3577595,2026-03-30T17:35:21.357759,137.5325,103.88,33.6525,2.9285714285714284,1,1
1774884922.8786187,2026-03-30T17:35:22.878619,147.986625,102.12,45.866625,19.54642857142857,0,1
1774884924.7214227,2026-03-30T17:35:24.721423,137.19287500000002,103.48,33.712875,3.0107142857142857,1,1
1774884926.2072058,2026-03-30T17:35:26.207206,138.90175,102.85,36.05175,6.192857142857143,1,1
1774884928.065209,2026-03-30T17:35:28.065209,137.48456249999998,103.08,34.4045625,3.9517857142857147,1,1
1774884929.5566177,2026-03-30T17:35:29.556618,138.8714375,103.22,35.6514375,5.648214285714286,1,1
1774884931.362106,2026-03-30T17:35:31.362106,137.579,103.58,33.999,3.4,1,1
1774884932.8574436,2026-03-30T17:35:32.857444,136.508625,102.99,33.518625,2.7464285714285714,1,1
1774884934.3479548,2026-03-30T17:35:34.347955,137.356375,103.78,33.576375,2.8249999999999997,1,1
1774884935.8427875,2026-03-30T17:35:35.842788,137.4459375,103.59,33.8559375,3.205357142857143,1,1
1774884937.3326414,2026-03-30T17:35:37.332641,138.488625,103.08,35.408625,5.317857142857143,0,1
1774884938.9700913,2026-03-30T17:35:38.970091,138.0970625,104.27,33.8270625,3.1660714285714286,1,1
1774884940.4783192,2026-03-30T17:35:40.478319,138.7395625,103.39,35.3495625,5.2375,1,1
1774884942.256376,2026-03-30T17:35:42.256376,136.98525,103.38,33.60525,2.8642857142857143,1,1
1774884943.7446957,2026-03-30T17:35:43.744696,136.87787500000002,103.06,33.817875,3.1535714285714285,1,1
1774884945.227842,2026-03-30T17:35:45.227842,137.7686875,104.17,33.5986875,2.855357142857143,1,1
1774884946.751612,2026-03-30T17:35:46.751612,137.7794375,104.06,33.7194375,3.019642857142857,1,1
1774884948.2671814,2026-03-30T17:35:48.267181,150.62675000000002,103.55,47.076750000000004,21.192857142857143,0,1
1774884949.9432974,2026-03-30T17:35:49.943297,139.6009375,105.22,34.3809375,3.919642857142857,1,1
1774884951.4351487,2026-03-30T17:35:51.435149,138.4191875,102.71,35.7091875,5.726785714285714,0,1
1774884953.11806,2026-03-30T17:35:53.118060,136.4955,102.99000000000001,33.5055,2.7285714285714286,1,1
1774884954.6079283,2026-03-30T17:35:54.607928,139.2903125,103.4,35.8903125,5.973214285714286,1,1
1774884956.5744874,2026-03-30T17:35:56.574487,137.3006875,103.87,33.4306875,2.626785714285714,1,1
1774884958.1875792,2026-03-30T17:35:58.187579,138.354125,102.2,36.154125,6.332142857142857,1,1
1774884959.9692185,2026-03-30T17:35:59.969218,139.390125,105.42,33.970125,3.3607142857142853,1,1
1774884961.482241,2026-03-30T17:36:01.482241,139.95943749999998,104.35,35.6094375,5.591071428571429,1,1
1774884963.3188398,2026-03-30T17:36:03.318840,137.77525,104.17,33.60525,2.8642857142857143,1,1
1774884964.8570592,2026-03-30T17:36:04.857059,137.910125,103.94,33.970125,3.3607142857142853,1,1
1774884966.3512459,2026-03-30T17:36:06.351246,137.26274999999998,103.71,33.55275,2.792857142857143,1,1
1774884967.8933175,2026-03-30T17:36:07.893317,137.2848125,103.19,34.0948125,3.5303571428571425,1,1
1774884969.3854969,2026-03-30T17:36:09.385497,136.7509375,102.78999999999999,33.9609375,3.3482142857142856,0,1
1774884970.9609244,2026-03-30T17:36:10.960924,137.37875,103.28,34.09875,3.5357142857142856,1,1
1774884972.4923828,2026-03-30T17:36:12.492383,148.6721875,102.82000000000001,45.8521875,19.526785714285715,0,1
1774884974.3577235,2026-03-30T17:36:14.357723,137.2920625,103.57,33.7220625,3.023214285714286,1,1
1774884975.8427444,2026-03-30T17:36:15.842744,139.2745625,102.97999999999999,36.2945625,6.523214285714286,1,1
1774884977.624704,2026-03-30T17:36:17.624704,137.3181875,103.1,34.2181875,3.6982142857142857,1,1
1774884979.124757,2026-03-30T17:36:19.124757,139.10000000000002,103.4,35.7,5.714285714285714,1,1
1774884980.9072697,2026-03-30T17:36:20.907270,137.0170625,103.19,33.8270625,3.1660714285714286,1,1
1774884982.4087195,2026-03-30T17:36:22.408720,137.1721875,103.5,33.6721875,2.955357142857143,1,1
1774884983.8991685,2026-03-30T17:36:23.899168,136.1456875,102.61,33.5356875,2.769642857142857,1,1
1774884985.398349,2026-03-30T17:36:25.398349,138.19912499999998,104.46,33.739125,3.0464285714285713,1,1
1774884986.9086666,2026-03-30T17:36:26.908667,135.77275,102.01,33.76275,3.0785714285714287,0,1
1774884988.533122,2026-03-30T17:36:28.533122,137.5650625,103.57,33.9950625,3.394642857142857,1,1
1774884990.0207057,2026-03-30T17:36:30.020706,137.98418750000002,102.59,35.3941875,5.298214285714286,1,1
1774884991.850492,2026-03-30T17:36:31.850492,136.4365,102.7,33.7365,3.042857142857143,1,1
1774884993.3870878,2026-03-30T17:36:33.387088,140.36475000000002,104.25,36.11475,6.278571428571429,1,1
1774884995.0865178,2026-03-30T17:36:35.086518,139.34799999999998,104.74,34.608,4.228571428571429,1,1
1774884996.6205425,2026-03-30T17:36:36.620543,138.102625,103.87,34.232625,3.7178571428571425,1,1
1774884998.0888107,2026-03-30T17:36:38.088811,139.3823125,105.34,34.0423125,3.4589285714285714,1,1
1774884999.576431,2026-03-30T17:36:39.576431,137.5931875,103.48,34.1131875,3.555357142857143,1,1
1774885001.1004963,2026-03-30T17:36:41.100496,149.986625,104.53999999999999,45.446625,18.974999999999998,0,1
1774885002.7243366,2026-03-30T17:36:42.724337,137.1698125,103.39,33.7798125,3.101785714285714,1,1
1774885004.2430975,2026-03-30T17:36:44.243098,139.0150625,102.5,36.5150625,6.823214285714286,1,1
1774885006.1351533,2026-03-30T17:36:46.135153,137.37843750000002,103.68,33.6984375,2.9910714285714284,1,1
1774885007.6265724,2026-03-30T17:36:47.626572,147.8633125,103.09,44.7733125,18.05892857142857,1,1
1774885009.4252656,2026-03-30T17:36:49.425266,137.545125,103.68,33.865125,3.2178571428571425,1,1
1774885010.9382136,2026-03-30T17:36:50.938214,138.655125,104.16,34.495125,4.075,1,1
1774885012.4032137,2026-03-30T17:36:52.403214,137.8243125,104.16,33.6643125,2.944642857142857,1,1
1774885013.8999572,2026-03-30T17:36:53.899957,138.125375,104.36,33.765375,3.082142857142857,1,1
1774885015.4126573,2026-03-30T17:36:55.412657,136.76218749999998,102.88,33.8821875,3.2410714285714284,0,1
1774885016.9886343,2026-03-30T17:36:56.988634,137.565375,103.38,34.185375,3.6535714285714285,1,1
1774885018.519289,2026-03-30T17:36:58.519289,135.58775,101.50999999999999,34.07775,3.507142857142857,0,1
1774885020.1738296,2026-03-30T17:37:00.173830,136.8993125,102.71000000000001,34.1893125,3.6589285714285715,1,1
1774885021.6591825,2026-03-30T17:37:01.659183,138.78375,102.48,36.30375,6.535714285714286,1,1
1774885023.5361538,2026-03-30T17:37:03.536154,137.581125,103.59,33.991125,3.3892857142857147,1,1
1774885025.136451,2026-03-30T17:37:05.136451,140.649,104.55,36.099000000000004,6.257142857142857,1,1
1774885026.946547,2026-03-30T17:37:06.946547,137.88887499999998,104.05,33.838875,3.182142857142857,1,1
1774885028.4646642,2026-03-30T17:37:08.464664,136.79081250000002,103.2,33.5908125,2.8446428571428575,1,1
1774885029.9815423,2026-03-30T17:37:09.981542,137.0569375,103.39,33.6669375,2.9482142857142857,1,1
1774885031.5191019,2026-03-30T17:37:11.519102,137.27525,103.67,33.60525,2.8642857142857143,1,1
1774885033.0565116,2026-03-30T17:37:13.056512,136.397625,102.69,33.707625,3.0035714285714286,0,1
1774885034.6367047,2026-03-30T17:37:14.636705,137.364375,103.2,34.164375,3.625,1,1
1774885036.150948,2026-03-30T17:37:16.150948,149.0643125,102.38,46.684312500000004,20.65892857142857,0,1
1774885037.9933217,2026-03-30T17:37:17.993322,137.1349375,103.09,34.0449375,3.4625,1,1
1774885039.5145376,2026-03-30T17:37:19.514538,137.8411875,102.09,35.7511875,5.783928571428571,1,1
1774885041.4333463,2026-03-30T17:37:21.433346,138.19650000000001,104.25,33.9465,3.3285714285714287,1,1
1774885042.9251342,2026-03-30T17:37:22.925134,137.71756249999999,103.67,34.0475625,3.4660714285714285,1,1
1774885044.6612604,2026-03-30T17:37:24.661260,138.389,104.18,34.209,3.685714285714286,1,1
1774885046.1744297,2026-03-30T17:37:26.174430,138.06481250000002,104.18,33.8848125,3.244642857142857,1,1
1774885047.6387844,2026-03-30T17:37:27.638784,137.4894375,103.77,33.7194375,3.019642857142857,1,1
1774885049.1333876,2026-03-30T17:37:29.133388,138.7273125,104.37,34.3573125,3.8874999999999997,1,1
1774885050.656054,2026-03-30T17:37:30.656054,150.036125,102.5,47.536125,21.817857142857143,0,1
1774885052.2207527,2026-03-30T17:37:32.220753,137.3346875,103.19,34.1446875,3.5982142857142856,1,1
1774885053.7138107,2026-03-30T17:37:33.713811,138.42974999999998,102.21,36.21975,6.421428571428572,1,1
1774885055.6015258,2026-03-30T17:37:35.601526,138.95525,105.14,33.81525,3.15,1,1
1774885057.096478,2026-03-30T17:37:37.096478,139.45875,103.47,35.988749999999996,6.107142857142857,1,1
1774885058.848071,2026-03-30T17:37:38.848071,137.4480625,103.39,34.0580625,3.480357142857143,1,1
1774885060.3778925,2026-03-30T17:37:40.377892,137.0383125,103.28999999999999,33.7483125,3.0589285714285714,1,1
1774885061.883609,2026-03-30T17:37:41.883609,137.955375,103.77,34.185375,3.6535714285714285,1,1
1774885063.4547155,2026-03-30T17:37:43.454715,139.2423125,105.41,33.8323125,3.1732142857142853,1,1
1774885065.0227132,2026-03-30T17:37:45.022713,136.2385625,102.59,33.6485625,2.9232142857142853,0,1
1774885066.5928223,2026-03-30T17:37:46.592822,137.4521875,103.36,34.0921875,3.5267857142857144,1,1
1774885068.1053903,2026-03-30T17:37:48.105390,138.50799999999998,101.8,36.708,7.085714285714286,1,1
1774885069.8961444,2026-03-30T17:37:49.896144,137.4660625,103.66,33.8060625,3.1374999999999997,1,1
1774885071.4186857,2026-03-30T17:37:51.418686,138.82637499999998,103.57,35.256375,5.110714285714286,1,1
1774885073.22654,2026-03-30T17:37:53.226540,138.54399999999998,104.44,34.104,3.542857142857143,1,1
1774885074.757514,2026-03-30T17:37:54.757514,137.19625000000002,103.57000000000001,33.62625,2.892857142857143,1,1
1774885076.2689388,2026-03-30T17:37:56.268939,137.63775,103.56,34.07775,3.507142857142857,1,1
1774885077.764429,2026-03-30T17:37:57.764429,136.7133125,103.28,33.4333125,2.630357142857143,1,1
1774885079.2949417,2026-03-30T17:37:59.294942,136.201625,102.2,34.001625,3.4035714285714285,0,1
1774885080.8787696,2026-03-30T17:38:00.878770,137.8920625,103.96,33.9320625,3.3089285714285714,1,1
1774885082.370097,2026-03-30T17:38:02.370097,138.4798125,102.39,36.0898125,6.244642857142857,1,1
1774885084.2147713,2026-03-30T17:38:04.214771,139.36125,105.84,33.52125,2.75,1,1
1774885085.7667606,2026-03-30T17:38:05.766761,142.5481875,106.02000000000001,36.5281875,6.841071428571429,1,1
1774885087.7003014,2026-03-30T17:38:07.700301,137.3106875,103.67,33.6406875,2.9125,1,1
1774885089.2254272,2026-03-30T17:38:09.225427,140.904,105.54,35.364000000000004,5.257142857142858,1,1
1774885091.119163,2026-03-30T17:38:11.119163,138.71025,104.58,34.130250000000004,3.5785714285714287,1,1
1774885092.6107767,2026-03-30T17:38:12.610777,137.6373125,103.28,34.3573125,3.8874999999999997,1,1
1774885094.1269553,2026-03-30T17:38:14.126955,137.29443750000002,103.47,33.8244375,3.1625,1,1
1774885095.6256106,2026-03-30T17:38:15.625611,137.884125,104.04,33.844125,3.189285714285714,1,1
1774885097.1131022,2026-03-30T17:38:17.113102,136.8055,102.88,33.9255,3.3000000000000003,0,1
1774885098.7026942,2026-03-30T17:38:18.702694,137.862875,104.15,33.712875,3.0107142857142857,1,1
1774885100.1869452,2026-03-30T17:38:20.186945,140.00956250000002,103.61,36.3995625,6.666071428571429,1,1
1774885101.7878518,2026-03-30T17:38:21.787852,136.5744375,103.38,33.1944375,2.305357142857143,1,1
1774885103.309594,2026-03-30T17:38:23.309594,137.23537499999998,103.67999999999999,33.555375,2.7964285714285713,1,1
1774885104.8001933,2026-03-30T17:38:24.800193,137.471375,103.58,33.891375,3.2535714285714286,0,1
1774885106.3018262,2026-03-30T17:38:26.301826,137.41287499999999,103.49,33.922875,3.2964285714285713,1,1
1774885107.8189735,2026-03-30T17:38:27.818974,149.4568125,102.51,46.9468125,21.01607142857143,0,1
1774885109.637729,2026-03-30T17:38:29.637729,137.5805625,103.68,33.9005625,3.2660714285714287,1,1
1774885111.1528375,2026-03-30T17:38:31.152838,140.016,103.77,36.246,6.457142857142857,1,1
1774885112.8173132,2026-03-30T17:38:32.817313,137.16956249999998,103.5,33.6695625,2.9517857142857147,1,1
1774885114.315716,2026-03-30T17:38:34.315716,139.7893125,103.5,36.2893125,6.516071428571428,1,1
1774885115.7387311,2026-03-30T17:38:35.738731,137.46375,103.89,33.57375,2.8214285714285716,1,1
1774885117.2411888,2026-03-30T17:38:37.241189,137.47537499999999,103.28999999999999,34.185375,3.6535714285714285,1,1
1774885118.7992272,2026-03-30T17:38:38.799227,139.3719375,103.5,35.8719375,5.948214285714286,0,1
1774885123.276726,2026-03-30T17:38:43.276726,140.022375,106.32,33.702375,2.9964285714285714,1,1
1774885124.7735775,2026-03-30T17:38:44.773577,136.4619375,102.69,33.7719375,3.0910714285714285,1,1
1774885126.313425,2026-03-30T17:38:46.313425,137.7505625,104.27,33.4805625,2.694642857142857,1,1
1774885127.8011234,2026-03-30T17:38:47.801123,137.0006875,103.36,33.6406875,2.9125,1,1
1774885129.3082533,2026-03-30T17:38:49.308253,136.313625,102.69,33.623625000000004,2.8892857142857147,0,1
1774885130.857513,2026-03-30T17:38:50.857513,137.27775,103.2,34.07775,3.507142857142857,1,1
1774885132.3551307,2026-03-30T17:38:52.355131,139.8574375,102.82000000000001,37.037437499999996,7.533928571428571,1,1
1774885134.2549224,2026-03-30T17:38:54.254922,137.8033125,103.95,33.8533125,3.2017857142857147,1,1
1774885135.7757008,2026-03-30T17:38:55.775701,137.8180625,103.97,33.8480625,3.194642857142857,1,1
1774885137.5610611,2026-03-30T17:38:57.561061,137.6130625,103.87,33.7430625,3.0517857142857143,1,1
1774885139.072123,2026-03-30T17:38:59.072123,137.0223125,102.98,34.0423125,3.4589285714285714,1,1
1774885140.5545182,2026-03-30T17:39:00.554518,137.6865,103.95,33.7365,3.042857142857143,1,1
1774885142.089532,2026-03-30T17:39:02.089532,139.3919375,105.62,33.7719375,3.0910714285714285,1,1
1774885143.5985222,2026-03-30T17:39:03.598522,138.89293750000002,103.0,35.8929375,5.976785714285714,0,1
1774885148.0593507,2026-03-30T17:39:08.059351,137.974,103.87,34.104,3.542857142857143,1,1
1774885149.559395,2026-03-30T17:39:09.559395,137.2020625,103.27,33.9320625,3.3089285714285714,1,1
1774885151.0399466,2026-03-30T17:39:11.039947,136.9421875,103.48,33.4621875,2.669642857142857,1,1
1774885152.5651464,2026-03-30T17:39:12.565146,138.408625,104.47,33.938625,3.317857142857143,1,1
1774885154.080889,2026-03-30T17:39:14.080889,135.2709375,101.52000000000001,33.7509375,3.0625,0,1
1774885155.6935706,2026-03-30T17:39:15.693571,137.43775,103.78,33.65775,2.935714285714286,1,1
1774885157.1757762,2026-03-30T17:39:17.175776,138.9733125,102.6,36.3733125,6.630357142857143,1,1
1774885159.066487,2026-03-30T17:39:19.066487,136.98675,103.56,33.42675,2.6214285714285714,1,1
1774885160.6116307,2026-03-30T17:39:20.611631,149.3971875,102.6,46.7971875,20.8125,0,1
1774885162.3986728,2026-03-30T17:39:22.398673,137.7681875,103.97,33.7981875,3.126785714285714,1,1
1774885163.8969564,2026-03-30T17:39:23.896956,138.812625,102.69,36.122625,6.289285714285714,1,1
1774885165.5769439,2026-03-30T17:39:25.576944,138.097625,104.18,33.917625,3.289285714285714,1,1
1774885167.0586648,2026-03-30T17:39:27.058665,137.7654375,103.5,34.2654375,3.7624999999999997,1,1
1774885168.5562155,2026-03-30T17:39:28.556216,137.40968750000002,103.79,33.6196875,2.8839285714285716,0,1
1774885170.070578,2026-03-30T17:39:30.070578,136.5655625,102.77000000000001,33.7955625,3.123214285714286,1,1
1774885171.581426,2026-03-30T17:39:31.581426,148.593375,103.95,44.643375,17.882142857142856,0,1
1774885173.30271,2026-03-30T17:39:33.302710,137.68843750000002,103.99000000000001,33.6984375,2.9910714285714284,1,1
1774885174.8529754,2026-03-30T17:39:34.852975,139.32581249999998,102.69,36.6358125,6.9875,1,1
1774885176.6498842,2026-03-30T17:39:36.649884,140.26425,105.84,34.42425,3.9785714285714286,1,1
1774885178.1880531,2026-03-30T17:39:38.188053,139.82725,104.28999999999999,35.53725,5.492857142857143,1,1
1774885179.9397316,2026-03-30T17:39:39.939732,137.1824375,103.19,33.9924375,3.3910714285714287,1,1
1774885181.4304304,2026-03-30T17:39:41.430430,137.94593749999999,103.88,34.0659375,3.4910714285714284,1,1
1774885182.896257,2026-03-30T17:39:42.896257,137.5196875,103.48,34.0396875,3.455357142857143,1,1
1774885184.4309242,2026-03-30T17:39:44.430924,137.5671875,103.58,33.9871875,3.3839285714285716,1,1
1774885185.9753642,2026-03-30T17:39:45.975364,139.2126875,102.8,36.4126875,6.683928571428572,0,1
1774885190.283812,2026-03-30T17:39:50.283812,136.9558125,103.47,33.4858125,2.7017857142857147,1,1
1774885191.8058045,2026-03-30T17:39:51.805804,139.14412499999997,105.50999999999999,33.634125,2.9035714285714285,1,1
1774885193.3016624,2026-03-30T17:39:53.301662,137.28,103.47,33.81,3.142857142857143,1,1
1774885194.8491209,2026-03-30T17:39:54.849121,136.83225000000002,103.29,33.54225,2.7785714285714285,1,1
1774885196.3685336,2026-03-30T17:39:56.368534,138.4403125,102.55,35.8903125,5.973214285714286,0,1
1774885200.827799,2026-03-30T17:40:00.827799,138.3046875,104.37,33.9346875,3.3125,1,1
1774885202.361124,2026-03-30T17:40:02.361124,137.576625,103.89,33.686625,2.975,1,1
1774885203.8587685,2026-03-30T17:40:03.858768,137.577875,103.55,34.027875,3.439285714285714,1,1
1774885205.3568993,2026-03-30T17:40:05.356899,138.2758125,104.16,34.1158125,3.5589285714285714,1,1
1774885206.8940885,2026-03-30T17:40:06.894089,135.8794375,102.58,33.299437499999996,2.4482142857142857,0,1
1774885208.4829295,2026-03-30T17:40:08.482929,137.94175,103.78,34.16175,3.6214285714285714,1,1
1774885210.0145516,2026-03-30T17:40:10.014552,148.3451875,102.22,46.1251875,19.898214285714285,0,1
1774885211.9158223,2026-03-30T17:40:11.915822,137.6619375,103.47,34.1919375,3.6625,1,1
1774885213.4244702,2026-03-30T17:40:13.424470,139.05775,103.09,35.96775,6.078571428571428,1,1
1774885215.3495402,2026-03-30T17:40:15.349540,138.9083125,104.95,33.9583125,3.3446428571428575,1,1
1774885216.886673,2026-03-30T17:40:16.886673,140.3521875,103.95,36.4021875,6.669642857142857,1,1
1774885218.5779428,2026-03-30T17:40:18.577943,137.1834375,103.59,33.5934375,2.8482142857142856,1,1
1774885220.1471083,2026-03-30T17:40:20.147108,140.86575,103.67999999999999,37.18575,7.735714285714286,1,1
1774885221.5699823,2026-03-30T17:40:21.569982,136.9743125,103.1,33.8743125,3.230357142857143,1,1
1774885223.0762467,2026-03-30T17:40:23.076247,137.394875,104.27,33.124875,2.210714285714286,1,1
1774885224.6288204,2026-03-30T17:40:24.628820,138.1319375,102.25999999999999,35.8719375,5.948214285714286,0,1
1774885229.1308432,2026-03-30T17:40:29.130843,136.79081250000002,103.2,33.5908125,2.8446428571428575,1,1
1774885230.6197648,2026-03-30T17:40:30.619765,137.15525,103.55,33.60525,2.8642857142857143,1,1
1774885232.1075318,2026-03-30T17:40:32.107532,137.3201875,103.48,33.8401875,3.1839285714285714,0,1
1774885233.601749,2026-03-30T17:40:33.601749,137.470375,103.6,33.870375,3.225,1,1
1774885235.1424844,2026-03-30T17:40:35.142484,138.312625,102.61,35.702625,5.7178571428571425,0,1
1774885236.9689014,2026-03-30T17:40:36.968901,137.67275,103.49,34.18275,3.65,1,1
1774885238.4977052,2026-03-30T17:40:38.497705,139.63887499999998,102.86,36.778875,7.182142857142857,1,1
1774885240.3629951,2026-03-30T17:40:40.362995,137.5619375,103.78999999999999,33.7719375,3.0910714285714285,1,1
1774885241.8760166,2026-03-30T17:40:41.876017,140.40975,105.24,35.16975,4.992857142857143,1,1
1774885243.6506097,2026-03-30T17:40:43.650610,137.38549999999998,103.88,33.5055,2.7285714285714286,1,1
1774885245.2020025,2026-03-30T17:40:45.202003,137.31,103.5,33.81,3.142857142857143,1,1
1774885246.6819391,2026-03-30T17:40:46.681939,136.57931250000001,102.81,33.7693125,3.0875,1,1
1774885248.2192612,2026-03-30T17:40:48.219261,137.253,103.17,34.083,3.5142857142857147,1,1
1774885249.7210066,2026-03-30T17:40:49.721007,143.8829375,107.78,36.1029375,6.2625,0,1
1774885254.333786,2026-03-30T17:40:54.333786,138.1046875,103.96000000000001,34.1446875,3.5982142857142856,1,1
1774885255.8906384,2026-03-30T17:40:55.890638,137.8825,101.71000000000001,36.1725,6.357142857142857,1,1
1774885257.6803932,2026-03-30T17:40:57.680393,137.8469375,103.97,33.8769375,3.2339285714285713,1,1
1774885259.1758523,2026-03-30T17:40:59.175852,138.65812499999998,103.25999999999999,35.398125,5.303571428571429,1,1
1774885261.006848,2026-03-30T17:41:01.006848,136.09900000000002,102.52000000000001,33.579,2.8285714285714287,1,1
1774885262.504334,2026-03-30T17:41:02.504334,137.51387499999998,103.99,33.523875,2.7535714285714286,1,1
1774885263.9967008,2026-03-30T17:41:03.996701,138.080625,103.68,34.400625,3.9464285714285716,0,1
1774885265.482511,2026-03-30T17:41:05.482511,137.6545625,103.88,33.7745625,3.0946428571428575,1,1
1774885266.9812827,2026-03-30T17:41:06.981283,149.7961875,102.6,47.1961875,21.355357142857144,0,1
1774885268.7676718,2026-03-30T17:41:08.767672,137.772875,103.85000000000001,33.922875,3.2964285714285713,1,1
1774885270.2747583,2026-03-30T17:41:10.274758,138.07762499999998,102.47999999999999,35.597625,5.575,1,1
1774885272.0751812,2026-03-30T17:41:12.075181,136.676375,103.10000000000001,33.576375,2.8249999999999997,1,1
1774885273.5907009,2026-03-30T17:41:13.590701,138.81825,103.47,35.34825,5.235714285714286,1,1
1774885275.3676596,2026-03-30T17:41:15.367660,137.17168750000002,103.09,34.0816875,3.5124999999999997,1,1
1774885276.9167907,2026-03-30T17:41:16.916791,137.2781875,103.69,33.588187500000004,2.8410714285714285,1,1
1774885278.3743021,2026-03-30T17:41:18.374302,137.5109375,103.97,33.5409375,2.7767857142857144,1,1
1774885279.8738294,2026-03-30T17:41:19.873829,138.18375,103.77,34.41375,3.9642857142857144,1,1
1774885281.4441104,2026-03-30T17:41:21.444110,141.716125,105.73,35.986125,6.103571428571429,0,1
1774885286.0017633,2026-03-30T17:41:26.001763,136.397375,102.59,33.807375,3.1392857142857147,1,1
1774885287.533217,2026-03-30T17:41:27.533217,139.5735625,104.56,35.0135625,4.7803571428571425,1,1
1774885289.3283024,2026-03-30T17:41:29.328302,138.2419375,104.47,33.7719375,3.0910714285714285,1,1
1774885290.8868434,2026-03-30T17:41:30.886843,137.765875,103.78,33.985875,3.382142857142857,1,1
1774885292.3872836,2026-03-30T17:41:32.387284,138.1295625,104.25,33.8795625,3.2375000000000003,1,1
1774885293.877659,2026-03-30T17:41:33.877659,138.46275,104.07000000000001,34.39275,3.935714285714286,1,1
1774885295.4189818,2026-03-30T17:41:35.418982,140.0418125,103.49000000000001,36.5518125,6.873214285714285,0,1
1774885299.7709992,2026-03-30T17:41:39.770999,136.987625,103.28,33.707625,3.0035714285714286,1,1
1774885301.2987359,2026-03-30T17:41:41.298736,137.0094375,103.29,33.7194375,3.019642857142857,1,1
1774885302.7778187,2026-03-30T17:41:42.777819,137.148875,103.10000000000001,34.048875,3.4678571428571425,1,1
1774885304.3224354,2026-03-30T17:41:44.322435,139.18025,105.05,34.130250000000004,3.5785714285714287,1,1
1774885305.8127074,2026-03-30T17:41:45.812707,135.6921875,101.81,33.8821875,3.2410714285714284,0,1
1774885307.3834815,2026-03-30T17:41:47.383482,136.712625,102.9,33.812625,3.1464285714285714,1,1
1774885308.8991501,2026-03-30T17:41:48.899150,137.550875,101.99,35.560874999999996,5.5249999999999995,1,1
1774885310.730434,2026-03-30T17:41:50.730434,137.6956875,104.16,33.5356875,2.769642857142857,1,1
1774885312.2759247,2026-03-30T17:41:52.275925,139.267125,103.89,35.377125,5.275,1,1
1774885314.140654,2026-03-30T17:41:54.140654,139.6859375,105.62,34.0659375,3.4910714285714284,1,1
1774885315.7112188,2026-03-30T17:41:55.711219,137.124125,103.07,34.054125,3.475,1,1
1774885317.1523285,2026-03-30T17:41:57.152328,139.2409375,105.7,33.5409375,2.7767857142857144,1,1
1774885318.6547487,2026-03-30T17:41:58.654749,137.80525,103.78,34.02525,3.435714285714286,1,1
1774885320.171425,2026-03-30T17:42:00.171425,139.0893125,102.59,36.4993125,6.801785714285714,0,1
1774885324.5568113,2026-03-30T17:42:04.556811,139.031125,105.25,33.781125,3.1035714285714286,1,1
1774885326.0793593,2026-03-30T17:42:06.079359,137.0475625,103.0,34.0475625,3.4660714285714285,1,1
1774885327.5690691,2026-03-30T17:42:07.569069,138.2511875,104.17999999999999,34.0711875,3.498214285714286,1,1
1774885329.1224353,2026-03-30T17:42:09.122435,137.6711875,103.39,34.2811875,3.7839285714285715,1,1
1774885330.6598074,2026-03-30T17:42:10.659807,139.76575,104.05,35.71575,5.735714285714286,0,1
1774885334.957596,2026-03-30T17:42:14.957596,137.4818125,103.87,33.6118125,2.873214285714286,1,1
1774885336.4745948,2026-03-30T17:42:16.474595,137.6223125,103.58,34.0423125,3.4589285714285714,1,1
1774885338.0333362,2026-03-30T17:42:18.033336,138.7641875,105.05,33.7141875,3.0124999999999997,1,1
1774885339.5301235,2026-03-30T17:42:19.530123,138.1170625,104.08,34.0370625,3.451785714285714,1,1
1774885341.0329802,2026-03-30T17:42:21.032980,137.36525,103.76,33.60525,2.8642857142857143,0,1
1774885342.620544,2026-03-30T17:42:22.620544,138.136125,104.46000000000001,33.676125,2.960714285714286,1,1
1774885344.1093907,2026-03-30T17:42:24.109391,149.4369375,102.12,47.3169375,21.519642857142856,0,1
1774885345.9332016,2026-03-30T17:42:25.933202,138.1443125,104.27,33.8743125,3.230357142857143,1,1
1774885347.4321504,2026-03-30T17:42:27.432150,138.937875,103.44,35.497875,5.439285714285715,1,1
1774885349.4485967,2026-03-30T17:42:29.448597,137.559,103.77,33.789,3.1142857142857143,1,1
1774885351.0155122,2026-03-30T17:42:31.015512,143.052375,103.68,39.372375,10.710714285714285,1,1
1774885352.9280922,2026-03-30T17:42:32.928092,136.8581875,103.48,33.3781875,2.555357142857143,1,1
1774885354.4275331,2026-03-30T17:42:34.427533,138.44400000000002,104.76,33.684,2.9714285714285715,1,1
1774885355.9273028,2026-03-30T17:42:35.927303,137.401625,103.4,34.001625,3.4035714285714285,0,1
1774885357.5009592,2026-03-30T17:42:37.500959,137.441375,103.97,33.471375,2.682142857142857,1,1
1774885359.0673385,2026-03-30T17:42:39.067338,150.286625,102.32,47.966625,22.40357142857143,0,1
1774885360.9469538,2026-03-30T17:42:40.946954,136.9873125,103.47,33.5173125,2.744642857142857,1,1
1774885362.4878433,2026-03-30T17:42:42.487843,139.61075,103.79,35.82075,5.878571428571428,1,1
1774885364.2219281,2026-03-30T17:42:44.221928,137.978625,104.25,33.728625,3.0321428571428575,1,1
1774885365.7278724,2026-03-30T17:42:45.727872,137.46375,103.68,33.78375,3.107142857142857,1,1
1774885367.2832015,2026-03-30T17:42:47.283201,137.26375000000002,103.48,33.78375,3.107142857142857,0,1
1774885368.8103573,2026-03-30T17:42:48.810357,137.49124999999998,103.55,33.94125,3.3214285714285716,1,1
1774885370.3598611,2026-03-30T17:42:50.359861,137.8361875,103.66,34.1761875,3.6410714285714287,0,1
1774885372.0285249,2026-03-30T17:42:52.028525,137.89387499999998,104.16,33.733875,3.039285714285714,1,1
1774885373.521853,2026-03-30T17:42:53.521853,138.66925,103.09,35.57925,5.55,1,1
1774885375.376129,2026-03-30T17:42:55.376129,137.44318750000002,103.96000000000001,33.4831875,2.6982142857142857,1,1
1774885376.8762798,2026-03-30T17:42:56.876280,137.781625,103.78,34.001625,3.4035714285714285,1,1
1774885378.3786488,2026-03-30T17:42:58.378649,137.2808125,103.27,34.0108125,3.4160714285714286,0,1
1774885379.8660674,2026-03-30T17:42:59.866067,136.8638125,103.0,33.8638125,3.2160714285714285,1,1
1774885381.3743513,2026-03-30T17:43:01.374351,149.40812499999998,101.83,47.578125,21.875,0,1
1774885383.1666632,2026-03-30T17:43:03.166663,138.0469375,104.17,33.8769375,3.2339285714285713,1,1
1774885384.709575,2026-03-30T17:43:04.709575,138.782125,102.46000000000001,36.322125,6.560714285714285,1,1
1774885386.3939779,2026-03-30T17:43:06.393978,137.6481875,104.06,33.588187500000004,2.8410714285714285,1,1
1774885387.9339347,2026-03-30T17:43:07.933935,137.90756249999998,103.86,34.0475625,3.4660714285714285,1,1
1774885389.439059,2026-03-30T17:43:09.439059,137.529625,103.78,33.749625,3.060714285714286,1,1
1774885391.002316,2026-03-30T17:43:11.002316,136.78275,102.81,33.97275,3.3642857142857143,1,1
1774885392.5297887,2026-03-30T17:43:12.529789,137.2998125,102.89,34.4098125,3.9589285714285714,0,1
1774885394.0980072,2026-03-30T17:43:14.098007,139.3921875,105.93,33.4621875,2.669642857142857,1,1
1774885395.6116729,2026-03-30T17:43:15.611673,140.1855625,104.08,36.1055625,6.266071428571428,1,1
1774885397.3805895,2026-03-30T17:43:17.380589,137.409,103.2,34.209,3.685714285714286,1,1
1774885398.8783064,2026-03-30T17:43:18.878306,137.6994375,103.77,33.9294375,3.305357142857143,1,1
1774885400.4145806,2026-03-30T17:43:20.414581,137.56743749999998,103.47,34.0974375,3.5339285714285715,1,1
1774885401.9448843,2026-03-30T17:43:21.944884,137.410875,104.16,33.250875,2.382142857142857,1,1
1774885403.478189,2026-03-30T17:43:23.478189,137.6295625,102.28,35.3495625,5.2375,0,1
1774885405.146195,2026-03-30T17:43:25.146195,137.1968125,103.69,33.5068125,2.730357142857143,1,1
1774885406.641272,2026-03-30T17:43:26.641272,138.16825,102.19,35.97825,6.0928571428571425,1,1
1774885408.3377318,2026-03-30T17:43:28.337732,137.4891875,103.67,33.8191875,3.1553571428571425,1,1
1774885409.85981,2026-03-30T17:43:29.859810,137.3128125,103.68,33.6328125,2.9017857142857144,1,1
1774885411.381243,2026-03-30T17:43:31.381243,137.966375,103.97,33.996375,3.3964285714285714,0,1
1774885412.9028945,2026-03-30T17:43:32.902894,136.7485625,102.89,33.8585625,3.2089285714285714,1,1
1774885414.439222,2026-03-30T17:43:34.439222,138.915125,103.79,35.125125,4.932142857142857,0,1
1774885416.2494407,2026-03-30T17:43:36.249441,137.8855625,103.88,34.0055625,3.4089285714285715,1,1
1774885417.7455137,2026-03-30T17:43:37.745514,137.824875,103.86,33.964875,3.3535714285714286,1,1
1774885419.5616076,2026-03-30T17:43:39.561608,137.9340625,103.96000000000001,33.9740625,3.3660714285714284,1,1
1774885421.1029885,2026-03-30T17:43:41.102988,137.8893125,103.91,33.9793125,3.373214285714286,1,1
1774885422.6224806,2026-03-30T17:43:42.622481,137.1443125,103.69,33.4543125,2.6589285714285715,1,1
1774885424.127224,2026-03-30T17:43:44.127224,137.558,103.58,33.978,3.371428571428571,1,1
1774885425.6477442,2026-03-30T17:43:45.647744,142.2291875,103.37,38.8591875,10.012500000000001,0,1
1774885427.586447,2026-03-30T17:43:47.586447,137.9185625,104.06,33.8585625,3.2089285714285714,1,1
1774885429.0765238,2026-03-30T17:43:49.076524,137.4753125,103.58,33.8953125,3.2589285714285716,1,1
1774885430.5579803,2026-03-30T17:43:50.557980,136.5581875,102.97,33.588187500000004,2.8410714285714285,0,1
1774885432.0671842,2026-03-30T17:43:52.067184,137.8884375,103.77,34.1184375,3.5625,1,1
1774885433.5860355,2026-03-30T17:43:53.586035,148.60787499999998,103.66,44.947874999999996,18.29642857142857,0,1
1774885435.2768104,2026-03-30T17:43:55.276810,137.276375,103.7,33.576375,2.8249999999999997,1,1
1774885436.7727404,2026-03-30T17:43:56.772740,141.55506250000002,105.04,36.5150625,6.823214285714285,1,1
1774885438.4835038,2026-03-30T17:43:58.483504,137.741375,104.06,33.681375,2.9678571428571425,1,1
1774885440.005933,2026-03-30T17:44:00.005933,137.9923125,104.16,33.8323125,3.1732142857142853,1,1
1774885441.537462,2026-03-30T17:44:01.537462,137.8770625,104.05,33.8270625,3.1660714285714286,1,1
1774885443.0587173,2026-03-30T17:44:03.058717,137.08081249999998,103.49,33.5908125,2.8446428571428575,1,1
1774885444.553633,2026-03-30T17:44:04.553633,138.3746875,104.44,33.9346875,3.3125,0,1
1774885446.2544832,2026-03-30T17:44:06.254483,137.5645625,103.58,33.9845625,3.380357142857143,1,1
1774885447.77133,2026-03-30T17:44:07.771330,141.062375,104.63,36.432375,6.710714285714286,1,1
1774885449.7296264,2026-03-30T17:44:09.729626,138.57475,104.56,34.01475,3.4214285714285713,1,1
1774885451.2316403,2026-03-30T17:44:11.231640,139.53031249999998,103.85,35.6803125,5.6875,1,1
1774885452.998788,2026-03-30T17:44:12.998788,136.9405625,103.25,33.6905625,2.980357142857143,1,1
1774885454.5297213,2026-03-30T17:44:14.529721,137.3315,103.28,34.0515,3.4714285714285715,1,1
1774885456.0705867,2026-03-30T17:44:16.070587,137.602375,103.48,34.122375,3.567857142857143,0,1
1774885457.5812562,2026-03-30T17:44:17.581256,138.448625,104.93,33.518625,2.7464285714285714,1,1
1774885459.0819693,2026-03-30T17:44:19.081969,139.92012499999998,103.85,36.070125,6.2178571428571425,0,1
1774885460.8008466,2026-03-30T17:44:20.800847,138.96475,104.53,34.43475,3.992857142857143,1,1
1774885462.3183126,2026-03-30T17:44:22.318313,140.02856250000002,104.07000000000001,35.9585625,6.066071428571428,1,1
1774885464.1288428,2026-03-30T17:44:24.128843,136.9584375,103.47,33.4884375,2.705357142857143,1,1
1774885465.635734,2026-03-30T17:44:25.635734,137.9165,104.18,33.7365,3.042857142857143,1,1
1774885467.1397586,2026-03-30T17:44:27.139759,137.787625,103.87,33.917625,3.289285714285714,0,1
1774885468.6877632,2026-03-30T17:44:28.687763,137.60025000000002,103.47,34.130250000000004,3.5785714285714287,1,1
1774885470.209099,2026-03-30T17:44:30.209099,139.7025,104.16,35.542500000000004,5.5,0,1
1774885471.9006612,2026-03-30T17:44:31.900661,138.4944375,104.46000000000001,34.0344375,3.4482142857142857,1,1
1774885473.3967688,2026-03-30T17:44:33.396769,136.7365,102.79,33.9465,3.3285714285714287,1,1
1774885475.164644,2026-03-30T17:44:35.164644,137.06981249999998,103.28999999999999,33.7798125,3.101785714285714,1,1
1774885476.6715171,2026-03-30T17:44:36.671517,137.2813125,103.47,33.8113125,3.144642857142857,1,1
1774885478.170552,2026-03-30T17:44:38.170552,137.39081249999998,103.38,34.0108125,3.4160714285714286,0,1
1774885479.688221,2026-03-30T17:44:39.688221,136.97843749999998,103.28,33.6984375,2.9910714285714284,1,1
1774885481.1830616,2026-03-30T17:44:41.183062,137.1639375,103.56,33.6039375,2.8625000000000003,0,1
1774885482.8982182,2026-03-30T17:44:42.898218,137.395,103.48,33.915,3.2857142857142856,1,1
1774885484.3903039,2026-03-30T17:44:44.390304,139.390375,105.52,33.870375,3.225,1,1
1774885486.1821988,2026-03-30T17:44:46.182199,137.6320625,103.49,34.1420625,3.5946428571428575,1,1
1774885487.684016,2026-03-30T17:44:47.684016,136.8934375,103.3,33.5934375,2.8482142857142856,1,1
1774885489.2042089,2026-03-30T17:44:49.204209,137.78968749999999,103.96,33.8296875,3.169642857142857,0,1
1774885490.7156258,2026-03-30T17:44:50.715626,137.13662499999998,103.66,33.476625,2.689285714285714,1,1
1774885492.205954,2026-03-30T17:44:52.205954,138.3614375,102.71,35.6514375,5.648214285714286,0,1
1774885493.9362974,2026-03-30T17:44:53.936297,138.107,104.15,33.957,3.3428571428571425,1,1
1774885495.4314668,2026-03-30T17:44:55.431467,139.7605,103.84,35.9205,6.014285714285714,1,1
1774885497.1724405,2026-03-30T17:44:57.172441,137.4665625,103.65,33.8165625,3.1517857142857144,1,1
1774885498.6767645,2026-03-30T17:44:58.676764,137.5443125,103.88,33.6643125,2.944642857142857,1,1
1774885500.1659486,2026-03-30T17:45:00.165949,137.11868750000002,103.10000000000001,34.0186875,3.4267857142857143,1,1
1774885501.6733465,2026-03-30T17:45:01.673347,138.3521875,104.26,34.0921875,3.5267857142857144,1,1
1774885503.1905239,2026-03-30T17:45:03.190524,151.18,104.14,47.04,21.142857142857142,0,1
1774885504.836815,2026-03-30T17:45:04.836815,137.8371875,103.85,33.9871875,3.3839285714285716,1,1
1774885506.3300054,2026-03-30T17:45:06.330005,138.7851875,103.37,35.4151875,5.326785714285714,1,1
1774885508.1204557,2026-03-30T17:45:08.120456,136.850125,103.09,33.760125,3.0749999999999997,1,1
1774885509.6791666,2026-03-30T17:45:09.679167,138.120125,104.15,33.970125,3.3607142857142853,1,1
1774885511.1789374,2026-03-30T17:45:11.178937,137.3131875,103.41,33.9031875,3.269642857142857,0,1
1774885512.7033863,2026-03-30T17:45:12.703386,137.344,103.66,33.684,2.9714285714285715,1,1
1774885514.2199566,2026-03-30T17:45:14.219957,137.5828125,103.11,34.4728125,4.044642857142857,0,1
1774885515.9070628,2026-03-30T17:45:15.907063,137.4013125,103.38,34.0213125,3.430357142857143,1,1
1774885517.4310212,2026-03-30T17:45:17.431021,140.757875,105.05,35.707875,5.7250000000000005,1,1
1774885519.2412667,2026-03-30T17:45:19.241267,136.667375,103.07000000000001,33.597375,2.8535714285714286,1,1
1774885520.7397275,2026-03-30T17:45:20.739727,137.9860625,103.97,34.0160625,3.4232142857142853,1,1
1774885522.237902,2026-03-30T17:45:22.237902,137.02237499999998,102.89999999999999,34.122375,3.567857142857143,0,1
1774885523.7419224,2026-03-30T17:45:23.741922,136.4118125,102.8,33.6118125,2.873214285714286,1,1
1774885525.2903895,2026-03-30T17:45:25.290390,151.3891875,104.76,46.6291875,20.583928571428572,0,1
1774885527.0920596,2026-03-30T17:45:27.092060,138.45068750000002,104.18,34.2706875,3.769642857142857,1,1
1774885528.5862012,2026-03-30T17:45:28.586201,138.8595,103.38,35.4795,5.414285714285714,1,1
1774885530.324536,2026-03-30T17:45:30.324536,138.1011875,104.45,33.6511875,2.9267857142857143,1,1
1774885531.868113,2026-03-30T17:45:31.868113,138.398125,104.26,34.138125,3.5892857142857144,1,1
1774885533.3671842,2026-03-30T17:45:33.367184,137.4246875,103.49,33.9346875,3.3125,1,1
1774885534.8879774,2026-03-30T17:45:34.887977,136.676375,103.10000000000001,33.576375,2.8249999999999997,1,1
1774885536.3809698,2026-03-30T17:45:36.380970,151.41162500000002,103.97,47.441625,21.689285714285713,0,1
1774885538.0002732,2026-03-30T17:45:38.000273,138.229125,104.07000000000001,34.159125,3.617857142857143,1,1
1774885539.5203073,2026-03-30T17:45:39.520307,146.615625,103.08,43.535625,16.375,0,1
1774885541.1938608,2026-03-30T17:45:41.193861,137.598625,103.87,33.728625,3.0321428571428575,1,1
1774885542.7072723,2026-03-30T17:45:42.707272,142.29568749999999,107.08,35.2156875,5.055357142857143,1,1
1774885544.4747381,2026-03-30T17:45:44.474738,138.5598125,104.36,34.1998125,3.6732142857142853,1,1
1774885545.9967415,2026-03-30T17:45:45.996742,138.195,104.07000000000001,34.125,3.5714285714285716,1,1
1774885547.521764,2026-03-30T17:45:47.521764,138.108875,104.06,34.048875,3.4678571428571425,0,1
1774885549.0307045,2026-03-30T17:45:49.030704,137.4320625,103.29,34.1420625,3.5946428571428575,1,1
1774885550.538591,2026-03-30T17:45:50.538591,138.69575,103.19,35.50575,5.45,0,1
1774885552.2924392,2026-03-30T17:45:52.292439,137.3210625,103.2,34.1210625,3.5660714285714286,1,1
1774885553.78991,2026-03-30T17:45:53.789910,139.2266875,103.78,35.4466875,5.369642857142857,1,1
1774885555.561003,2026-03-30T17:45:55.561003,137.72756249999998,103.67999999999999,34.0475625,3.4660714285714285,1,1
1774885557.0822153,2026-03-30T17:45:57.082215,137.430375,103.77,33.660375,2.939285714285714,1,1
1774885558.5861135,2026-03-30T17:45:58.586113,136.845125,103.19,33.655125,2.932142857142857,0,1
1774885560.0909843,2026-03-30T17:46:00.090984,137.2860625,103.48,33.8060625,3.1374999999999997,1,1
1774885561.5810542,2026-03-30T17:46:01.581054,138.200875,103.48,34.720875,4.382142857142857,0,1
1774885563.2589571,2026-03-30T17:46:03.258957,137.067625,103.57,33.497625,2.7178571428571425,1,1
1774885564.747688,2026-03-30T17:46:04.747688,140.3649375,104.64,35.724937499999996,5.748214285714285,1,1
1774885566.5972116,2026-03-30T17:46:06.597212,138.7398125,104.96,33.7798125,3.101785714285714,1,1
1774885568.1096516,2026-03-30T17:46:08.109652,137.4183125,103.67,33.7483125,3.0589285714285714,1,1
1774885569.6595674,2026-03-30T17:46:09.659567,137.52025,103.39,34.130250000000004,3.5785714285714287,1,1
1774885571.1919222,2026-03-30T17:46:11.191922,137.0365,103.09,33.9465,3.3285714285714287,1,1
1774885572.683649,2026-03-30T17:46:12.683649,149.85250000000002,102.76,47.0925,21.214285714285715,0,1
1774885574.2587092,2026-03-30T17:46:14.258709,137.1681875,103.37,33.7981875,3.126785714285714,1,1
1774885575.7528126,2026-03-30T17:46:15.752813,138.45600000000002,102.0,36.456,6.742857142857143,1,1
1774885577.6805353,2026-03-30T17:46:17.680535,136.995625,102.91,34.085625,3.517857142857143,1,1
1774885579.1801097,2026-03-30T17:46:19.180110,139.1961875,103.75999999999999,35.4361875,5.355357142857143,1,1
1774885581.005545,2026-03-30T17:46:21.005545,137.2496875,103.42,33.8296875,3.169642857142857,1,1
1774885582.5125902,2026-03-30T17:46:22.512590,137.1860625,103.38,33.8060625,3.1374999999999997,1,1
1774885584.0143018,2026-03-30T17:46:24.014302,137.75537500000002,103.78,33.975375,3.367857142857143,1,1
1774885585.532997,2026-03-30T17:46:25.532997,138.45943749999998,104.74,33.7194375,3.019642857142857,1,1
1774885587.0202565,2026-03-30T17:46:27.020257,147.78506249999998,103.28999999999999,44.4950625,17.680357142857144,0,1
1774885588.6853933,2026-03-30T17:46:28.685393,135.89862499999998,102.8,33.098625,2.175,1,1
1774885590.1849859,2026-03-30T17:46:30.184986,140.03337499999998,104.63,35.403375,5.310714285714285,1,1
1774885591.9798696,2026-03-30T17:46:31.979870,137.79343749999998,103.57,34.2234375,3.705357142857143,1,1
1774885593.5090165,2026-03-30T17:46:33.509017,138.3824375,103.97,34.4124375,3.9625,1,1
1774885595.0007627,2026-03-30T17:46:35.000763,139.175125,105.73,33.445125,2.6464285714285714,1,1
1774885596.5226693,2026-03-30T17:46:36.522669,137.4018125,103.58,33.8218125,3.1589285714285715,1,1
1774885598.0260112,2026-03-30T17:46:38.026011,139.3301875,103.6,35.7301875,5.755357142857143,0,1
1774885599.7391274,2026-03-30T17:46:39.739127,136.915125,103.25999999999999,33.655125,2.932142857142857,1,1
1774885601.2235305,2026-03-30T17:46:41.223531,139.40743750000001,104.05,35.3574375,5.248214285714285,1,1
1774885602.9740598,2026-03-30T17:46:42.974060,137.6146875,103.68,33.9346875,3.3125,1,1
1774885604.489611,2026-03-30T17:46:44.489611,137.5834375,103.36,34.2234375,3.705357142857143,1,1
1774885606.0037005,2026-03-30T17:46:46.003700,137.23775,103.37,33.86775,3.2214285714285715,1,1
1774885607.506376,2026-03-30T17:46:47.506376,137.18,103.58,33.6,2.857142857142857,1,1
1774885609.0000892,2026-03-30T17:46:49.000089,136.7488125,102.99000000000001,33.7588125,3.0732142857142857,0,1
1774885610.7006688,2026-03-30T17:46:50.700669,137.9235625,103.96,33.9635625,3.351785714285714,1,1
1774885612.1899006,2026-03-30T17:46:52.189901,139.699,104.02,35.679,5.685714285714285,1,1
1774885613.964884,2026-03-30T17:46:53.964884,137.66581250000002,103.97,33.6958125,2.9875000000000003,1,1
1774885615.4803438,2026-03-30T17:46:55.480344,137.5325,103.67,33.8625,3.2142857142857144,1,1
1774885616.9937227,2026-03-30T17:46:56.993723,138.1786875,104.16,34.0186875,3.4267857142857143,1,1
1774885618.5201476,2026-03-30T17:46:58.520148,136.20000000000002,102.60000000000001,33.6,2.857142857142857,1,1
1774885620.0332608,2026-03-30T17:47:00.033261,137.871125,103.46,34.411125,3.960714285714286,0,1
1774885621.747462,2026-03-30T17:47:01.747462,137.48287499999998,103.77,33.712875,3.0107142857142857,1,1
1774885623.2361126,2026-03-30T17:47:03.236113,137.9233125,102.39,35.5333125,5.4875,1,1
1774885625.0148122,2026-03-30T17:47:05.014812,136.82274999999998,103.47999999999999,33.34275,2.507142857142857,1,1
1774885626.5086417,2026-03-30T17:47:06.508642,138.378875,104.54,33.838875,3.182142857142857,1,1
1774885627.9957366,2026-03-30T17:47:07.995737,140.3259375,105.84,34.4859375,4.0625,0,1
1774885629.5168645,2026-03-30T17:47:09.516865,137.145625,103.27,33.875625,3.232142857142857,1,1
1774885631.0522034,2026-03-30T17:47:11.052203,138.573375,101.91,36.663375,7.0249999999999995,0,1
1774885635.5686464,2026-03-30T17:47:15.568646,137.04456249999998,103.27,33.7745625,3.0946428571428575,1,1
1774885637.0656679,2026-03-30T17:47:17.065668,140.6324375,106.22,34.4124375,3.9625,1,1
1774885638.579692,2026-03-30T17:47:18.579692,137.0910625,102.97,34.1210625,3.5660714285714286,1,1
1774885640.1003633,2026-03-30T17:47:20.100363,137.766625,103.87,33.896625,3.2607142857142857,1,1
1774885641.6024592,2026-03-30T17:47:21.602459,150.59,103.76,46.83,20.857142857142858,0,1
1774885643.2105737,2026-03-30T17:47:23.210574,138.10649999999998,104.16,33.9465,3.3285714285714287,1,1
1774885644.7203178,2026-03-30T17:47:24.720318,146.2574375,102.5,43.7574375,16.676785714285714,1,1
1774885646.6123755,2026-03-30T17:47:26.612375,139.3815,105.53999999999999,33.8415,3.185714285714286,1,1
1774885648.1507537,2026-03-30T17:47:28.150754,138.462375,104.34,34.122375,3.567857142857143,1,1
1774885649.9776764,2026-03-30T17:47:29.977676,137.4490625,103.58,33.8690625,3.2232142857142856,1,1
1774885651.5062883,2026-03-30T17:47:31.506288,138.1834375,104.38,33.8034375,3.1339285714285716,1,1
1774885652.9970376,2026-03-30T17:47:32.997038,137.26318750000002,103.36,33.9031875,3.269642857142857,0,1
1774885654.4994793,2026-03-30T17:47:34.499479,137.76718749999998,103.57,34.1971875,3.669642857142857,1,1
1774885656.020476,2026-03-30T17:47:36.020476,137.977625,102.8,35.177625,5.003571428571428,0,1
1774885657.7874823,2026-03-30T17:47:37.787482,137.075,103.58,33.495,2.7142857142857144,1,1
1774885659.3021097,2026-03-30T17:47:39.302110,140.29225,104.64999999999999,35.642250000000004,5.635714285714286,1,1
1774885661.076629,2026-03-30T17:47:41.076629,137.62231250000002,103.79,33.8323125,3.1732142857142853,1,1
1774885662.5909433,2026-03-30T17:47:42.590943,137.248125,102.69,34.558125,4.160714285714286,1,1
1774885664.4807098,2026-03-30T17:47:44.480710,136.7159375,103.28,33.4359375,2.6339285714285716,1,1
1774885665.9812639,2026-03-30T17:47:45.981264,137.9115625,103.78,34.1315625,3.580357142857143,1,1
1774885667.500104,2026-03-30T17:47:47.500104,139.237875,105.63,33.607875,2.867857142857143,1,1
1774885669.0217865,2026-03-30T17:47:49.021786,137.6758125,103.98,33.6958125,2.9875000000000003,1,1
1774885670.5256405,2026-03-30T17:47:50.525640,140.0851875,105.72,34.3651875,3.898214285714286,0,1
1774885672.2309558,2026-03-30T17:47:52.230956,137.6383125,103.68,33.9583125,3.3446428571428575,1,1
1774885673.7258017,2026-03-30T17:47:53.725802,147.614375,103.58,44.034375,17.053571428571427,1,1
1774885675.404925,2026-03-30T17:47:55.404925,137.5893125,103.39999999999999,34.1893125,3.6589285714285715,1,1
1774885676.9329467,2026-03-30T17:47:56.932947,137.7319375,103.96,33.7719375,3.0910714285714285,1,1
1774885678.4250565,2026-03-30T17:47:58.425056,137.2475,103.07,34.1775,3.642857142857143,0,1
1774885679.91452,2026-03-30T17:47:59.914520,138.324,104.85,33.474000000000004,2.685714285714286,1,1
1774885681.426613,2026-03-30T17:48:01.426613,137.75462499999998,102.00999999999999,35.744625,5.775,0,1
1774885683.192331,2026-03-30T17:48:03.192331,136.9865625,102.96000000000001,34.0265625,3.4375,1,1
1774885684.694301,2026-03-30T17:48:04.694301,144.035875,103.96000000000001,40.075874999999996,11.667857142857143,1,1
1774885686.5359554,2026-03-30T17:48:06.535955,138.22375,104.44,33.78375,3.107142857142857,1,1
1774885688.0250275,2026-03-30T17:48:08.025028,136.5233125,103.09,33.4333125,2.630357142857143,1,1
1774885689.5382798,2026-03-30T17:48:09.538280,139.23193750000002,105.25,33.9819375,3.376785714285714,0,1
1774885691.0320017,2026-03-30T17:48:11.032002,137.340625,103.78,33.560625,2.8035714285714284,1,1
1774885692.5228484,2026-03-30T17:48:12.522848,137.873375,102.47,35.403375,5.310714285714285,0,1
1774885694.2350402,2026-03-30T17:48:14.235040,136.8144375,102.99000000000001,33.8244375,3.1625,1,1
1774885695.7210894,2026-03-30T17:48:15.721089,139.4255625,103.74,35.6855625,5.694642857142857,1,1
1774885697.476126,2026-03-30T17:48:17.476126,137.45775,103.38,34.07775,3.507142857142857,1,1
1774885698.975908,2026-03-30T17:48:18.975908,137.9405625,104.46000000000001,33.4805625,2.694642857142857,1,1
1774885700.454836,2026-03-30T17:48:20.454836,136.681125,102.9,33.781125,3.1035714285714286,1,1
1774885701.941275,2026-03-30T17:48:21.941275,136.1094375,102.60000000000001,33.5094375,2.7339285714285713,1,1
1774885703.4488103,2026-03-30T17:48:23.448810,148.543,103.53999999999999,45.003,18.37142857142857,0,1
1774885705.0520186,2026-03-30T17:48:25.052019,137.4144375,103.38,34.0344375,3.4482142857142857,1,1
1774885706.5354207,2026-03-30T17:48:26.535421,140.9296875,105.21,35.7196875,5.741071428571429,1,1
1774885708.446802,2026-03-30T17:48:28.446802,136.370125,102.61,33.760125,3.0749999999999997,1,1
1774885709.9510922,2026-03-30T17:48:29.951092,143.233375,102.78999999999999,40.443375,12.167857142857143,1,1
1774885711.8318338,2026-03-30T17:48:31.831834,137.3844375,103.77,33.6144375,2.876785714285714,1,1
1774885713.3557394,2026-03-30T17:48:33.355739,137.614,103.3,34.314,3.8285714285714287,1,1
1774885714.8676062,2026-03-30T17:48:34.867606,137.4910625,103.58,33.9110625,3.2803571428571425,0,1
1774885716.4150069,2026-03-30T17:48:36.415007,136.625125,103.17999999999999,33.445125,2.6464285714285714,1,1
1774885717.9363616,2026-03-30T17:48:37.936362,152.4025625,105.23,47.1725625,21.323214285714283,0,1
1774885719.7500331,2026-03-30T17:48:39.750033,137.7123125,103.67,34.0423125,3.4589285714285714,1,1
1774885721.2693422,2026-03-30T17:48:41.269342,140.493,103.68,36.813,7.228571428571429,1,1
1774885723.0729926,2026-03-30T17:48:43.072993,136.9096875,103.08,33.8296875,3.169642857142857,1,1
1774885724.6038668,2026-03-30T17:48:44.603867,137.7760625,103.97,33.8060625,3.1374999999999997,1,1
1774885726.1113532,2026-03-30T17:48:46.111353,138.121,103.87,34.251,3.742857142857143,1,1
1774885727.6384935,2026-03-30T17:48:47.638494,139.551625,105.34,34.211625,3.689285714285714,1,1
1774885729.1546223,2026-03-30T17:48:49.154622,149.5211875,104.74,44.7811875,18.069642857142856,0,1
1774885730.8195088,2026-03-30T17:48:50.819509,136.812875,102.89,33.922875,3.2964285714285713,1,1
1774885732.3622246,2026-03-30T17:48:52.362225,139.933625,103.78999999999999,36.143625,6.317857142857143,1,1
1774885734.087312,2026-03-30T17:48:54.087312,137.5459375,103.48,34.0659375,3.4910714285714284,1,1
1774885735.6018355,2026-03-30T17:48:55.601835,139.0310625,105.33,33.7010625,2.994642857142857,1,1
1774885737.1371343,2026-03-30T17:48:57.137134,137.606625,103.5,34.106625,3.5464285714285713,1,1
1774885738.6673837,2026-03-30T17:48:58.667384,138.3969375,104.73,33.6669375,2.9482142857142857,1,1
1774885740.1978934,2026-03-30T17:49:00.197893,147.9555625,103.87,44.0855625,17.123214285714287,0,1
1774885741.8542085,2026-03-30T17:49:01.854208,136.73649999999998,102.78999999999999,33.9465,3.3285714285714287,1,1
1774885743.3438997,2026-03-30T17:49:03.343900,140.2666875,103.98,36.2866875,6.5125,1,1
1774885745.04854,2026-03-30T17:49:05.048540,137.0781875,103.49,33.588187500000004,2.8410714285714285,1,1
1774885746.5483556,2026-03-30T17:49:06.548356,137.63125,103.69,33.94125,3.3214285714285716,1,1
1774885748.0663555,2026-03-30T17:49:08.066355,138.71125,104.77,33.94125,3.3214285714285716,0,1
1774885749.5916343,2026-03-30T17:49:09.591634,136.8270625,103.0,33.8270625,3.1660714285714286,1,1
1774885751.1150167,2026-03-30T17:49:11.115017,149.7385625,103.28,46.4585625,20.351785714285715,0,1
1774885752.9470267,2026-03-30T17:49:12.947027,137.3020625,103.58,33.7220625,3.023214285714286,1,1
1774885754.4606512,2026-03-30T17:49:14.460651,139.187625,103.38,35.807625,5.860714285714286,1,1
1774885756.2361002,2026-03-30T17:49:16.236100,136.9658125,103.27,33.6958125,2.9875000000000003,1,1
1774885757.7406375,2026-03-30T17:49:17.740638,137.6244375,103.38,34.244437500000004,3.7339285714285713,1,1
1774885759.236856,2026-03-30T17:49:19.236856,137.637625,103.51,34.127625,3.5749999999999997,1,1
1774885760.7435153,2026-03-30T17:49:20.743515,136.4556875,102.92,33.5356875,2.769642857142857,1,1
1774885762.2779121,2026-03-30T17:49:22.277912,151.1146875,103.95,47.1646875,21.3125,0,1
1774885763.9169626,2026-03-30T17:49:23.916963,138.3120625,103.96,34.3520625,3.880357142857143,1,1
1774885765.4364395,2026-03-30T17:49:25.436440,137.154125,101.42,35.734125,5.760714285714286,1,1
1774885767.2894566,2026-03-30T17:49:27.289457,137.65375,103.87,33.78375,3.107142857142857,1,1
1774885768.7909338,2026-03-30T17:49:28.790934,140.3429375,104.45,35.8929375,5.976785714285714,1,1
1774885770.6341584,2026-03-30T17:49:30.634158,137.2996875,103.47,33.8296875,3.169642857142857,1,1
1774885772.197576,2026-03-30T17:49:32.197576,137.19525,103.17,34.02525,3.435714285714286,1,1
1774885773.6966019,2026-03-30T17:49:33.696602,138.128875,103.87,34.258875,3.7535714285714286,1,1
1774885775.2242677,2026-03-30T17:49:35.224268,139.349875,106.12,33.229875,2.3535714285714286,1,1
1774885776.714263,2026-03-30T17:49:36.714263,141.6636875,107.12,34.5436875,4.141071428571428,0,1
1774885778.458044,2026-03-30T17:49:38.458044,137.26693749999998,103.39,33.8769375,3.2339285714285713,1,1
1774885779.9954581,2026-03-30T17:49:39.995458,139.01375,103.55,35.46375,5.392857142857143,1,1
1774885781.9875703,2026-03-30T17:49:41.987570,137.01318750000002,102.9,34.1131875,3.555357142857143,1,1
1774885783.4887471,2026-03-30T17:49:43.488747,138.66637500000002,103.2,35.466375,5.396428571428571,1,1
1774885785.352764,2026-03-30T17:49:45.352764,138.23275,104.26,33.97275,3.3642857142857143,1,1
1774885786.8841794,2026-03-30T17:49:46.884179,137.4905,103.46,34.0305,3.442857142857143,1,1
1774885788.416006,2026-03-30T17:49:48.416006,138.18212499999998,103.96,34.222125,3.7035714285714287,1,1
1774885789.926448,2026-03-30T17:49:49.926448,137.549375,103.7,33.849375,3.1964285714285716,1,1
1774885791.4530067,2026-03-30T17:49:51.453007,146.905625,102.11,44.795625,18.089285714285715,0,1
1774885793.0600812,2026-03-30T17:49:53.060081,137.22943750000002,103.09,34.1394375,3.5910714285714285,1,1
1774885794.5546982,2026-03-30T17:49:54.554698,139.15718750000002,103.07000000000001,36.0871875,6.241071428571429,1,1
1774885796.2710133,2026-03-30T17:49:56.271013,138.642875,104.72,33.922875,3.2964285714285713,1,1
1774885797.7691293,2026-03-30T17:49:57.769129,138.0434375,104.45,33.5934375,2.8482142857142856,1,1
1774885799.3149412,2026-03-30T17:49:59.314941,137.50650000000002,103.77000000000001,33.7365,3.042857142857143,1,1
1774885800.867192,2026-03-30T17:50:00.867192,137.184,103.08,34.104,3.542857142857143,1,1
1774885802.3632126,2026-03-30T17:50:02.363213,149.8573125,105.42,44.4373125,17.601785714285715,0,1
1774885804.0258524,2026-03-30T17:50:04.025852,137.6485,103.66,33.9885,3.3857142857142857,1,1
1774885805.5379493,2026-03-30T17:50:05.537949,138.6458125,103.48,35.1658125,4.9875,1,1
1774885807.3269556,2026-03-30T17:50:07.326956,136.779,103.2,33.579,2.8285714285714287,1,1
1774885808.8769095,2026-03-30T17:50:08.876909,137.4323125,103.39,34.0423125,3.4589285714285714,1,1
1774885810.4154732,2026-03-30T17:50:10.415473,136.8309375,103.08,33.7509375,3.0625,0,1
1774885811.9443886,2026-03-30T17:50:11.944389,137.7569375,103.88,33.8769375,3.2339285714285713,1,1
1774885813.4638693,2026-03-30T17:50:13.463869,139.607125,103.39,36.217125,6.417857142857144,0,1
1774885815.2345884,2026-03-30T17:50:15.234588,137.57318750000002,103.67,33.9031875,3.269642857142857,1,1
1774885816.7358103,2026-03-30T17:50:16.735810,138.73475000000002,103.46000000000001,35.27475,5.135714285714286,1,1
1774885818.5179071,2026-03-30T17:50:18.517907,138.1196875,103.87,34.2496875,3.7410714285714284,1,1
1774885820.0267775,2026-03-30T17:50:20.026778,137.97325,103.57,34.40325,3.9499999999999997,1,1
1774885821.5198896,2026-03-30T17:50:21.519890,137.01331249999998,103.58,33.4333125,2.630357142857143,1,1
1774885823.0492296,2026-03-30T17:50:23.049230,137.633875,103.48,34.153875,3.6107142857142853,1,1
1774885824.547845,2026-03-30T17:50:24.547845,148.8921875,102.41,46.4821875,20.383928571428573,0,1
1774885826.4340048,2026-03-30T17:50:26.434005,137.1981875,103.19,34.0081875,3.4125,1,1
1774885827.9365063,2026-03-30T17:50:27.936506,139.9105625,103.28,36.630562499999996,6.980357142857143,1,1
1774885829.6475613,2026-03-30T17:50:29.647561,136.75818750000002,103.17,33.588187500000004,2.8410714285714285,1,1
1774885831.1481435,2026-03-30T17:50:31.148144,138.5341875,105.24000000000001,33.2941875,2.4410714285714286,1,1
1774885832.6792994,2026-03-30T17:50:32.679299,137.37925,103.48,33.89925,3.2642857142857147,0,1
1774885834.176472,2026-03-30T17:50:34.176472,137.6275,103.87,33.7575,3.0714285714285716,1,1
1774885835.6772192,2026-03-30T17:50:35.677219,145.3263125,102.38,42.946312500000005,15.573214285714286,0,1
1774885837.3268077,2026-03-30T17:50:37.326808,139.077875,105.25999999999999,33.817875,3.1535714285714285,1,1
1774885838.8240273,2026-03-30T17:50:38.824027,140.3126875,106.0,34.3126875,3.8267857142857147,1,1
1774885840.5936918,2026-03-30T17:50:40.593692,136.8481875,103.47,33.3781875,2.555357142857143,1,1
1774885842.0961437,2026-03-30T17:50:42.096144,137.4209375,103.46000000000001,33.9609375,3.3482142857142856,1,1
1774885843.6100776,2026-03-30T17:50:43.610078,137.695,103.78,33.915,3.2857142857142856,0,1
1774885845.1339462,2026-03-30T17:50:45.133946,137.097875,103.7,33.397875,2.582142857142857,1,1
1774885846.6732903,2026-03-30T17:50:46.673290,137.46775,101.92,35.54775,5.507142857142857,0,1
1774885848.4427254,2026-03-30T17:50:48.442725,137.78525,103.97,33.81525,3.15,1,1
1774885849.947023,2026-03-30T17:50:49.947023,140.2618125,104.55,35.7118125,5.730357142857143,1,1
1774885851.684165,2026-03-30T17:50:51.684165,136.566375,102.99,33.576375,2.8249999999999997,1,1
1774885853.2100077,2026-03-30T17:50:53.210008,137.40025,103.69,33.71025,3.007142857142857,1,1
1774885854.7493837,2026-03-30T17:50:54.749384,137.4356875,103.27,34.1656875,3.626785714285714,0,1
1774885856.2989786,2026-03-30T17:50:56.298979,137.6055,103.68,33.9255,3.3000000000000003,1,1
1774885857.7915835,2026-03-30T17:50:57.791584,148.5834375,102.39,46.1934375,19.991071428571427,0,1
1774885859.5655105,2026-03-30T17:50:59.565511,136.958,103.19,33.768,3.0857142857142854,1,1
1774885861.0812516,2026-03-30T17:51:01.081252,147.58499999999998,103.38,44.205,17.285714285714285,1,1
1774885862.8472364,2026-03-30T17:51:02.847236,139.38275,105.83,33.55275,2.792857142857143,1,1
1774885864.3641508,2026-03-30T17:51:04.364151,138.8755,105.16,33.7155,3.0142857142857147,1,1
1774885865.8864934,2026-03-30T17:51:05.886493,138.0755625,104.28,33.7955625,3.123214285714286,0,1
1774885867.399143,2026-03-30T17:51:07.399143,137.9013125,103.46,34.4413125,4.001785714285714,1,1
1774885868.9090245,2026-03-30T17:51:08.909024,137.452125,102.39,35.062125,4.846428571428571,0,1
1774885870.5059803,2026-03-30T17:51:10.505980,137.13356249999998,103.38,33.7535625,3.0660714285714286,1,1
1774885872.0145683,2026-03-30T17:51:12.014568,139.856375,103.76,36.096375,6.253571428571428,1,1
1774885873.7434356,2026-03-30T17:51:13.743436,136.6583125,102.91,33.7483125,3.0589285714285714,1,1
1774885875.2442772,2026-03-30T17:51:15.244277,138.80025,104.46,34.34025,3.8642857142857143,1,1
1774885876.7632184,2026-03-30T17:51:16.763218,137.02275,103.47,33.55275,2.792857142857143,0,1
1774885878.3128989,2026-03-30T17:51:18.312899,137.563,103.48,34.083,3.5142857142857147,1,1
1774885879.8060203,2026-03-30T17:51:19.806020,137.0104375,101.8,35.2104375,5.048214285714286,0,1
1774885881.4991653,2026-03-30T17:51:21.499165,137.0208125,103.01,34.0108125,3.4160714285714286,1,1
1774885882.9849818,2026-03-30T17:51:22.984982,144.6479375,103.19,41.4579375,13.548214285714286,1,1
1774885884.7029686,2026-03-30T17:51:24.702969,137.10525,103.29,33.81525,3.15,1,1
1774885886.2086167,2026-03-30T17:51:26.208617,137.8955,103.97,33.9255,3.3000000000000003,1,1
1774885887.773708,2026-03-30T17:51:27.773708,140.565,104.97,35.595,5.571428571428571,0,1
1774885892.378293,2026-03-30T17:51:32.378293,139.6323125,106.22,33.4123125,2.601785714285714,1,1
1774885893.916113,2026-03-30T17:51:33.916113,138.28525,104.47,33.81525,3.15,1,1
1774885895.4028287,2026-03-30T17:51:35.402829,137.111625,103.11,34.001625,3.4035714285714285,0,1
1774885896.909493,2026-03-30T17:51:36.909493,137.88262500000002,104.28,33.602625,2.8607142857142853,1,1
1774885898.4276614,2026-03-30T17:51:38.427661,148.20499999999998,103.58,44.625,17.857142857142858,0,1
1774885900.2028704,2026-03-30T17:51:40.202870,137.1575,103.4,33.7575,3.0714285714285716,1,1
1774885901.690889,2026-03-30T17:51:41.690889,140.532875,103.88,36.652875,7.010714285714286,1,1
1774885903.6624603,2026-03-30T17:51:43.662460,137.9315,103.67,34.2615,3.757142857142857,1,1
1774885905.1898737,2026-03-30T17:51:45.189874,147.577625,103.58,43.997625,17.00357142857143,1,1
1774885906.9217339,2026-03-30T17:51:46.921734,138.8634375,105.06,33.8034375,3.1339285714285716,1,1
1774885908.4223638,2026-03-30T17:51:48.422364,137.46375,103.67999999999999,33.78375,3.107142857142857,1,1
1774885909.9231052,2026-03-30T17:51:49.923105,139.31537500000002,105.34,33.975375,3.367857142857143,0,1
1774885911.4271593,2026-03-30T17:51:51.427159,136.9955,103.28,33.7155,3.014285714285714,1,1
1774885912.917073,2026-03-30T17:51:52.917073,138.25625000000002,101.9,36.35625,6.607142857142857,0,1
1774885914.7494535,2026-03-30T17:51:54.749454,136.928875,103.09,33.838875,3.182142857142857,1,1
1774885916.2495635,2026-03-30T17:51:56.249563,139.7870625,103.86,35.9270625,6.023214285714286,1,1
1774885918.0792282,2026-03-30T17:51:58.079228,137.76568749999998,103.6,34.1656875,3.626785714285714,1,1
1774885919.5757651,2026-03-30T17:51:59.575765,136.59868749999998,102.58,34.0186875,3.4267857142857143,1,1
1774885921.070157,2026-03-30T17:52:01.070157,136.70181250000002,103.09,33.6118125,2.873214285714286,0,1
1774885922.5676575,2026-03-30T17:52:02.567657,136.6060625,102.8,33.8060625,3.1374999999999997,1,1
1774885924.073005,2026-03-30T17:52:04.073005,147.8331875,102.8,45.0331875,18.412499999999998,0,1
1774885925.877348,2026-03-30T17:52:05.877348,137.5619375,103.58,33.9819375,3.376785714285714,1,1
1774885927.399718,2026-03-30T17:52:07.399718,140.1723125,102.98,37.1923125,7.744642857142857,1,1
1774885929.179168,2026-03-30T17:52:09.179168,136.743875,103.01,33.733875,3.039285714285714,1,1
1774885930.694457,2026-03-30T17:52:10.694457,137.601,103.77,33.831,3.1714285714285713,1,1
1774885932.2178612,2026-03-30T17:52:12.217861,137.01024999999998,103.3,33.71025,3.007142857142857,1,1
1774885933.729156,2026-03-30T17:52:13.729156,137.07943749999998,103.36,33.7194375,3.019642857142857,1,1
1774885935.2435555,2026-03-30T17:52:15.243556,149.164,102.88,46.284,20.11428571428571,0,1
1774885937.0825534,2026-03-30T17:52:17.082553,137.3375,103.58,33.7575,3.0714285714285716,1,1
1774885938.578504,2026-03-30T17:52:18.578504,140.0859375,104.34,35.7459375,5.776785714285714,1,1
1774885940.3379343,2026-03-30T17:52:20.337934,136.45875,102.99000000000001,33.46875,2.6785714285714284,1,1
1774885941.8762317,2026-03-30T17:52:21.876232,136.961625,103.17,33.791625,3.117857142857143,1,1
1774885943.40844,2026-03-30T17:52:23.408440,136.85556250000002,103.48,33.3755625,2.5517857142857143,1,1
1774885944.9131732,2026-03-30T17:52:24.913173,137.776625,104.09,33.686625,2.975,1,1
1774885946.4483032,2026-03-30T17:52:26.448303,138.2521875,102.69,35.5621875,5.526785714285714,0,1
1774885948.1936228,2026-03-30T17:52:28.193623,136.4881875,103.11,33.3781875,2.555357142857143,1,1
1774885949.6835353,2026-03-30T17:52:29.683535,139.15981250000002,103.49000000000001,35.6698125,5.673214285714286,1,1
1774885951.5378013,2026-03-30T17:52:31.537801,136.85456250000001,103.29,33.5645625,2.8089285714285714,1,1
1774885953.0367568,2026-03-30T17:52:33.036757,137.2213125,102.99,34.2313125,3.7160714285714285,1,1
1774885954.546303,2026-03-30T17:52:34.546303,137.70193749999999,104.14,33.5619375,2.805357142857143,0,1
1774885956.0759804,2026-03-30T17:52:36.075980,138.52725,104.67,33.85725,3.207142857142857,1,1
1774885957.5697427,2026-03-30T17:52:37.569743,139.2459375,104.55,34.6959375,4.348214285714286,0,1
1774885959.2392175,2026-03-30T17:52:39.239218,137.8556875,103.69,34.1656875,3.626785714285714,1,1
1774885960.7653804,2026-03-30T17:52:40.765380,137.61225,102.6,35.01225,4.778571428571429,1,1
1774885962.5783322,2026-03-30T17:52:42.578332,139.0830625,105.34,33.7430625,3.0517857142857143,1,1
1774885964.0997155,2026-03-30T17:52:44.099715,137.3283125,103.37,33.9583125,3.3446428571428575,1,1
1774885965.608452,2026-03-30T17:52:45.608452,137.4895625,103.4,34.0895625,3.523214285714286,0,1
1774885967.1254542,2026-03-30T17:52:47.125454,137.81937499999998,103.55,34.269375,3.767857142857143,1,1
1774885968.6545806,2026-03-30T17:52:48.654581,138.019125,103.86,34.159125,3.617857142857143,0,1
1774885970.3324754,2026-03-30T17:52:50.332475,137.356625,103.67,33.686625,2.975,1,1
1774885971.8473887,2026-03-30T17:52:51.847389,138.49937500000001,103.18,35.319375,5.196428571428571,1,1
1774885973.6907535,2026-03-30T17:52:53.690753,136.954,103.06,33.894,3.257142857142857,1,1
1774885975.2024884,2026-03-30T17:52:55.202488,138.0161875,104.47,33.5461875,2.7839285714285715,1,1
1774885976.7398515,2026-03-30T17:52:56.739851,137.221375,102.91,34.311375,3.8249999999999997,1,1
1774885978.263543,2026-03-30T17:52:58.263543,136.685,102.98,33.705,3.0,1,1
1774885979.7830527,2026-03-30T17:52:59.783053,138.23512499999998,102.69,35.545125,5.503571428571428,0,1
1774885981.5314674,2026-03-30T17:53:01.531467,136.4845625,102.71000000000001,33.7745625,3.0946428571428575,1,1
1774885983.0451682,2026-03-30T17:53:03.045168,140.1148125,104.76,35.3548125,5.244642857142857,1,1
1774885984.9178064,2026-03-30T17:53:04.917806,137.054,103.58,33.474000000000004,2.685714285714286,1,1
1774885986.5010169,2026-03-30T17:53:06.501017,136.9369375,103.27000000000001,33.6669375,2.9482142857142857,1,1
1774885988.0207386,2026-03-30T17:53:08.020739,136.5445625,102.98,33.5645625,2.8089285714285714,1,1
1774885989.525545,2026-03-30T17:53:09.525545,136.922875,103.0,33.922875,3.2964285714285713,1,1
1774885991.0459974,2026-03-30T17:53:11.045997,148.3703125,105.13,43.2403125,15.973214285714286,0,1
1774885992.7257004,2026-03-30T17:53:12.725700,137.6710625,103.76,33.9110625,3.2803571428571425,1,1
1774885994.2421758,2026-03-30T17:53:14.242176,138.6715625,103.28,35.3915625,5.294642857142857,1,1
1774885996.0018144,2026-03-30T17:53:16.001814,136.6955625,102.69,34.0055625,3.4089285714285715,1,1
1774885997.5417664,2026-03-30T17:53:17.541766,137.71631250000002,103.59,34.1263125,3.5732142857142857,1,1
1774885999.0648003,2026-03-30T17:53:19.064800,138.849,104.85,33.999,3.4,1,1
1774886000.6013608,2026-03-30T17:53:20.601361,137.947375,104.14,33.807375,3.1392857142857147,1,1
1774886002.096989,2026-03-30T17:53:22.096989,137.23225000000002,103.27000000000001,33.96225,3.35,0,1
1774886003.7923186,2026-03-30T17:53:23.792319,138.241625,104.03,34.211625,3.689285714285714,1,1
1774886005.2852416,2026-03-30T17:53:25.285242,138.5075,103.07000000000001,35.4375,5.357142857142857,1,1
1774886007.1498177,2026-03-30T17:53:27.149818,137.26925,103.37,33.89925,3.2642857142857147,1,1
1774886008.6535635,2026-03-30T17:53:28.653563,139.100125,105.34,33.760125,3.0749999999999997,1,1
1774886010.150174,2026-03-30T17:53:30.150174,137.054,103.58,33.474000000000004,2.685714285714286,0,1
1774886011.6776047,2026-03-30T17:53:31.677605,137.7780625,104.14,33.638062500000004,2.9089285714285715,1,1
1774886013.1617377,2026-03-30T17:53:33.161738,138.99625,103.48,35.51625,5.464285714285714,0,1
1774886014.9601116,2026-03-30T17:53:34.960112,137.3070625,103.48,33.8270625,3.1660714285714286,1,1
1774886016.5060682,2026-03-30T17:53:36.506068,139.943625,104.43,35.513625,5.460714285714286,1,1
1774886018.2647123,2026-03-30T17:53:38.264712,136.98137499999999,102.88,34.101375,3.539285714285714,1,1
1774886019.805079,2026-03-30T17:53:39.805079,137.44456250000002,103.67,33.7745625,3.0946428571428575,1,1
1774886021.333681,2026-03-30T17:53:41.333681,137.56456250000002,103.37,34.1945625,3.6660714285714286,1,1
1774886022.839652,2026-03-30T17:53:42.839652,137.4309375,103.26,34.1709375,3.6339285714285716,1,1
1774886024.3662243,2026-03-30T17:53:44.366224,148.6904375,104.24000000000001,44.4504375,17.619642857142857,0,1
1774886025.9990983,2026-03-30T17:53:45.999098,136.921375,103.66,33.261375,2.3964285714285714,1,1
1774886027.5286348,2026-03-30T17:53:47.528635,137.146625,103.46,33.686625,2.975,1,1
1774886029.325375,2026-03-30T17:53:49.325375,136.31,102.5,33.81,3.142857142857143,1,1
1774886030.8321903,2026-03-30T17:53:50.832190,136.341,102.51,33.831,3.1714285714285713,1,1
1774886032.326219,2026-03-30T17:53:52.326219,137.37368750000002,103.46000000000001,33.9136875,3.2839285714285715,1,1
1774886033.8487256,2026-03-30T17:53:53.848726,136.68706250000002,103.07000000000001,33.6170625,2.880357142857143,1,1
1774886035.3618379,2026-03-30T17:53:55.361838,149.09825,103.46,45.63825,19.235714285714288,0,1
1774886037.0471818,2026-03-30T17:53:57.047182,136.9406875,103.51,33.4306875,2.626785714285714,1,1
1774886038.5464468,2026-03-30T17:53:58.546447,140.721125,104.63,36.091125,6.246428571428572,1,1
1774886040.3227048,2026-03-30T17:54:00.322705,137.5846875,103.65,33.9346875,3.3125,1,1
1774886041.8551798,2026-03-30T17:54:01.855180,136.476125,102.59,33.886125,3.2464285714285714,1,1
1774886043.3478813,2026-03-30T17:54:03.347881,136.556375,102.98,33.576375,2.8249999999999997,0,1
1774886044.8448477,2026-03-30T17:54:04.844848,137.622625,103.39,34.232625,3.7178571428571425,1,1
1774886046.372912,2026-03-30T17:54:06.372912,136.5036875,102.59,33.9136875,3.2839285714285715,0,1
1774886048.0544343,2026-03-30T17:54:08.054434,137.490625,103.3,34.190625,3.6607142857142856,1,1
1774886049.5924547,2026-03-30T17:54:09.592455,141.24406249999998,104.53999999999999,36.7040625,7.080357142857143,1,1
1774886051.3886425,2026-03-30T17:54:11.388643,138.2648125,104.17,34.0948125,3.5303571428571425,1,1
1774886052.8911176,2026-03-30T17:54:12.891118,137.1810625,103.48,33.7010625,2.994642857142857,1,1
1774886054.3858232,2026-03-30T17:54:14.385823,137.3881875,103.38,34.0081875,3.4125,0,1
1774886055.8855917,2026-03-30T17:54:15.885592,137.176375,103.39,33.786375,3.1107142857142853,1,1
1774886057.4311311,2026-03-30T17:54:17.431131,138.8349375,103.95,34.8849375,4.605357142857143,0,1
1774886059.1502066,2026-03-30T17:54:19.150207,139.0379375,105.14,33.8979375,3.2624999999999997,1,1
1774886060.646366,2026-03-30T17:54:20.646366,139.089875,103.97,35.119875,4.925,1,1
1774886062.4572031,2026-03-30T17:54:22.457203,137.94537499999998,103.75999999999999,34.185375,3.6535714285714285,1,1
1774886063.952803,2026-03-30T17:54:23.952803,137.719125,103.77,33.949125,3.332142857142857,1,1
1774886065.4852304,2026-03-30T17:54:25.485230,136.85331250000002,103.0,33.8533125,3.2017857142857147,0,1
1774886067.0258386,2026-03-30T17:54:27.025839,137.5908125,104.0,33.5908125,2.8446428571428575,1,1
1774886068.5206554,2026-03-30T17:54:28.520655,140.2138125,104.46,35.7538125,5.7875000000000005,0,1
1774886070.2900586,2026-03-30T17:54:30.290059,138.7293125,104.96000000000001,33.7693125,3.0875,1,1
1774886071.8008356,2026-03-30T17:54:31.800836,139.305375,103.65,35.655375,5.653571428571429,1,1
1774886073.586254,2026-03-30T17:54:33.586254,136.92068749999999,103.28,33.6406875,2.9125,1,1
1774886075.1197767,2026-03-30T17:54:35.119777,136.7621875,103.09,33.6721875,2.955357142857143,1,1
1774886076.63408,2026-03-30T17:54:36.634080,138.1109375,104.36,33.7509375,3.0625,0,1
1774886078.1347613,2026-03-30T17:54:38.134761,136.5306875,103.10000000000001,33.4306875,2.626785714285714,1,1
1774886079.6701367,2026-03-30T17:54:39.670137,138.0726875,102.71,35.3626875,5.255357142857143,0,1
1774886081.4162269,2026-03-30T17:54:41.416227,137.13375,103.77,33.36375,2.5357142857142856,1,1
1774886082.9468362,2026-03-30T17:54:42.946836,139.1671875,103.29,35.8771875,5.955357142857143,1,1
1774886084.817532,2026-03-30T17:54:44.817532,137.3399375,103.19,34.1499375,3.605357142857143,1,1
1774886086.3349748,2026-03-30T17:54:46.334975,137.7259375,103.66,34.0659375,3.4910714285714284,1,1
1774886087.8560536,2026-03-30T17:54:47.856054,138.57206250000002,104.43,34.1420625,3.5946428571428575,0,1
1774886089.378794,2026-03-30T17:54:49.378794,137.04568749999999,103.3,33.7456875,3.055357142857143,1,1
1774886090.871572,2026-03-30T17:54:50.871572,138.3759375,102.42,35.9559375,6.0625,0,1
1774886092.6495557,2026-03-30T17:54:52.649556,137.2575,103.5,33.7575,3.0714285714285716,1,1
1774886094.170708,2026-03-30T17:54:54.170708,141.5184375,105.09,36.4284375,6.705357142857143,1,1
1774886095.9412875,2026-03-30T17:54:55.941288,136.55293749999998,103.39,33.1629375,2.2625,1,1
1774886097.4475024,2026-03-30T17:54:57.447502,136.42775,102.98,33.44775,2.65,1,1
1774886098.9699442,2026-03-30T17:54:58.969944,137.1793125,103.2,33.9793125,3.373214285714286,1,1
1774886100.5200136,2026-03-30T17:55:00.520014,136.6283125,102.67,33.9583125,3.3446428571428575,1,1
1774886102.0426369,2026-03-30T17:55:02.042637,150.66693750000002,103.56,47.1069375,21.23392857142857,0,1
1774886103.7318404,2026-03-30T17:55:03.731840,137.554,104.08,33.474000000000004,2.685714285714286,1,1
1774886105.2518752,2026-03-30T17:55:05.251875,141.587375,105.89,35.697375,5.710714285714286,1,1
1774886106.992322,2026-03-30T17:55:06.992322,136.8585,103.08,33.7785,3.1,1,1
1774886108.5212846,2026-03-30T17:55:08.521285,136.5095625,102.63,33.8795625,3.2375000000000003,1,1
1774886110.0205786,2026-03-30T17:55:10.020579,138.408625,104.47,33.938625,3.317857142857143,1,1
1774886111.5430858,2026-03-30T17:55:11.543086,136.85375,103.07000000000001,33.78375,3.107142857142857,1,1
1774886113.0577774,2026-03-30T17:55:13.057777,150.081625,103.48,46.601625,20.54642857142857,0,1
1774886114.7208674,2026-03-30T17:55:14.720867,136.87875,103.2,33.67875,2.9642857142857144,1,1
1774886116.2311406,2026-03-30T17:55:16.231141,141.41231249999998,106.11,35.3023125,5.173214285714286,1,1
1774886117.961506,2026-03-30T17:55:17.961506,136.592625,102.99,33.602625,2.8607142857142853,1,1
1774886119.4619296,2026-03-30T17:55:19.461930,138.040375,104.17,33.870375,3.225,1,1
1774886120.9559364,2026-03-30T17:55:20.955936,137.0519375,103.49000000000001,33.5619375,2.805357142857143,1,1
1774886122.458837,2026-03-30T17:55:22.458837,137.74843750000002,104.26,33.4884375,2.705357142857143,1,1
1774886123.956747,2026-03-30T17:55:23.956747,137.61312500000003,102.32000000000001,35.293125,5.160714285714286,0,1
1774886125.6832986,2026-03-30T17:55:25.683299,137.3398125,103.56,33.7798125,3.101785714285714,1,1
1774886127.2052262,2026-03-30T17:55:27.205226,138.0035,103.28,34.7235,4.385714285714285,1,1
1774886128.9883533,2026-03-30T17:55:28.988353,137.2576875,103.26,33.9976875,3.398214285714286,1,1
1774886130.4914312,2026-03-30T17:55:30.491431,136.7165,102.98,33.7365,3.042857142857143,1,1
1774886132.032074,2026-03-30T17:55:32.032074,137.9965,104.05,33.9465,3.3285714285714287,1,1
1774886133.561427,2026-03-30T17:55:33.561427,136.676125,103.0,33.676125,2.960714285714286,1,1
1774886135.0618558,2026-03-30T17:55:35.061856,149.6869375,102.78999999999999,46.8969375,20.948214285714283,0,1
1774886136.659445,2026-03-30T17:55:36.659445,137.6271875,104.27,33.3571875,2.5267857142857144,1,1
1774886138.1671407,2026-03-30T17:55:38.167141,139.05393750000002,103.56,35.4939375,5.433928571428572,1,1
1774886139.97296,2026-03-30T17:55:39.972960,137.9984375,103.67,34.3284375,3.8482142857142856,1,1
1774886141.4783683,2026-03-30T17:55:41.478368,149.6159375,103.58,46.0359375,19.776785714285715,1,1
1774886143.374984,2026-03-30T17:55:43.374984,136.71,103.11,33.6,2.857142857142857,1,1
1774886144.8833838,2026-03-30T17:55:44.883384,138.20862499999998,104.27,33.938625,3.317857142857143,1,1
1774886146.4051316,2026-03-30T17:55:46.405132,140.8121875,106.51,34.3021875,3.8125,1,1
1774886147.922638,2026-03-30T17:55:47.922638,137.264,103.78999999999999,33.474000000000004,2.685714285714286,1,1
1774886149.4586248,2026-03-30T17:55:49.458625,149.87175,102.89999999999999,46.97175,21.05,0,1
1774886151.2999716,2026-03-30T17:55:51.299972,138.5560625,104.96000000000001,33.5960625,2.851785714285714,1,1
1774886152.82807,2026-03-30T17:55:52.828070,139.727625,104.34,35.387625,5.289285714285714,1,1
1774886154.5892787,2026-03-30T17:55:54.589279,137.7394375,103.39,34.3494375,3.876785714285714,1,1
1774886156.0936217,2026-03-30T17:55:56.093622,138.22625,104.18,34.04625,3.4642857142857144,1,1
1774886157.5923371,2026-03-30T17:55:57.592337,137.0735625,102.9,34.1735625,3.6374999999999997,1,1
1774886159.1026578,2026-03-30T17:55:59.102658,138.00775,104.56,33.44775,2.65,1,1
1774886160.6153176,2026-03-30T17:56:00.615318,138.7290625,103.17999999999999,35.5490625,5.508928571428571,0,1
1774886162.35512,2026-03-30T17:56:02.355120,137.3648125,103.69,33.6748125,2.9589285714285714,1,1
1774886163.8687193,2026-03-30T17:56:03.868719,136.4926875,102.6,33.8926875,3.2553571428571426,1,1
1774886165.6690836,2026-03-30T17:56:05.669084,139.153625,105.53,33.623625000000004,2.8892857142857147,1,1
1774886167.1730394,2026-03-30T17:56:07.173039,137.49787500000002,103.68,33.817875,3.1535714285714285,1,1
1774886168.6725223,2026-03-30T17:56:08.672522,139.3885625,105.53,33.8585625,3.2089285714285714,0,1
1774886170.2110965,2026-03-30T17:56:10.211097,136.4643125,102.8,33.6643125,2.944642857142857,1,1
1774886171.7288601,2026-03-30T17:56:11.728860,138.52175,102.89,35.63175,5.621428571428572,0,1
1774886173.487202,2026-03-30T17:56:13.487202,137.43824999999998,103.77,33.66825,2.9499999999999997,1,1
1774886174.975265,2026-03-30T17:56:14.975265,138.12762500000002,103.79,34.337625,3.8607142857142853,1,1
1774886176.7651033,2026-03-30T17:56:16.765103,136.9031875,103.0,33.9031875,3.269642857142857,1,1
1774886178.284611,2026-03-30T17:56:18.284611,136.9619375,103.19,33.7719375,3.0910714285714285,1,1
1774886179.7986186,2026-03-30T17:56:19.798619,136.818875,103.19,33.628875,2.8964285714285714,0,1
1774886181.334603,2026-03-30T17:56:21.334603,139.7045625,105.72,33.9845625,3.380357142857143,1,1
1774886182.8517735,2026-03-30T17:56:22.851774,137.2220625,102.86999999999999,34.3520625,3.880357142857143,0,1
1774886184.5615108,2026-03-30T17:56:24.561511,136.62125,103.1,33.52125,2.75,1,1
1774886186.0585747,2026-03-30T17:56:26.058575,138.96687500000002,103.28,35.686875,5.696428571428571,1,1
1774886187.781963,2026-03-30T17:56:27.781963,136.8984375,102.99,33.9084375,3.2767857142857144,1,1
1774886189.3120441,2026-03-30T17:56:29.312044,137.1753125,103.49,33.6853125,2.9732142857142856,1,1
1774886190.8102586,2026-03-30T17:56:30.810259,137.044875,103.28999999999999,33.754875,3.067857142857143,0,1
1774886192.3306856,2026-03-30T17:56:32.330686,137.05125,102.9,34.15125,3.607142857142857,1,1
1774886193.847542,2026-03-30T17:56:33.847542,149.2369375,101.92,47.3169375,21.519642857142856,0,1
1774886195.704543,2026-03-30T17:56:35.704543,136.3531875,103.29,33.0631875,2.126785714285714,1,1
1774886197.1926951,2026-03-30T17:56:37.192695,137.6131875,103.29,34.3231875,3.8410714285714285,1,1
1774886199.0560687,2026-03-30T17:56:39.056069,137.7321875,104.06,33.6721875,2.955357142857143,1,1
1774886200.5600543,2026-03-30T17:56:40.560054,137.6159375,104.18,33.4359375,2.6339285714285716,1,1
1774886202.053072,2026-03-30T17:56:42.053072,137.3956875,103.65,33.7456875,3.055357142857143,0,1
1774886203.580489,2026-03-30T17:56:43.580489,137.3559375,103.29,34.0659375,3.4910714285714284,1,1
1774886205.0797372,2026-03-30T17:56:45.079737,138.298125,102.9,35.398125,5.303571428571429,0,1
1774886206.8238146,2026-03-30T17:56:46.823815,136.6409375,103.1,33.5409375,2.7767857142857144,1,1
1774886208.348981,2026-03-30T17:56:48.348981,136.5456875,102.59,33.9556875,3.3410714285714285,1,1
1774886210.123723,2026-03-30T17:56:50.123723,137.9829375,103.98,34.0029375,3.4053571428571425,1,1
1774886211.6249173,2026-03-30T17:56:51.624917,136.914875,103.37,33.544875,2.7821428571428575,1,1
1774886213.1405902,2026-03-30T17:56:53.140590,136.84875,103.17,33.67875,2.9642857142857144,0,1
1774886214.6869218,2026-03-30T17:56:54.686922,137.3858125,103.27,34.1158125,3.5589285714285714,1,1
1774886216.189453,2026-03-30T17:56:56.189453,139.007875,102.88,36.127875,6.296428571428572,0,1
1774886217.9695382,2026-03-30T17:56:57.969538,137.41750000000002,103.87,33.5475,2.7857142857142856,1,1
1774886219.4630406,2026-03-30T17:56:59.463041,137.292625,103.48,33.812625,3.1464285714285714,1,1
1774886221.3000119,2026-03-30T17:57:01.300012,136.74775,103.3,33.44775,2.65,1,1
1774886222.814447,2026-03-30T17:57:02.814447,137.2233125,103.58,33.6433125,2.9160714285714286,1,1
1774886224.3542423,2026-03-30T17:57:04.354242,137.032625,103.00999999999999,34.022625,3.432142857142857,0,1
1774886225.8661075,2026-03-30T17:57:05.866107,137.16775,103.09,34.07775,3.507142857142857,1,1
1774886227.398312,2026-03-30T17:57:07.398312,148.634375,102.5,46.134375,19.910714285714285,0,1
1774886229.278604,2026-03-30T17:57:09.278604,137.1160625,103.10000000000001,34.0160625,3.4232142857142853,1,1
1774886230.767065,2026-03-30T17:57:10.767065,140.9114375,105.26,35.6514375,5.648214285714286,1,1
1774886232.5764694,2026-03-30T17:57:12.576469,137.5844375,103.97,33.6144375,2.876785714285714,1,1
1774886234.0859811,2026-03-30T17:57:14.085981,137.91368749999998,103.58,34.333687499999996,3.855357142857143,1,1
1774886235.586844,2026-03-30T17:57:15.586844,138.07637499999998,104.08,33.996375,3.3964285714285714,1,1
1774886237.0998936,2026-03-30T17:57:17.099894,136.937625,102.81,34.127625,3.5749999999999997,1,1
1774886238.607,2026-03-30T17:57:18.607000,149.152,102.7,46.452,20.342857142857145,0,1
1774886240.3867025,2026-03-30T17:57:20.386703,138.48262499999998,104.46,34.022625,3.432142857142857,1,1
1774886241.8811126,2026-03-30T17:57:21.881113,138.8468125,103.87,34.9768125,4.730357142857143,1,1
1774886243.723584,2026-03-30T17:57:23.723584,136.9931875,103.09,33.9031875,3.269642857142857,1,1
1774886245.2286339,2026-03-30T17:57:25.228634,137.395625,103.1,34.295625,3.8035714285714284,1,1
1774886246.7248676,2026-03-30T17:57:26.724868,137.2583125,103.3,33.9583125,3.3446428571428575,0,1
1774886248.243118,2026-03-30T17:57:28.243118,137.406625,103.3,34.106625,3.5464285714285713,1,1
1774886249.7678676,2026-03-30T17:57:29.767868,137.40718750000002,102.79,34.6171875,4.241071428571429,0,1
1774886251.4643402,2026-03-30T17:57:31.464340,138.8131875,105.33,33.4831875,2.6982142857142857,1,1
1774886252.9508271,2026-03-30T17:57:32.950827,136.907875,103.3,33.607875,2.867857142857143,1,1
1774886254.4391599,2026-03-30T17:57:34.439160,137.0306875,103.39,33.6406875,2.9125,1,1
1774886256.007932,2026-03-30T17:57:36.007932,138.582875,104.24,34.342875,3.867857142857143,1,1
1774886257.514048,2026-03-30T17:57:37.514048,137.06687499999998,103.27,33.796875,3.125,0,1
1774886259.1546636,2026-03-30T17:57:39.154664,137.13468749999998,102.99,34.1446875,3.5982142857142856,1,1
1774886260.6769118,2026-03-30T17:57:40.676912,139.7339375,104.24,35.4939375,5.433928571428572,1,1
1774886262.463532,2026-03-30T17:57:42.463532,139.9295625,105.84,34.0895625,3.523214285714286,1,1
1774886263.9728913,2026-03-30T17:57:43.972891,137.272375,103.57000000000001,33.702375,2.9964285714285714,1,1
1774886265.4668858,2026-03-30T17:57:45.466886,139.6171875,105.42,34.1971875,3.669642857142857,0,1
1774886266.968155,2026-03-30T17:57:46.968155,136.8171875,103.25,33.5671875,2.8125,1,1
1774886268.4714975,2026-03-30T17:57:48.471498,148.727625,102.42,46.307625,20.146428571428572,0,1
1774886270.3335714,2026-03-30T17:57:50.333571,137.682625,103.87,33.812625,3.1464285714285714,1,1
1774886271.8901503,2026-03-30T17:57:51.890150,137.718625,101.89,35.828625,5.889285714285714,1,1
1774886273.61526,2026-03-30T17:57:53.615260,138.8211875,104.75,34.0711875,3.498214285714286,1,1
1774886275.1038396,2026-03-30T17:57:55.103840,137.2196875,103.39,33.8296875,3.169642857142857,1,1
1774886276.6199021,2026-03-30T17:57:56.619902,137.455375,103.48,33.975375,3.367857142857143,0,1
1774886278.121886,2026-03-30T17:57:58.121886,137.54375,103.97,33.57375,2.8214285714285716,1,1
1774886279.657729,2026-03-30T17:57:59.657729,149.1225,102.03,47.0925,21.214285714285715,0,1
1774886281.420376,2026-03-30T17:58:01.420376,137.212875,103.5,33.712875,3.0107142857142857,1,1
1774886282.9101477,2026-03-30T17:58:02.910148,139.0099375,103.39,35.6199375,5.605357142857143,1,1
1774886284.861737,2026-03-30T17:58:04.861737,138.89225,105.14,33.752250000000004,3.064285714285714,1,1
1774886286.3744264,2026-03-30T17:58:06.374426,137.91525000000001,103.68,34.23525,3.7214285714285715,1,1
1774886287.8884494,2026-03-30T17:58:07.888449,138.0829375,103.87,34.2129375,3.6910714285714286,0,1
1774886289.409996,2026-03-30T17:58:09.409996,137.698125,103.98,33.718125,3.017857142857143,1,1
1774886290.9554586,2026-03-30T17:58:10.955459,149.77187500000002,102.43,47.341875,21.553571428571427,0,1
1774886292.8957546,2026-03-30T17:58:12.895755,137.1558125,103.67,33.4858125,2.7017857142857147,1,1
1774886294.4183068,2026-03-30T17:58:14.418307,138.698125,103.3,35.398125,5.303571428571429,1,1
1774886296.1540456,2026-03-30T17:58:16.154046,136.8848125,102.78999999999999,34.0948125,3.5303571428571425,1,1
1774886297.6650662,2026-03-30T17:58:17.665066,138.2556875,103.67,34.5856875,4.198214285714285,1,1
1774886299.1676655,2026-03-30T17:58:19.167665,137.275375,103.3,33.975375,3.367857142857143,0,1
1774886300.6846707,2026-03-30T17:58:20.684671,137.186375,103.19,33.996375,3.3964285714285714,1,1
1774886302.2068698,2026-03-30T17:58:22.206870,137.393375,103.46,33.933375,3.310714285714286,0,1
1774886303.895794,2026-03-30T17:58:23.895794,138.693875,104.96000000000001,33.733875,3.039285714285714,1,1
1774886305.3773863,2026-03-30T17:58:25.377386,138.7823125,103.48,35.3023125,5.173214285714286,1,1
1774886307.191336,2026-03-30T17:58:27.191336,137.409,103.2,34.209,3.685714285714286,1,1
1774886308.6908343,2026-03-30T17:58:28.690834,137.637375,104.03999999999999,33.597375,2.8535714285714286,1,1
1774886310.2395048,2026-03-30T17:58:30.239505,138.0008125,103.99,34.0108125,3.4160714285714286,0,1
1774886311.7748358,2026-03-30T17:58:31.774836,136.87425000000002,103.29,33.58425,2.835714285714286,1,1
1774886313.3227563,2026-03-30T17:58:33.322756,148.242625,101.83,46.412625,20.289285714285715,0,1
1774886315.1726184,2026-03-30T17:58:35.172618,137.4781875,103.67999999999999,33.7981875,3.126785714285714,1,1
1774886316.663605,2026-03-30T17:58:36.663605,140.1499375,103.69,36.4599375,6.748214285714285,1,1
1774886318.3275533,2026-03-30T17:58:38.327553,137.3611875,103.29,34.0711875,3.498214285714286,1,1
1774886319.8368084,2026-03-30T17:58:39.836808,138.31400000000002,103.79,34.524,4.114285714285715,1,1
1774886321.3790078,2026-03-30T17:58:41.379008,137.2609375,103.3,33.9609375,3.3482142857142856,1,1
1774886322.9301069,2026-03-30T17:58:42.930107,138.36925,104.47,33.89925,3.2642857142857147,1,1
1774886324.4232826,2026-03-30T17:58:44.423283,148.4443125,103.86,44.584312499999996,17.801785714285714,0,1
1774886326.0646265,2026-03-30T17:58:46.064626,137.46925,103.78,33.68925,2.9785714285714286,1,1
1774886327.5617468,2026-03-30T17:58:47.561747,139.94243749999998,104.27,35.6724375,5.676785714285714,1,1
1774886329.4584565,2026-03-30T17:58:49.458457,136.9421875,103.27,33.6721875,2.955357142857143,1,1
1774886330.9624646,2026-03-30T17:58:50.962465,138.5498125,104.35,34.1998125,3.6732142857142853,1,1
1774886332.4923184,2026-03-30T17:58:52.492318,137.45218749999998,103.57,33.8821875,3.2410714285714284,0,1
1774886334.0118482,2026-03-30T17:58:54.011848,136.48925,102.8,33.68925,2.9785714285714286,1,1
1774886335.5219681,2026-03-30T17:58:55.521968,138.19275,102.54,35.65275,5.65,0,1
1774886337.3280168,2026-03-30T17:58:57.328017,136.7270625,102.9,33.8270625,3.1660714285714286,1,1
1774886338.8227367,2026-03-30T17:58:58.822737,138.7794375,103.59,35.1894375,5.019642857142857,1,1
1774886340.65338,2026-03-30T17:59:00.653380,137.34981249999998,103.78,33.5698125,2.8160714285714286,1,1
1774886342.185733,2026-03-30T17:59:02.185733,138.7831875,104.67,34.1131875,3.555357142857143,1,1
1774886343.6724389,2026-03-30T17:59:03.672439,137.1681875,103.58,33.588187500000004,2.8410714285714285,0,1
1774886345.1751676,2026-03-30T17:59:05.175168,137.44774999999998,103.58,33.86775,3.2214285714285715,1,1
1774886346.6966536,2026-03-30T17:59:06.696654,138.48425,103.01,35.47425,5.4071428571428575,0,1
1774886348.4153452,2026-03-30T17:59:08.415345,138.287625,104.37,33.917625,3.289285714285714,1,1
1774886349.9173222,2026-03-30T17:59:09.917322,139.655125,103.69,35.965125,6.075,1,1
1774886351.6375935,2026-03-30T17:59:11.637594,137.75956250000002,103.67,34.0895625,3.523214285714286,1,1
1774886353.1601832,2026-03-30T17:59:13.160183,138.747875,103.67,35.077875,4.867857142857143,1,1
1774886355.0100229,2026-03-30T17:59:15.010023,137.06856249999998,103.0,34.0685625,3.494642857142857,1,1
1774886356.5220156,2026-03-30T17:59:16.522016,137.849,104.06,33.789,3.1142857142857143,1,1
1774886358.0253456,2026-03-30T17:59:18.025346,136.5328125,102.9,33.6328125,2.9017857142857144,1,1
1774886359.526802,2026-03-30T17:59:19.526802,137.5375,103.57,33.9675,3.357142857142857,1,1
1774886361.0408406,2026-03-30T17:59:21.040841,137.77,102.7,35.07,4.857142857142857,0,1
1774886362.730234,2026-03-30T17:59:22.730234,138.455375,104.27,34.185375,3.6535714285714285,1,1
1774886364.2470083,2026-03-30T17:59:24.247008,138.95325,103.5,35.45325,5.378571428571428,1,1
1774886366.0983522,2026-03-30T17:59:26.098352,137.5559375,103.49,34.0659375,3.4910714285714284,1,1
1774886367.6099997,2026-03-30T17:59:27.610000,137.1210625,103.21,33.9110625,3.2803571428571425,1,1
1774886369.1015847,2026-03-30T17:59:29.101585,137.076625,103.39,33.686625,2.975,0,1
1774886370.6292722,2026-03-30T17:59:30.629272,141.71106250000003,107.80000000000001,33.9110625,3.2803571428571425,1,1
1774886372.133774,2026-03-30T17:59:32.133774,147.31787500000002,103.0,44.317875,17.439285714285713,0,1
1774886373.9237838,2026-03-30T17:59:33.923784,137.8065,104.07000000000001,33.7365,3.042857142857143,1,1
1774886375.453002,2026-03-30T17:59:35.453002,141.9141875,103.58,38.3341875,9.298214285714286,1,1
1774886377.234353,2026-03-30T17:59:37.234353,139.4128125,105.15,34.2628125,3.7589285714285716,1,1
1774886378.7378612,2026-03-30T17:59:38.737861,136.767375,103.38,33.387375,2.567857142857143,1,1
1774886380.2591798,2026-03-30T17:59:40.259180,139.7154375,103.77,35.9454375,6.048214285714286,0,1
1774886384.8006556,2026-03-30T17:59:44.800656,136.6293125,103.28,33.3493125,2.5160714285714287,1,1
1774886386.305369,2026-03-30T17:59:46.305369,138.1720625,104.03,34.1420625,3.5946428571428575,1,1
1774886387.864978,2026-03-30T17:59:47.864978,138.34875,104.46,33.88875,3.25,1,1
1774886389.360103,2026-03-30T17:59:49.360103,136.7498125,103.39,33.3598125,2.5303571428571425,1,1
1774886390.861786,2026-03-30T17:59:50.861786,138.5579375,102.77000000000001,35.7879375,5.833928571428571,0,1
1774886392.598342,2026-03-30T17:59:52.598342,137.407875,103.38,34.027875,3.439285714285714,1,1
1774886394.119013,2026-03-30T17:59:54.119013,138.9266875,103.48,35.4466875,5.369642857142857,1,1
1774886395.9096036,2026-03-30T17:59:55.909604,137.26218749999998,103.38,33.8821875,3.2410714285714284,1,1
1774886397.4145255,2026-03-30T17:59:57.414526,137.2170625,103.39,33.8270625,3.1660714285714286,1,1
1774886398.9697635,2026-03-30T17:59:58.969764,136.9834375,103.39,33.5934375,2.8482142857142856,0,1
1774886400.4824903,2026-03-30T18:00:00.482490,137.7464375,103.46000000000001,34.2864375,3.791071428571428,1,1
1774886402.024797,2026-03-30T18:00:02.024797,149.0633125,102.61,46.453312499999996,20.344642857142855,0,1
1774886403.872851,2026-03-30T18:00:03.872851,139.051375,105.16,33.891375,3.2535714285714286,1,1
1774886405.4275334,2026-03-30T18:00:05.427533,139.0853125,103.09,35.9953125,6.116071428571429,1,1
1774886407.1828754,2026-03-30T18:00:07.182875,137.5165,103.57,33.9465,3.3285714285714287,1,1
1774886408.7245133,2026-03-30T18:00:08.724513,137.340375,103.47,33.870375,3.225,1,1
1774886410.2496905,2026-03-30T18:00:10.249691,136.6133125,103.18,33.4333125,2.630357142857143,0,1
1774886411.764714,2026-03-30T18:00:11.764714,137.0194375,103.09,33.9294375,3.305357142857143,1,1
1774886413.304697,2026-03-30T18:00:13.304697,138.88525,103.18,35.70525,5.721428571428571,0,1
1774886415.108532,2026-03-30T18:00:15.108532,137.1930625,103.66,33.5330625,2.7660714285714287,1,1
1774886416.5973003,2026-03-30T18:00:16.597300,139.36425,103.67999999999999,35.68425,5.692857142857143,1,1
1774886418.3943267,2026-03-30T18:00:18.394327,137.6323125,103.59,34.0423125,3.4589285714285714,1,1
1774886419.924764,2026-03-30T18:00:19.924764,136.86318749999998,103.38,33.4831875,2.6982142857142857,1,1
1774886421.4251423,2026-03-30T18:00:21.425142,137.344125,103.28999999999999,34.054125,3.475,0,1
1774886422.968646,2026-03-30T18:00:22.968646,137.56025,104.27,33.29025,2.435714285714286,1,1
1774886424.5193074,2026-03-30T18:00:24.519307,147.99775,103.0,44.99775,18.364285714285717,0,1
1774886426.3184702,2026-03-30T18:00:26.318470,138.42681249999998,104.08,34.3468125,3.873214285714286,1,1
1774886427.8181725,2026-03-30T18:00:27.818172,139.8624375,103.98,35.8824375,5.9624999999999995,1,1
1774886429.69108,2026-03-30T18:00:29.691080,136.553,102.89,33.663,2.942857142857143,1,1
1774886431.2153518,2026-03-30T18:00:31.215352,136.7306875,103.09,33.6406875,2.9125,1,1
1774886432.7589786,2026-03-30T18:00:32.758979,137.861375,103.97,33.891375,3.2535714285714286,1,1
1774886434.286397,2026-03-30T18:00:34.286397,137.176625,103.49,33.686625,2.975,1,1
1774886435.7839859,2026-03-30T18:00:35.783986,138.86825000000002,103.10000000000001,35.76825,5.807142857142857,0,1
1774886437.552432,2026-03-30T18:00:37.552432,137.519125,103.78,33.739125,3.0464285714285713,1,1
1774886439.0463376,2026-03-30T18:00:39.046338,137.3139375,103.08,34.2339375,3.7196428571428575,1,1
1774886440.862889,2026-03-30T18:00:40.862889,137.30525,103.49,33.81525,3.15,1,1
1774886442.3759766,2026-03-30T18:00:42.375977,138.04874999999998,104.16,33.88875,3.25,1,1
1774886443.9013023,2026-03-30T18:00:43.901302,138.9075,104.73,34.1775,3.642857142857143,1,1
1774886445.4236035,2026-03-30T18:00:45.423604,136.88456250000002,102.69,34.1945625,3.6660714285714286,1,1
1774886446.9357934,2026-03-30T18:00:46.935793,138.0325,103.96000000000001,34.0725,3.5,0,1
1774886448.6643193,2026-03-30T18:00:48.664319,137.0836875,103.17,33.9136875,3.2839285714285715,1,1
1774886450.1701024,2026-03-30T18:00:50.170102,138.1063125,103.77,34.3363125,3.8589285714285713,1,1
1774886451.966111,2026-03-30T18:00:51.966111,136.5855625,103.0,33.5855625,2.8375,1,1
1774886453.4776905,2026-03-30T18:00:53.477690,136.85306250000002,102.9,33.9530625,3.3375,1,1
1774886455.021743,2026-03-30T18:00:55.021743,137.7118125,103.67999999999999,34.0318125,3.444642857142857,1,1
1774886456.514817,2026-03-30T18:00:56.514817,137.04775,103.18,33.86775,3.2214285714285715,1,1
1774886458.0165038,2026-03-30T18:00:58.016504,138.8956875,103.47,35.4256875,5.341071428571429,0,1
1774886459.731633,2026-03-30T18:00:59.731633,137.1055,103.39,33.7155,3.0142857142857147,1,1
1774886461.2565732,2026-03-30T18:01:01.256573,139.328,103.67,35.658,5.6571428571428575,1,1
1774886463.0595868,2026-03-30T18:01:03.059587,138.00206250000002,104.07000000000001,33.9320625,3.3089285714285714,1,1
1774886464.5626562,2026-03-30T18:01:04.562656,137.5335,103.65,33.8835,3.242857142857143,1,1
1774886466.1021693,2026-03-30T18:01:06.102169,137.90675,104.06,33.84675,3.1928571428571426,1,1
1774886467.5965762,2026-03-30T18:01:07.596576,137.151625,103.78,33.371625,2.5464285714285713,1,1
1774886469.0911381,2026-03-30T18:01:09.091138,138.5866875,102.51,36.0766875,6.226785714285714,0,1
1774886470.829778,2026-03-30T18:01:10.829778,137.92775,104.27,33.65775,2.935714285714286,1,1
1774886472.3436272,2026-03-30T18:01:12.343627,139.9864375,104.02,35.9664375,6.076785714285714,1,1
1774886474.1106231,2026-03-30T18:01:14.110623,137.7146875,103.78,33.9346875,3.3125,1,1
1774886475.6170514,2026-03-30T18:01:15.617051,138.2399375,104.09,34.1499375,3.605357142857143,1,1
1774886477.1131117,2026-03-30T18:01:17.113112,137.3655625,103.57,33.7955625,3.123214285714286,0,1
1774886478.638665,2026-03-30T18:01:18.638665,138.0425,103.97,34.0725,3.5,1,1
1774886480.1349494,2026-03-30T18:01:20.134949,138.3898125,102.30000000000001,36.0898125,6.244642857142857,0,1
1774886481.8723612,2026-03-30T18:01:21.872361,137.50150000000002,103.87,33.6315,2.9,1,1
1774886483.383237,2026-03-30T18:01:23.383237,139.7904375,104.37,35.4204375,5.333928571428571,1,1
1774886485.0811574,2026-03-30T18:01:25.081157,137.15800000000002,103.39,33.768,3.085714285714286,1,1
1774886486.6064942,2026-03-30T18:01:26.606494,138.372375,104.25,34.122375,3.567857142857143,1,1
1774886488.122578,2026-03-30T18:01:28.122578,137.760125,103.58,34.180125,3.6464285714285714,1,1
1774886489.6383395,2026-03-30T18:01:29.638340,137.6223125,103.58,34.0423125,3.4589285714285714,1,1
1774886491.1641645,2026-03-30T18:01:31.164165,149.51175,103.59,45.92175,19.62142857142857,0,1
1774886492.8191078,2026-03-30T18:01:32.819108,140.511375,106.83,33.681375,2.9678571428571425,1,1
1774886494.3301814,2026-03-30T18:01:34.330181,138.09368750000002,102.29,35.8036875,5.855357142857143,1,1
1774886496.0158646,2026-03-30T18:01:36.015865,137.122875,103.2,33.922875,3.2964285714285713,1,1
1774886497.5599012,2026-03-30T18:01:37.559901,137.56475,103.97,33.59475,2.85,1,1
1774886499.1780713,2026-03-30T18:01:39.178071,136.8671875,102.88,33.9871875,3.3839285714285716,1,1
1774886500.7112772,2026-03-30T18:01:40.711277,136.987625,103.49000000000001,33.497625,2.7178571428571425,1,1
1774886502.2363837,2026-03-30T18:01:42.236384,148.7924375,103.67,45.122437500000004,18.53392857142857,0,1
1774886503.8857121,2026-03-30T18:01:43.885712,137.61950000000002,103.61,34.0095,3.414285714285714,1,1
1774886505.3832242,2026-03-30T18:01:45.383224,141.687,105.63,36.057,6.2,1,1
1774886507.14271,2026-03-30T18:01:47.142710,137.58925,103.69,33.89925,3.2642857142857147,1,1
1774886508.6921,2026-03-30T18:01:48.692100,136.813625,103.19,33.623625000000004,2.8892857142857147,1,1
1774886510.219212,2026-03-30T18:01:50.219212,138.45125000000002,105.14,33.31125,2.4642857142857144,1,1
1774886511.7258909,2026-03-30T18:01:51.725891,137.81,103.79,34.019999999999996,3.4285714285714284,1,1
1774886513.2155652,2026-03-30T18:01:53.215565,139.77475,103.87,35.90475,5.992857142857143,0,1
1774886514.9416752,2026-03-30T18:01:54.941675,136.5215,103.1,33.4215,2.6142857142857143,1,1
1774886516.4771988,2026-03-30T18:01:56.477199,139.4004375,103.98,35.4204375,5.333928571428571,1,1
1774886518.3230417,2026-03-30T18:01:58.323042,137.221,102.97,34.251,3.742857142857143,1,1
1774886519.82365,2026-03-30T18:01:59.823650,136.891875,102.99,33.901875,3.267857142857143,1,1
1774886521.3155856,2026-03-30T18:02:01.315586,137.06981249999998,103.28999999999999,33.7798125,3.101785714285714,1,1
1774886522.8237135,2026-03-30T18:02:02.823714,137.091375,103.2,33.891375,3.2535714285714286,1,1
1774886524.337265,2026-03-30T18:02:04.337265,137.8538125,103.15,34.7038125,4.358928571428572,0,1
1774886526.060124,2026-03-30T18:02:06.060124,137.6396875,103.81,33.8296875,3.169642857142857,1,1
1774886527.5779345,2026-03-30T18:02:07.577935,140.542125,104.85,35.692125,5.703571428571428,1,1
1774886529.3518817,2026-03-30T18:02:09.351882,136.754125,102.7,34.054125,3.475,1,1
1774886530.854988,2026-03-30T18:02:10.854988,137.1516875,103.28,33.8716875,3.226785714285714,1,1
1774886532.3493395,2026-03-30T18:02:12.349339,136.5419375,103.19,33.3519375,2.519642857142857,0,1
1774886533.8978484,2026-03-30T18:02:13.897848,137.9445625,103.96,33.9845625,3.380357142857143,1,1
1774886535.45672,2026-03-30T18:02:15.456720,150.5933125,104.56,46.0333125,19.773214285714285,0,1
1774886537.2738311,2026-03-30T18:02:17.273831,138.2720625,104.55,33.7220625,3.023214285714286,1,1
1774886538.7674491,2026-03-30T18:02:18.767449,139.9944375,104.07,35.924437499999996,6.019642857142857,1,1
1774886540.5504587,2026-03-30T18:02:20.550459,137.19318750000002,103.29,33.9031875,3.269642857142857,1,1
1774886542.0464885,2026-03-30T18:02:22.046489,139.195125,105.53999999999999,33.655125,2.932142857142857,1,1
1774886543.5732987,2026-03-30T18:02:23.573299,136.8970625,103.28,33.6170625,2.880357142857143,0,1
1774886545.0989032,2026-03-30T18:02:25.098903,137.3305,103.3,34.0305,3.442857142857143,1,1
1774886546.6144667,2026-03-30T18:02:26.614467,139.011125,102.92,36.091125,6.246428571428572,0,1
1774886548.3885102,2026-03-30T18:02:28.388510,137.1566875,103.39,33.7666875,3.0839285714285714,1,1
1774886549.916444,2026-03-30T18:02:29.916444,138.793125,104.55,34.243125,3.732142857142857,1,1
1774886551.7034118,2026-03-30T18:02:31.703412,137.4794375,103.97,33.5094375,2.7339285714285713,1,1
1774886553.2225897,2026-03-30T18:02:33.222590,137.01749999999998,103.89,33.1275,2.2142857142857144,1,1
1774886554.6836472,2026-03-30T18:02:34.683647,137.45693749999998,103.58,33.8769375,3.2339285714285713,1,1
1774886556.1859646,2026-03-30T18:02:36.185965,137.23987499999998,103.38,33.859875,3.210714285714286,1,1
1774886557.7086222,2026-03-30T18:02:37.708622,137.72593750000001,103.87,33.8559375,3.205357142857143,0,1
1774886559.397274,2026-03-30T18:02:39.397274,136.92225,102.96,33.96225,3.35,1,1
1774886560.8907423,2026-03-30T18:02:40.890742,140.3885,103.67,36.7185,7.1,1,1
1774886562.8022652,2026-03-30T18:02:42.802265,137.4094375,103.69,33.7194375,3.019642857142857,1,1
1774886564.2929292,2026-03-30T18:02:44.292929,138.0559375,103.99,34.0659375,3.4910714285714284,1,1
1774886565.823827,2026-03-30T18:02:45.823827,136.5671875,103.0,33.5671875,2.8125,1,1
1774886567.3350942,2026-03-30T18:02:47.335094,137.571125,103.58,33.991125,3.3892857142857147,1,1
1774886568.8185945,2026-03-30T18:02:48.818594,147.25456250000002,102.98,44.2745625,17.380357142857143,0,1
1774886570.4091954,2026-03-30T18:02:50.409195,137.2315625,103.10000000000001,34.1315625,3.580357142857143,1,1
1774886571.9428031,2026-03-30T18:02:51.942803,141.6533125,106.33,35.3233125,5.201785714285714,1,1
1774886573.8090591,2026-03-30T18:02:53.809059,136.6781875,103.09,33.588187500000004,2.8410714285714285,1,1
1774886575.3075714,2026-03-30T18:02:55.307571,139.432875,105.72,33.712875,3.0107142857142857,1,1
1774886576.844532,2026-03-30T18:02:56.844532,138.72475,102.19,36.53475,6.8500000000000005,0,1
1774886581.326891,2026-03-30T18:03:01.326891,138.5006875,104.65,33.8506875,3.1982142857142857,1,1
1774886582.8383002,2026-03-30T18:03:02.838300,137.11875,102.81,34.30875,3.8214285714285716,1,1
1774886584.359137,2026-03-30T18:03:04.359137,138.8853125,104.36,34.5253125,4.116071428571429,0,1
1774886585.904772,2026-03-30T18:03:05.904772,137.0055625,103.21,33.7955625,3.123214285714286,1,1
1774886587.402552,2026-03-30T18:03:07.402552,148.0791875,103.55,44.5291875,17.726785714285715,0,1
1774886589.0456583,2026-03-30T18:03:09.045658,136.14875,103.1,33.04875,2.107142857142857,1,1
1774886590.5340967,2026-03-30T18:03:10.534097,140.1765,104.55,35.6265,5.614285714285715,1,1
1774886592.3880975,2026-03-30T18:03:12.388098,137.9808125,103.97,34.0108125,3.4160714285714286,1,1
1774886593.9035845,2026-03-30T18:03:13.903584,137.4205,103.39,34.0305,3.442857142857143,1,1
1774886595.4319534,2026-03-30T18:03:15.431953,137.092875,103.38,33.712875,3.0107142857142857,0,1
1774886596.9370906,2026-03-30T18:03:16.937091,137.47581250000002,103.78,33.6958125,2.9875000000000003,1,1
1774886598.4288645,2026-03-30T18:03:18.428864,137.84968750000002,103.39,34.4596875,4.026785714285714,0,1
1774886600.1447916,2026-03-30T18:03:20.144792,138.92306250000001,104.55,34.3730625,3.9089285714285715,1,1
1774886601.6466982,2026-03-30T18:03:21.646698,136.3451875,102.19,34.1551875,3.6125000000000003,1,1
1774886603.4409966,2026-03-30T18:03:23.440997,137.607875,103.79,33.817875,3.1535714285714285,1,1
1774886604.9453967,2026-03-30T18:03:24.945397,137.92525,103.69,34.23525,3.7214285714285715,1,1
1774886606.4403968,2026-03-30T18:03:26.440397,137.3493125,103.58,33.7693125,3.0875,0,1
1774886607.9616954,2026-03-30T18:03:27.961695,137.4218125,103.39,34.0318125,3.444642857142857,1,1
1774886609.4582996,2026-03-30T18:03:29.458300,147.3966875,103.34,44.0566875,17.083928571428572,0,1
1774886611.116776,2026-03-30T18:03:31.116776,137.23775,103.37,33.86775,3.2214285714285715,1,1
1774886612.6171143,2026-03-30T18:03:32.617114,141.49312500000002,106.2,35.293125,5.160714285714286,1,1
1774886614.373465,2026-03-30T18:03:34.373465,139.251125,105.26,33.991125,3.3892857142857147,1,1
1774886615.8810809,2026-03-30T18:03:35.881081,137.1256875,103.38,33.7456875,3.055357142857143,1,1
1774886617.365936,2026-03-30T18:03:37.365936,137.85375,104.07000000000001,33.78375,3.107142857142857,0,1
1774886618.8910065,2026-03-30T18:03:38.891006,136.3233125,102.89,33.4333125,2.630357142857143,1,1
1774886620.394958,2026-03-30T18:03:40.394958,138.60218749999999,103.46,35.1421875,4.955357142857143,1,1
1774886622.0851834,2026-03-30T18:03:42.085183,137.0861875,103.12,33.966187500000004,3.355357142857143,1,1
1774886623.5910616,2026-03-30T18:03:43.591062,138.120125,104.36,33.760125,3.0749999999999997,1,1
1774886625.1173415,2026-03-30T18:03:45.117342,137.150125,103.17999999999999,33.970125,3.3607142857142853,1,1
1774886626.616399,2026-03-30T18:03:46.616399,137.5123125,103.68,33.8323125,3.1732142857142853,1,1
1774886628.105609,2026-03-30T18:03:48.105609,149.4620625,103.14,46.3220625,20.166071428571428,0,1
1774886629.773632,2026-03-30T18:03:49.773632,137.8920625,104.17,33.7220625,3.023214285714286,1,1
1774886631.2615063,2026-03-30T18:03:51.261506,138.9851875,103.57000000000001,35.4151875,5.326785714285714,1,1
1774886633.0657375,2026-03-30T18:03:53.065737,138.2196875,104.17999999999999,34.0396875,3.455357142857143,1,1
1774886634.555523,2026-03-30T18:03:54.555523,137.47331250000002,103.2,34.2733125,3.773214285714286,1,1
1774886636.0512567,2026-03-30T18:03:56.051257,138.3865,104.65,33.7365,3.042857142857143,0,1
1774886637.621419,2026-03-30T18:03:57.621419,137.8361875,104.08,33.7561875,3.069642857142857,1,1
1774886639.1172462,2026-03-30T18:03:59.117246,138.0685625,101.9,36.1685625,6.351785714285714,1,1
1774886640.9773839,2026-03-30T18:04:00.977384,137.966375,103.76,34.206375,3.682142857142857,1,1
1774886642.5040846,2026-03-30T18:04:02.504085,147.0023125,103.3,43.7023125,16.601785714285715,1,1
1774886643.9290242,2026-03-30T18:04:03.929024,136.7433125,103.1,33.6433125,2.9160714285714286,1,1
1774886645.422938,2026-03-30T18:04:05.422938,139.342625,105.53,33.812625,3.1464285714285714,1,1
1774886646.9159412,2026-03-30T18:04:06.915941,147.9000625,103.09,44.8100625,18.10892857142857,0,1
1774886648.5284264,2026-03-30T18:04:08.528426,136.3998125,102.41,33.9898125,3.3874999999999997,1,1
1774886650.0338573,2026-03-30T18:04:10.033857,141.5238125,106.19,35.3338125,5.216071428571429,1,1
1774886651.881644,2026-03-30T18:04:11.881644,137.495,103.58,33.915,3.2857142857142856,1,1
1774886653.4175916,2026-03-30T18:04:13.417592,137.08418749999998,103.58,33.5041875,2.726785714285714,1,1
1774886654.927606,2026-03-30T18:04:14.927606,136.62231250000002,102.79,33.8323125,3.1732142857142853,1,1
1774886656.4301374,2026-03-30T18:04:16.430137,137.7671875,103.78,33.9871875,3.3839285714285716,1,1
1774886657.9318602,2026-03-30T18:04:17.931860,147.423125,102.68,44.743125,18.017857142857142,0,1
1774886659.5793571,2026-03-30T18:04:19.579357,136.76012500000002,103.0,33.760125,3.0749999999999997,1,1
1774886661.1233232,2026-03-30T18:04:21.123323,137.56775,101.81,35.75775,5.792857142857143,1,1
1774886662.9631772,2026-03-30T18:04:22.963177,136.71156249999999,103.21,33.5015625,2.7232142857142856,1,1
1774886664.4887917,2026-03-30T18:04:24.488792,139.8418125,103.5,36.3418125,6.5874999999999995,1,1
1774886666.4308555,2026-03-30T18:04:26.430856,138.119125,103.96,34.159125,3.617857142857143,1,1
1774886667.9495893,2026-03-30T18:04:27.949589,136.91475,102.9,34.01475,3.4214285714285713,1,1
1774886669.4777927,2026-03-30T18:04:29.477793,137.5050625,103.3,34.2050625,3.680357142857143,0,1
1774886671.203566,2026-03-30T18:04:31.203566,138.3133125,104.88,33.4333125,2.630357142857143,1,1
1774886672.7023487,2026-03-30T18:04:32.702349,141.9438125,105.14,36.8038125,7.216071428571429,1,1
1774886674.444122,2026-03-30T18:04:34.444122,136.625125,103.39,33.235125,2.3607142857142853,1,1
1774886675.9689214,2026-03-30T18:04:35.968921,136.44568750000002,102.7,33.7456875,3.055357142857143,1,1
1774886677.45771,2026-03-30T18:04:37.457710,137.339125,103.39,33.949125,3.332142857142857,0,1
1774886678.9592595,2026-03-30T18:04:38.959260,136.9365,102.99,33.9465,3.3285714285714287,1,1
1774886680.5195944,2026-03-30T18:04:40.519594,149.19662499999998,102.91,46.286625,20.11785714285714,0,1
1774886682.3282254,2026-03-30T18:04:42.328225,137.381625,103.59,33.791625,3.117857142857143,1,1
1774886683.8526824,2026-03-30T18:04:43.852682,139.6691875,104.17,35.4991875,5.441071428571428,1,1
1774886685.6351802,2026-03-30T18:04:45.635180,137.8296875,103.79,34.0396875,3.455357142857143,1,1
1774886687.1389716,2026-03-30T18:04:47.138972,138.632,104.36,34.272,3.7714285714285714,1,1
1774886688.6532164,2026-03-30T18:04:48.653216,137.4235625,104.09,33.3335625,2.494642857142857,0,1
1774886690.1598167,2026-03-30T18:04:50.159817,136.4330625,102.9,33.5330625,2.7660714285714287,1,1
1774886691.695873,2026-03-30T18:04:51.695873,150.675625,103.57,47.105625,21.232142857142858,0,1
1774886693.3932593,2026-03-30T18:04:53.393259,136.756375,102.97,33.786375,3.1107142857142853,1,1
1774886694.8838663,2026-03-30T18:04:54.883866,137.6703125,103.88,33.7903125,3.1160714285714284,1,1
1774886696.669976,2026-03-30T18:04:56.669976,137.1734375,103.58,33.5934375,2.8482142857142856,1,1
1774886698.1671486,2026-03-30T18:04:58.167149,137.6144375,103.58,34.0344375,3.4482142857142857,1,1
1774886699.6551733,2026-03-30T18:04:59.655173,137.60025,103.67999999999999,33.92025,3.292857142857143,0,1
1774886701.1624446,2026-03-30T18:05:01.162445,138.1296875,103.88,34.2496875,3.7410714285714284,1,1
1774886702.7000363,2026-03-30T18:05:02.700036,137.9404375,102.52,35.4204375,5.333928571428571,0,1
1774886704.414817,2026-03-30T18:05:04.414817,136.7263125,102.6,34.1263125,3.5732142857142857,1,1
1774886705.9104533,2026-03-30T18:05:05.910453,137.415125,102.5,34.915125,4.646428571428571,1,1
1774886707.7548883,2026-03-30T18:05:07.754888,139.60762499999998,105.06,34.547625,4.146428571428571,1,1
1774886709.257823,2026-03-30T18:05:09.257823,137.69412499999999,104.06,33.634125,2.9035714285714285,1,1
1774886710.7492175,2026-03-30T18:05:10.749218,136.282625,103.10000000000001,33.182625,2.289285714285714,0,1
1774886712.31677,2026-03-30T18:05:12.316770,138.20625,104.37,33.83625,3.1785714285714284,1,1
1774886713.8720193,2026-03-30T18:05:13.872019,137.2548125,103.37,33.8848125,3.244642857142857,0,1
1774886715.5839891,2026-03-30T18:05:15.583989,137.8183125,103.86,33.9583125,3.3446428571428575,1,1
1774886717.137629,2026-03-30T18:05:17.137629,139.2625625,103.43,35.8325625,5.894642857142857,1,1
1774886719.0316772,2026-03-30T18:05:19.031677,137.2393125,103.68,33.5593125,2.8017857142857143,1,1
1774886720.528816,2026-03-30T18:05:20.528816,149.385375,105.33,44.055375,17.08214285714286,1,1
1774886722.2368476,2026-03-30T18:05:22.236848,136.164,102.69,33.474000000000004,2.685714285714286,1,1
1774886723.7605593,2026-03-30T18:05:23.760559,136.928625,103.2,33.728625,3.0321428571428575,1,1
1774886725.2858472,2026-03-30T18:05:25.285847,139.7175625,103.57000000000001,36.1475625,6.323214285714286,0,1
1774886729.7999985,2026-03-30T18:05:29.799999,138.28175,104.53999999999999,33.74175,3.05,1,1
1774886731.291449,2026-03-30T18:05:31.291449,137.1831875,103.49,33.6931875,2.9839285714285713,1,1
1774886732.782071,2026-03-30T18:05:32.782071,137.19025,103.69,33.50025,2.7214285714285715,0,1
1774886734.2837164,2026-03-30T18:05:34.283716,137.6650625,103.88,33.7850625,3.1089285714285713,1,1
1774886735.8258967,2026-03-30T18:05:35.825897,147.2819375,102.8,44.4819375,17.6625,0,1
1774886737.6887643,2026-03-30T18:05:37.688764,137.345125,103.48,33.865125,3.2178571428571425,1,1
1774886739.1975143,2026-03-30T18:05:39.197514,140.47562499999998,105.13,35.345625,5.232142857142857,1,1
1774886740.957911,2026-03-30T18:05:40.957911,137.77275,103.59,34.18275,3.65,1,1
1774886742.452504,2026-03-30T18:05:42.452504,137.21025,103.08,34.130250000000004,3.5785714285714287,1,1
1774886743.937704,2026-03-30T18:05:43.937704,138.1896875,104.57000000000001,33.6196875,2.8839285714285716,0,1
1774886745.4334347,2026-03-30T18:05:45.433435,137.379,103.38,33.999,3.4,1,1
1774886746.9647331,2026-03-30T18:05:46.964733,146.1929375,101.9,44.2929375,17.405357142857145,0,1
1774886748.8486795,2026-03-30T18:05:48.848680,137.1086875,103.09,34.0186875,3.4267857142857143,1,1
1774886750.335924,2026-03-30T18:05:50.335924,147.0221875,103.48,43.542187500000004,16.383928571428573,1,1
1774886751.9997327,2026-03-30T18:05:51.999733,136.74787500000002,102.93,33.817875,3.1535714285714285,1,1
1774886753.4964404,2026-03-30T18:05:53.496440,137.183625,103.77,33.413625,2.6035714285714286,1,1
1774886755.0511746,2026-03-30T18:05:55.051175,138.4531875,103.29,35.1631875,4.983928571428572,0,1
1774886759.5880523,2026-03-30T18:05:59.588052,138.594,105.12,33.474000000000004,2.685714285714286,1,1
1774886761.0991125,2026-03-30T18:06:01.099113,137.10706249999998,103.49,33.6170625,2.880357142857143,1,1
1774886762.5911033,2026-03-30T18:06:02.591103,136.964,103.28,33.684,2.9714285714285715,1,1
1774886764.1287546,2026-03-30T18:06:04.128755,137.4768125,103.75999999999999,33.7168125,3.0160714285714287,1,1
1774886765.624505,2026-03-30T18:06:05.624505,139.380625,103.3,36.080625,6.232142857142857,0,1
1774886767.3526502,2026-03-30T18:06:07.352650,137.9419375,103.96,33.9819375,3.376785714285714,1,1
1774886768.8749962,2026-03-30T18:06:08.874996,139.47925,104.32000000000001,35.15925,4.978571428571429,1,1
1774886770.6756995,2026-03-30T18:06:10.675699,137.66718749999998,103.67999999999999,33.9871875,3.3839285714285716,1,1
1774886772.2065234,2026-03-30T18:06:12.206523,139.2433125,105.81,33.4333125,2.630357142857143,1,1
1774886773.733184,2026-03-30T18:06:13.733184,137.85399999999998,103.75,34.104,3.542857142857143,0,1
1774886775.2372088,2026-03-30T18:06:15.237209,137.9056875,104.16,33.7456875,3.055357142857143,1,1
1774886776.7334929,2026-03-30T18:06:16.733493,138.955875,103.29,35.665875,5.667857142857143,0,1
1774886778.500766,2026-03-30T18:06:18.500766,137.81574999999998,103.57,34.24575,3.7357142857142853,1,1
1774886780.035173,2026-03-30T18:06:20.035173,140.020625,104.57000000000001,35.450625,5.375,1,1
1774886781.8452725,2026-03-30T18:06:21.845273,137.349875,103.7,33.649875,2.9250000000000003,1,1
1774886783.3555293,2026-03-30T18:06:23.355529,137.4225,103.77000000000001,33.6525,2.9285714285714284,1,1
1774886784.8480206,2026-03-30T18:06:24.848021,136.7533125,103.11,33.6433125,2.9160714285714286,0,1
1774886786.3611276,2026-03-30T18:06:26.361128,138.070375,103.78,34.290375,3.7964285714285713,1,1
1774886787.856814,2026-03-30T18:06:27.856814,138.592125,102.69,35.902125,5.989285714285714,0,1
1774886789.6016512,2026-03-30T18:06:29.601651,136.966375,103.39,33.576375,2.8249999999999997,1,1
1774886791.089524,2026-03-30T18:06:31.089524,136.995125,102.71000000000001,34.285125,3.7892857142857146,1,1
1774886792.898818,2026-03-30T18:06:32.898818,139.077875,105.26,33.817875,3.1535714285714285,1,1
1774886794.404709,2026-03-30T18:06:34.404709,137.6468125,103.3,34.3468125,3.873214285714286,1,1
1774886795.9116714,2026-03-30T18:06:35.911671,138.32125,104.38,33.94125,3.3214285714285716,0,1
1774886797.4064755,2026-03-30T18:06:37.406476,136.861375,103.39,33.471375,2.682142857142857,1,1
1774886798.9352765,2026-03-30T18:06:38.935277,147.9606875,103.4,44.5606875,17.76964285714286,0,1
1774886800.747543,2026-03-30T18:06:40.747543,138.98025,104.85,34.130250000000004,3.5785714285714287,1,1
1774886802.239375,2026-03-30T18:06:42.239375,139.44875,103.88,35.56875,5.535714285714286,1,1
1774886804.005088,2026-03-30T18:06:44.005088,137.32512499999999,103.88,33.445125,2.6464285714285714,1,1
1774886805.5129573,2026-03-30T18:06:45.512957,136.7899375,103.48,33.3099375,2.4625,1,1
1774886807.0191631,2026-03-30T18:06:47.019163,137.072875,103.36,33.712875,3.0107142857142857,0,1
1774886808.5476825,2026-03-30T18:06:48.547683,137.059,103.48,33.579,2.8285714285714287,1,1
1774886810.0687034,2026-03-30T18:06:50.068703,138.6598125,102.99,35.6698125,5.673214285714286,0,1
1774886811.8221643,2026-03-30T18:06:51.822164,137.26693749999998,103.39,33.8769375,3.2339285714285713,1,1
1774886813.3357801,2026-03-30T18:06:53.335780,140.046625,104.47,35.576625,5.546428571428572,1,1
1774886815.3497722,2026-03-30T18:06:55.349772,138.528625,104.17,34.358625,3.8892857142857147,1,1
1774886816.8504922,2026-03-30T18:06:56.850492,146.1678125,103.19,42.9778125,15.616071428571429,1,1
1774886818.605011,2026-03-30T18:06:58.605011,138.3571875,104.16,34.1971875,3.669642857142857,1,1
1774886820.1031308,2026-03-30T18:07:00.103131,136.9421875,103.48,33.4621875,2.669642857142857,1,1
1774886821.6189048,2026-03-30T18:07:01.618905,137.63400000000001,104.16,33.474000000000004,2.685714285714286,0,1
1774886823.1198065,2026-03-30T18:07:03.119807,136.7094375,103.2,33.5094375,2.7339285714285713,1,1
1774886824.6648962,2026-03-30T18:07:04.664896,151.6799375,105.14,46.5399375,20.4625,0,1
1774886826.443308,2026-03-30T18:07:06.443308,137.1708125,103.58,33.5908125,2.8446428571428575,1,1
1774886827.9407947,2026-03-30T18:07:07.940795,149.5034375,105.83,43.6734375,16.5625,1,1
1774886829.6135664,2026-03-30T18:07:09.613566,137.4993125,103.1,34.3993125,3.944642857142857,1,1
1774886831.1029608,2026-03-30T18:07:11.102961,137.679,103.67999999999999,33.999,3.4,1,1
1774886832.609729,2026-03-30T18:07:12.609729,136.2336875,102.11,34.1236875,3.569642857142857,0,1
1774886834.3015313,2026-03-30T18:07:14.301531,138.3309375,104.37,33.9609375,3.3482142857142856,1,1
1774886835.814362,2026-03-30T18:07:15.814362,139.676375,102.95,36.726375,7.110714285714286,1,1
1774886837.5412254,2026-03-30T18:07:17.541225,137.859,104.28,33.579,2.8285714285714287,1,1
1774886839.0611522,2026-03-30T18:07:19.061152,137.1344375,103.1,34.0344375,3.4482142857142857,1,1
1774886840.5484357,2026-03-30T18:07:20.548436,137.981375,103.88000000000001,34.101375,3.539285714285714,0,1
1774886842.0780313,2026-03-30T18:07:22.078031,136.554375,102.81,33.744375,3.0535714285714284,1,1
1774886843.5921717,2026-03-30T18:07:23.592172,139.70075,103.88,35.82075,5.878571428571428,0,1
1774886845.3685918,2026-03-30T18:07:25.368592,138.4710625,104.77,33.7010625,2.994642857142857,1,1
1774886846.8802598,2026-03-30T18:07:26.880260,140.52418749999998,104.08,36.4441875,6.726785714285714,1,1
1774886848.6647959,2026-03-30T18:07:28.664796,137.402375,103.49,33.912375,3.2821428571428575,1,1
1774886850.1904967,2026-03-30T18:07:30.190497,137.5409375,103.79,33.7509375,3.0625,1,1
1774886851.689795,2026-03-30T18:07:31.689795,136.728875,103.1,33.628875,2.8964285714285714,0,1
1774886853.186905,2026-03-30T18:07:33.186905,137.3245625,103.97,33.3545625,2.523214285714286,1,1
1774886854.679013,2026-03-30T18:07:34.679013,151.56725,104.48,47.08725,21.207142857142856,0,1
1774886856.5151563,2026-03-30T18:07:36.515156,137.1733125,103.32,33.8533125,3.2017857142857147,1,1
1774886858.0137463,2026-03-30T18:07:38.013746,138.656375,104.66,33.996375,3.3964285714285714,1,1
1774886859.7997289,2026-03-30T18:07:39.799729,137.834125,103.78,34.054125,3.475,1,1
1774886861.327782,2026-03-30T18:07:41.327782,139.548,105.15,34.397999999999996,3.9428571428571426,1,1
1774886862.8189025,2026-03-30T18:07:42.818902,138.0848125,103.99,34.0948125,3.5303571428571425,0,1
1774886864.3145075,2026-03-30T18:07:44.314507,137.5123125,103.68,33.8323125,3.1732142857142853,1,1
1774886865.803284,2026-03-30T18:07:45.803284,138.2834375,102.59,35.6934375,5.705357142857143,1,1
1774886867.663967,2026-03-30T18:07:47.663967,137.9469375,103.86,34.0869375,3.519642857142857,1,1
1774886869.1587884,2026-03-30T18:07:49.158788,147.4034375,103.1,44.3034375,17.419642857142858,1,1
1774886870.5763688,2026-03-30T18:07:50.576369,139.1324375,105.35000000000001,33.7824375,3.105357142857143,1,1
1774886872.0819302,2026-03-30T18:07:52.081930,137.29025000000001,103.58,33.71025,3.007142857142857,1,1
1774886873.6030614,2026-03-30T18:07:53.603061,148.7204375,104.06,44.6604375,17.905357142857145,0,1
1774886875.2533276,2026-03-30T18:07:55.253328,137.36175,103.41,33.95175,3.335714285714286,1,1
1774886876.7640383,2026-03-30T18:07:56.764038,137.8983125,104.15,33.7483125,3.0589285714285714,1,1
1774886878.5652401,2026-03-30T18:07:58.565240,136.9315,103.09,33.8415,3.185714285714286,1,1
1774886880.1137023,2026-03-30T18:08:00.113702,136.872625,103.69,33.182625,2.289285714285714,1,1
1774886881.6561549,2026-03-30T18:08:01.656155,137.47137500000002,103.79,33.681375,2.9678571428571425,0,1
1774886883.1565073,2026-03-30T18:08:03.156507,137.222875,103.3,33.922875,3.2964285714285713,1,1
1774886884.6831582,2026-03-30T18:08:04.683158,149.118875,102.67999999999999,46.438874999999996,20.325,0,1
1774886886.5055523,2026-03-30T18:08:06.505552,137.655625,103.57,34.085625,3.517857142857143,1,1
1774886888.020579,2026-03-30T18:08:08.020579,140.403,104.85,35.553,5.514285714285714,1,1
1774886889.7941256,2026-03-30T18:08:09.794126,136.2168125,102.5,33.7168125,3.0160714285714287,1,1
1774886891.3300526,2026-03-30T18:08:11.330053,137.479,103.48,33.999,3.4,1,1
1774886892.834508,2026-03-30T18:08:12.834508,137.331375,103.65,33.681375,2.9678571428571425,0,1
1774886894.3432956,2026-03-30T18:08:14.343296,136.3299375,102.81,33.5199375,2.748214285714286,1,1
1774886895.873885,2026-03-30T18:08:15.873885,148.7363125,102.22,46.5163125,20.43035714285714,0,1
1774886897.7320786,2026-03-30T18:08:17.732079,137.6606875,103.39,34.2706875,3.769642857142857,1,1
1774886899.2484624,2026-03-30T18:08:19.248462,139.415125,103.66,35.755125,5.789285714285714,1,1
1774886901.0468771,2026-03-30T18:08:21.046877,137.8698125,104.09,33.7798125,3.101785714285714,1,1
1774886902.546857,2026-03-30T18:08:22.546857,137.1365,103.19,33.9465,3.3285714285714287,1,1
1774886904.0361273,2026-03-30T18:08:24.036127,137.82625000000002,103.78,34.04625,3.4642857142857144,0,1
1774886905.5756822,2026-03-30T18:08:25.575682,136.77474999999998,103.39,33.38475,2.564285714285714,1,1
1774886907.064982,2026-03-30T18:08:27.064982,147.745,102.91,44.835,18.142857142857142,0,1
1774886908.922264,2026-03-30T18:08:28.922264,138.767625,104.64,34.127625,3.5749999999999997,1,1
1774886910.423272,2026-03-30T18:08:30.423272,140.27812500000002,104.46000000000001,35.818125,5.875,1,1
1774886912.4892333,2026-03-30T18:08:32.489233,137.47,103.87,33.6,2.857142857142857,1,1
1774886913.987177,2026-03-30T18:08:33.987177,147.324625,103.39,43.934625,16.91785714285714,1,1
1774886915.6983304,2026-03-30T18:08:35.698330,137.7321875,104.27,33.4621875,2.669642857142857,1,1
1774886917.1920948,2026-03-30T18:08:37.192095,137.13049999999998,103.1,34.0305,3.442857142857143,1,1
1774886918.7227805,2026-03-30T18:08:38.722780,139.0324375,103.57,35.4624375,5.391071428571428,0,1
1774886923.4135153,2026-03-30T18:08:43.413515,137.5625625,103.2,34.3625625,3.894642857142857,1,1
1774886924.908268,2026-03-30T18:08:44.908268,144.411,104.28,40.131,11.742857142857144,1,1
1774886926.3292558,2026-03-30T18:08:46.329256,138.10625,104.27,33.83625,3.1785714285714284,1,1
1774886927.866016,2026-03-30T18:08:47.866016,138.6315,104.58,34.0515,3.4714285714285715,1,1
1774886929.3589158,2026-03-30T18:08:49.358916,147.863875,103.63,44.233875,17.325,0,1
1774886931.0041194,2026-03-30T18:08:51.004119,137.744125,103.69,34.054125,3.475,1,1
1774886932.4945943,2026-03-30T18:08:52.494594,140.48987499999998,106.42,34.069874999999996,3.4964285714285714,1,1
1774886934.3695085,2026-03-30T18:08:54.369509,137.49787500000002,103.68,33.817875,3.1535714285714285,1,1
1774886935.9050026,2026-03-30T18:08:55.905003,137.4259375,103.78,33.6459375,2.919642857142857,1,1
1774886937.4059355,2026-03-30T18:08:57.405936,137.3320625,103.19,34.1420625,3.5946428571428575,0,1
1774886938.9177139,2026-03-30T18:08:58.917714,137.261625,103.68,33.581625,2.832142857142857,1,1
1774886940.440293,2026-03-30T18:09:00.440293,149.8544375,103.22,46.6344375,20.59107142857143,0,1
1774886942.2902982,2026-03-30T18:09:02.290298,137.3284375,103.0,34.3284375,3.8482142857142856,1,1
1774886943.8087585,2026-03-30T18:09:03.808758,137.8610625,103.95,33.9110625,3.280357142857143,1,1
1774886945.6277905,2026-03-30T18:09:05.627790,137.37525,103.56,33.81525,3.15,1,1
1774886947.1307201,2026-03-30T18:09:07.130720,136.8698125,103.3,33.5698125,2.8160714285714286,1,1
1774886948.6174881,2026-03-30T18:09:08.617488,136.9908125,103.19,33.8008125,3.130357142857143,1,1
1774886950.1369956,2026-03-30T18:09:10.136996,140.073625,105.82,34.253625,3.7464285714285714,1,1
1774886951.6743166,2026-03-30T18:09:11.674317,138.88131249999998,103.17999999999999,35.7013125,5.716071428571429,0,1
1774886953.426641,2026-03-30T18:09:13.426641,137.279,103.7,33.579,2.8285714285714287,1,1
1774886954.9382606,2026-03-30T18:09:14.938261,138.437625,103.68,34.757625,4.432142857142857,1,1
1774886956.7070177,2026-03-30T18:09:16.707018,137.1531875,103.67,33.4831875,2.6982142857142857,1,1
1774886958.2556055,2026-03-30T18:09:18.255605,137.29062499999998,103.1,34.190625,3.6607142857142856,1,1
1774886959.7525158,2026-03-30T18:09:19.752516,137.4886875,103.47,34.0186875,3.4267857142857143,0,1
1774886961.2810974,2026-03-30T18:09:21.281097,137.3,103.28,34.019999999999996,3.4285714285714284,1,1
1774886962.7687745,2026-03-30T18:09:22.768775,139.11093749999998,103.67999999999999,35.4309375,5.348214285714286,0,1
1774886964.52261,2026-03-30T18:09:24.522610,138.0958125,103.98,34.1158125,3.5589285714285714,1,1
1774886966.0398202,2026-03-30T18:09:26.039820,138.2479375,103.09,35.1579375,4.976785714285714,1,1
1774886967.7376144,2026-03-30T18:09:27.737614,137.5170625,103.69,33.8270625,3.1660714285714286,1,1
1774886969.2479863,2026-03-30T18:09:29.247986,137.1908125,103.39,33.8008125,3.130357142857143,1,1
1774886970.7495093,2026-03-30T18:09:30.749509,138.64175,104.48,34.16175,3.6214285714285714,1,1
1774886972.319972,2026-03-30T18:09:32.319972,137.6860625,103.88,33.8060625,3.1374999999999997,1,1
1774886973.8614144,2026-03-30T18:09:33.861414,138.9653125,103.39,35.5753125,5.544642857142857,0,1
1774886975.59443,2026-03-30T18:09:35.594430,138.02075,103.88,34.14075,3.5928571428571425,1,1
1774886977.079861,2026-03-30T18:09:37.079861,139.273625,102.92,36.353625,6.603571428571429,1,1
1774886978.9579709,2026-03-30T18:09:38.957971,138.5909375,104.63,33.9609375,3.3482142857142856,1,1
1774886980.4579751,2026-03-30T18:09:40.457975,137.74800000000002,103.77000000000001,33.978,3.371428571428571,1,1
1774886981.9806871,2026-03-30T18:09:41.980687,137.12025,102.99,34.130250000000004,3.5785714285714287,0,1
1774886983.526593,2026-03-30T18:09:43.526593,139.0175,105.26,33.7575,3.0714285714285716,1,1
1774886985.0772698,2026-03-30T18:09:45.077270,151.1614375,104.17,46.991437499999996,21.076785714285712,0,1
1774886986.945758,2026-03-30T18:09:46.945758,137.79649999999998,104.27,33.5265,2.757142857142857,1,1
1774886988.4939232,2026-03-30T18:09:48.493923,138.801375,102.18,36.621375,6.9678571428571425,1,1
1774886990.381996,2026-03-30T18:09:50.381996,137.1325,103.48,33.6525,2.9285714285714284,1,1
1774886991.8810885,2026-03-30T18:09:51.881088,141.030625,103.69,37.340625,7.946428571428571,1,1
1774886993.7330153,2026-03-30T18:09:53.733015,137.2485625,103.39,33.8585625,3.2089285714285714,1,1
1774886995.2369483,2026-03-30T18:09:55.236948,137.53856249999998,103.67999999999999,33.8585625,3.2089285714285714,1,1
1774886996.7568686,2026-03-30T18:09:56.756869,137.2321875,103.56,33.6721875,2.955357142857143,0,1
1774886998.2795448,2026-03-30T18:09:58.279545,137.3596875,102.9,34.4596875,4.026785714285714,1,1
1774886999.8027902,2026-03-30T18:09:59.802790,149.462875,102.31,47.152875,21.29642857142857,0,1
1774887001.7144876,2026-03-30T18:10:01.714488,137.8409375,104.09,33.7509375,3.0625,1,1
1774887003.2308433,2026-03-30T18:10:03.230843,140.399875,104.86,35.539875,5.496428571428572,1,1
1774887005.0013041,2026-03-30T18:10:05.001304,137.0708125,103.48,33.5908125,2.8446428571428575,1,1
1774887006.5570104,2026-03-30T18:10:06.557010,138.34243750000002,104.56,33.7824375,3.105357142857143,1,1
1774887008.1236138,2026-03-30T18:10:08.123614,136.8561875,102.89,33.966187500000004,3.355357142857143,1,1
1774887009.6315942,2026-03-30T18:10:09.631594,138.0371875,104.05,33.9871875,3.3839285714285716,1,1
1774887011.1307628,2026-03-30T18:10:11.130763,149.6894375,103.37,46.3194375,20.162499999999998,0,1
1774887012.812978,2026-03-30T18:10:12.812978,139.26318750000002,105.36,33.9031875,3.269642857142857,1,1
1774887014.3099504,2026-03-30T18:10:14.309950,139.18893749999998,103.58999999999999,35.5989375,5.576785714285714,1,1
1774887016.0887012,2026-03-30T18:10:16.088701,137.231625,103.64999999999999,33.581625,2.832142857142857,1,1
1774887017.6108205,2026-03-30T18:10:17.610821,136.013875,102.7,33.313875,2.4678571428571425,1,1
1774887019.1412241,2026-03-30T18:10:19.141224,137.2170625,103.39,33.8270625,3.1660714285714286,1,1
1774887020.677813,2026-03-30T18:10:20.677813,137.49,103.89,33.6,2.857142857142857,1,1
1774887022.18323,2026-03-30T18:10:22.183230,139.4634375,103.98,35.4834375,5.419642857142857,0,1
1774887023.9588614,2026-03-30T18:10:23.958861,137.2209375,103.47,33.7509375,3.0625,1,1
1774887025.4642704,2026-03-30T18:10:25.464270,139.2715,104.17,35.1015,4.8999999999999995,1,1
1774887027.2687216,2026-03-30T18:10:27.268722,138.38106249999998,104.47,33.9110625,3.2803571428571425,1,1
1774887028.8100324,2026-03-30T18:10:28.810032,137.59525,103.78,33.81525,3.15,1,1
1774887030.29748,2026-03-30T18:10:30.297480,137.1844375,103.57,33.6144375,2.876785714285714,0,1
1774887031.7819312,2026-03-30T18:10:31.781931,136.9370625,103.11,33.8270625,3.1660714285714286,1,1
1774887033.3245187,2026-03-30T18:10:33.324519,146.9730625,102.31,44.6630625,17.90892857142857,0,1
1774887035.186084,2026-03-30T18:10:35.186084,138.0070625,103.97,34.0370625,3.4517857142857147,1,1
1774887036.6940186,2026-03-30T18:10:36.694019,138.0316875,103.95,34.0816875,3.5125,1,1
1774887038.480518,2026-03-30T18:10:38.480518,137.8880625,104.25,33.638062500000004,2.9089285714285715,1,1
1774887039.9725573,2026-03-30T18:10:39.972557,137.781375,103.89,33.891375,3.2535714285714286,1,1
1774887041.4553056,2026-03-30T18:10:41.455306,137.903875,104.17,33.733875,3.039285714285714,0,1
1774887042.9745827,2026-03-30T18:10:42.974583,137.3299375,103.17999999999999,34.1499375,3.605357142857143,1,1
1774887044.5033164,2026-03-30T18:10:44.503316,147.9856875,101.43,46.5556875,20.48392857142857,0,1
1774887046.4221237,2026-03-30T18:10:46.422124,136.8,103.2,33.6,2.857142857142857,1,1
1774887047.9080338,2026-03-30T18:10:47.908034,140.4273125,103.76,36.6673125,7.0303571428571425,1,1
1774887049.8512964,2026-03-30T18:10:49.851296,138.386875,104.17,34.216875,3.6964285714285716,1,1
1774887051.3747363,2026-03-30T18:10:51.374736,139.98456249999998,103.27,36.7145625,7.0946428571428575,1,1
1774887053.2353802,2026-03-30T18:10:53.235380,138.246375,104.67,33.576375,2.8249999999999997,1,1
1774887054.7314503,2026-03-30T18:10:54.731450,137.7120625,103.78,33.9320625,3.3089285714285714,1,1
1774887056.2420065,2026-03-30T18:10:56.242007,138.9724375,104.56,34.4124375,3.9625,0,1
1774887057.7676587,2026-03-30T18:10:57.767659,137.144125,103.3,33.844125,3.189285714285714,1,1
1774887059.2737536,2026-03-30T18:10:59.273754,138.8466875,102.77,36.0766875,6.226785714285714,0,1
1774887060.9600675,2026-03-30T18:11:00.960068,137.1635625,103.2,33.9635625,3.351785714285714,1,1
1774887062.46604,2026-03-30T18:11:02.466040,139.36975,103.78,35.58975,5.564285714285715,1,1
1774887064.3715973,2026-03-30T18:11:04.371597,137.702875,103.78,33.922875,3.2964285714285713,1,1
1774887065.8626857,2026-03-30T18:11:05.862686,136.9485625,103.09,33.8585625,3.2089285714285714,1,1
1774887067.3649304,2026-03-30T18:11:07.364930,136.84125,102.9,33.94125,3.3214285714285716,0,1
1774887068.8581967,2026-03-30T18:11:08.858197,137.30262499999998,103.49,33.812625,3.1464285714285714,1,1
1774887070.4368994,2026-03-30T18:11:10.436899,149.7405,103.11,46.6305,20.585714285714285,0,1
1774887072.3135855,2026-03-30T18:11:12.313586,136.46775000000002,102.60000000000001,33.86775,3.2214285714285715,1,1
1774887073.8019638,2026-03-30T18:11:13.801964,137.4573125,103.73,33.7273125,3.0303571428571425,1,1
1774887075.5906386,2026-03-30T18:11:15.590639,138.22275,104.25,33.97275,3.3642857142857143,1,1
1774887077.103185,2026-03-30T18:11:17.103185,137.828875,103.78,34.048875,3.4678571428571425,1,1
1774887078.629358,2026-03-30T18:11:18.629358,136.7725,103.12,33.6525,2.9285714285714284,0,1
1774887080.120305,2026-03-30T18:11:20.120305,137.67262499999998,104.07,33.602625,2.8607142857142853,1,1
1774887081.6126952,2026-03-30T18:11:21.612695,149.1761875,102.61,46.5661875,20.498214285714283,0,1
1774887083.4163618,2026-03-30T18:11:23.416362,137.38925,103.49,33.89925,3.2642857142857147,1,1
1774887084.9126716,2026-03-30T18:11:24.912672,139.404,102.78,36.623999999999995,6.971428571428571,1,1
1774887086.6114972,2026-03-30T18:11:26.611497,137.0046875,103.28,33.7246875,3.0267857142857144,1,1
1774887088.1352062,2026-03-30T18:11:28.135206,138.466375,104.26,34.206375,3.682142857142857,1,1
1774887089.6066792,2026-03-30T18:11:29.606679,137.21974999999998,103.1,34.119749999999996,3.564285714285714,1,1
1774887091.1255097,2026-03-30T18:11:31.125510,137.9235625,103.96000000000001,33.9635625,3.351785714285714,1,1
1774887092.6311224,2026-03-30T18:11:32.631122,135.9265,102.61,33.3165,2.4714285714285715,0,1
1774887094.2591152,2026-03-30T18:11:34.259115,137.4346875,103.29,34.1446875,3.5982142857142856,1,1
1774887095.785709,2026-03-30T18:11:35.785709,138.56912499999999,102.31,36.259125,6.4750000000000005,0,1
1774887097.683747,2026-03-30T18:11:37.683747,138.8830625,105.14,33.7430625,3.0517857142857143,1,1
1774887099.237115,2026-03-30T18:11:39.237115,141.347125,103.87,37.477125,8.132142857142856,1,1
1774887101.1314197,2026-03-30T18:11:41.131420,138.1610625,104.46000000000001,33.7010625,2.994642857142857,1,1
1774887102.6222131,2026-03-30T18:11:42.622213,136.74675000000002,102.9,33.84675,3.1928571428571426,1,1
1774887104.1057866,2026-03-30T18:11:44.105787,137.82150000000001,103.98,33.8415,3.185714285714286,0,1
1774887105.620359,2026-03-30T18:11:45.620359,137.45175,103.29,34.16175,3.6214285714285714,1,1
1774887107.1915364,2026-03-30T18:11:47.191536,150.774,104.07,46.704,20.685714285714287,0,1
1774887109.1334875,2026-03-30T18:11:49.133487,138.865125,105.42,33.445125,2.6464285714285714,1,1
1774887110.617144,2026-03-30T18:11:50.617144,138.489625,103.27,35.219625,5.060714285714285,1,1
1774887112.3614924,2026-03-30T18:11:52.361492,137.6943125,104.45,33.2443125,2.373214285714286,1,1
1774887113.9475992,2026-03-30T18:11:53.947599,137.47556250000002,103.68,33.7955625,3.123214285714286,1,1
1774887115.430283,2026-03-30T18:11:55.430283,137.2425,103.59,33.6525,2.9285714285714284,1,1
1774887116.9157436,2026-03-30T18:11:56.915744,137.4681875,103.67,33.7981875,3.126785714285714,1,1
1774887118.4825842,2026-03-30T18:11:58.482584,149.4743125,103.0,46.474312499999996,20.373214285714283,0,1
1774887120.2799237,2026-03-30T18:12:00.279924,137.6269375,104.17,33.4569375,2.6625,1,1
1774887121.800024,2026-03-30T18:12:01.800024,140.916,104.03999999999999,36.876,7.314285714285715,1,1
1774887123.5147855,2026-03-30T18:12:03.514786,138.1165,104.17,33.9465,3.3285714285714287,1,1
1774887125.0275996,2026-03-30T18:12:05.027600,137.26737500000002,104.09,33.177375,2.282142857142857,1,1
1774887126.5375893,2026-03-30T18:12:06.537589,138.0425,103.97,34.0725,3.5,1,1
1774887128.0512354,2026-03-30T18:12:08.051235,137.48125,103.96,33.52125,2.75,1,1
1774887129.5353703,2026-03-30T18:12:09.535370,138.1278125,102.71000000000001,35.4178125,5.330357142857143,0,1
1774887131.252085,2026-03-30T18:12:11.252085,136.4265,102.69,33.7365,3.042857142857143,1,1
1774887132.7600458,2026-03-30T18:12:12.760046,137.8459375,103.78,34.0659375,3.4910714285714284,1,1
1774887134.547527,2026-03-30T18:12:14.547527,137.0010625,103.09,33.9110625,3.2803571428571425,1,1
1774887136.0916698,2026-03-30T18:12:16.091670,137.2955,103.37,33.9255,3.3000000000000003,1,1
1774887137.5734284,2026-03-30T18:12:17.573428,137.087625,103.59,33.497625,2.7178571428571425,0,1
1774887139.0692034,2026-03-30T18:12:19.069203,137.5819375,103.39,34.1919375,3.6625,1,1
1774887140.5929813,2026-03-30T18:12:20.592981,149.3584375,102.01,47.3484375,21.5625,0,1
1774887142.4598424,2026-03-30T18:12:22.459842,138.1865625,104.37,33.8165625,3.1517857142857144,1,1
1774887143.9427156,2026-03-30T18:12:23.942716,139.7246875,103.69,36.0346875,6.169642857142857,1,1
1774887145.6872249,2026-03-30T18:12:25.687225,138.2094375,104.28,33.9294375,3.305357142857143,1,1
1774887147.206491,2026-03-30T18:12:27.206491,137.79306250000002,104.26,33.5330625,2.7660714285714287,1,1
1774887148.6899338,2026-03-30T18:12:28.689934,137.29025000000001,103.58,33.71025,3.007142857142857,0,1
1774887150.234486,2026-03-30T18:12:30.234486,137.23668750000002,103.68,33.5566875,2.7982142857142853,1,1
1774887151.7460465,2026-03-30T18:12:31.746047,139.833,105.54,34.293,3.8000000000000003,0,1
1774887153.4472384,2026-03-30T18:12:33.447238,136.9156875,103.38,33.5356875,2.769642857142857,1,1
1774887154.9312978,2026-03-30T18:12:34.931298,140.3968125,103.11,37.286812499999996,7.873214285714285,1,1
1774887156.812877,2026-03-30T18:12:36.812877,137.9970625,104.17,33.8270625,3.1660714285714286,1,1
1774887158.3103251,2026-03-30T18:12:38.310325,136.9094375,103.19,33.7194375,3.019642857142857,1,1
1774887159.8198042,2026-03-30T18:12:39.819804,138.38525,104.57000000000001,33.81525,3.15,0,1
1774887161.3659801,2026-03-30T18:12:41.365980,137.3004375,103.56,33.7404375,3.0482142857142853,1,1
1774887162.884007,2026-03-30T18:12:42.884007,138.9631875,103.59,35.3731875,5.269642857142857,0,1
1774887164.602797,2026-03-30T18:12:44.602797,137.4180625,103.57,33.8480625,3.194642857142857,1,1
1774887166.0888689,2026-03-30T18:12:46.088869,139.305125,105.23,34.075125,3.503571428571429,1,1
1774887167.796687,2026-03-30T18:12:47.796687,138.2359375,104.17,34.0659375,3.4910714285714284,1,1
1774887169.285841,2026-03-30T18:12:49.285841,137.1299375,102.98,34.1499375,3.605357142857143,1,1
1774887170.7723346,2026-03-30T18:12:50.772335,138.9515,105.32000000000001,33.6315,2.9,0,1
1774887172.3186715,2026-03-30T18:12:52.318671,137.10787499999998,103.28999999999999,33.817875,3.1535714285714285,1,1
1774887173.8437612,2026-03-30T18:12:53.843761,148.00425,103.5,44.50425,17.692857142857143,0,1
1774887175.6613507,2026-03-30T18:12:55.661351,137.2895625,103.2,34.0895625,3.523214285714286,1,1
1774887177.1527,2026-03-30T18:12:57.152700,140.8869375,104.28,36.6069375,6.948214285714285,1,1
1774887178.8691485,2026-03-30T18:12:58.869148,137.7235625,104.39,33.3335625,2.494642857142857,1,1
1774887180.3648372,2026-03-30T18:13:00.364837,137.003875,103.69,33.313875,2.4678571428571425,1,1
1774887181.8478484,2026-03-30T18:13:01.847848,137.3755625,103.58,33.7955625,3.123214285714286,1,1
1774887183.3452296,2026-03-30T18:13:03.345230,137.5845625,103.18,34.4045625,3.9517857142857147,1,1
1774887184.8714921,2026-03-30T18:13:04.871492,138.0485625,102.51,35.5385625,5.494642857142857,0,1
1774887186.6149116,2026-03-30T18:13:06.614912,136.9608125,103.58,33.3808125,2.5589285714285714,1,1
1774887188.1491513,2026-03-30T18:13:08.149151,141.2121875,104.81,36.4021875,6.669642857142857,1,1
1774887190.1728373,2026-03-30T18:13:10.172837,137.566625,103.88,33.686625,2.975,1,1
1774887191.7264493,2026-03-30T18:13:11.726449,146.789375,103.28,43.509375,16.339285714285715,1,1
1774887193.4627237,2026-03-30T18:13:13.462724,139.0724375,104.66,34.4124375,3.9625,1,1
1774887194.9886823,2026-03-30T18:13:14.988682,137.5879375,103.69,33.8979375,3.2624999999999997,1,1
1774887196.5006146,2026-03-30T18:13:16.500615,137.3710625,103.25,34.1210625,3.5660714285714286,0,1
1774887197.996139,2026-03-30T18:13:17.996139,137.4209375,103.88000000000001,33.5409375,2.7767857142857144,1,1
1774887199.5343993,2026-03-30T18:13:19.534399,149.467625,102.74,46.727625,20.717857142857145,0,1
1774887201.3881295,2026-03-30T18:13:21.388129,137.151375,103.68,33.471375,2.682142857142857,1,1
1774887202.8947513,2026-03-30T18:13:22.894751,146.0725625,103.31,42.7625625,15.323214285714286,1,1
1774887204.3199573,2026-03-30T18:13:24.319957,136.917625,103.0,33.917625,3.289285714285714,1,1
1774887205.8160143,2026-03-30T18:13:25.816014,139.574875,105.82,33.754875,3.067857142857143,1,1
1774887207.303603,2026-03-30T18:13:27.303603,137.489125,102.7,34.789125,4.475,0,1
1774887208.9929557,2026-03-30T18:13:28.992956,138.0120625,103.87,34.1420625,3.5946428571428575,1,1
1774887210.5355475,2026-03-30T18:13:30.535547,139.53718750000002,103.87,35.6671875,5.669642857142857,1,1
1774887212.2657878,2026-03-30T18:13:32.265788,137.041,103.21000000000001,33.831,3.1714285714285713,1,1
1774887213.797199,2026-03-30T18:13:33.797199,137.47375,103.47999999999999,33.99375,3.392857142857143,1,1
1774887215.2953405,2026-03-30T18:13:35.295341,139.442875,105.52,33.922875,3.2964285714285713,1,1
1774887216.8019135,2026-03-30T18:13:36.801913,137.04387499999999,103.1,33.943875,3.3249999999999997,1,1
1774887218.3020012,2026-03-30T18:13:38.302001,143.4634375,104.62,38.8434375,9.991071428571429,0,1
1774887219.9538667,2026-03-30T18:13:39.953867,137.724125,103.88,33.844125,3.189285714285714,1,1
1774887221.4691594,2026-03-30T18:13:41.469159,138.6935,103.76,34.9335,4.671428571428572,1,1
1774887223.2609484,2026-03-30T18:13:43.260948,137.43275,103.88,33.55275,2.792857142857143,1,1
1774887224.763378,2026-03-30T18:13:44.763378,137.356125,103.67999999999999,33.676125,2.960714285714286,1,1
1774887226.2503288,2026-03-30T18:13:46.250329,136.95637499999998,103.38,33.576375,2.8249999999999997,1,1
1774887227.7740126,2026-03-30T18:13:47.774013,137.5533125,103.49,34.0633125,3.4875000000000003,1,1
1774887229.2817402,2026-03-30T18:13:49.281740,138.2670625,103.39,34.8770625,4.5946428571428575,0,1
1774887230.9726791,2026-03-30T18:13:50.972679,137.9383125,103.98,33.9583125,3.3446428571428575,1,1
1774887232.4727826,2026-03-30T18:13:52.472783,143.9953125,103.38,40.6153125,12.401785714285714,1,1
1774887234.2564762,2026-03-30T18:13:54.256476,137.807625,103.68,34.127625,3.5749999999999997,1,1
1774887235.74698,2026-03-30T18:13:55.746980,137.545625,103.67,33.875625,3.232142857142857,1,1
1774887237.260251,2026-03-30T18:13:57.260251,139.7803125,103.47,36.3103125,6.544642857142857,0,1
1774887241.990265,2026-03-30T18:14:01.990265,138.855375,104.67,34.185375,3.6535714285714285,1,1
1774887243.4796307,2026-03-30T18:14:03.479631,144.2728125,103.5,40.7728125,12.616071428571429,1,1
1774887245.3318636,2026-03-30T18:14:05.331864,137.26675,103.0,34.26675,3.764285714285714,1,1
1774887246.847196,2026-03-30T18:14:06.847196,138.68125,104.53,34.15125,3.607142857142857,1,1
1774887248.3296256,2026-03-30T18:14:08.329626,137.317875,103.28999999999999,34.027875,3.439285714285714,1,1
1774887249.819468,2026-03-30T18:14:09.819468,136.81537500000002,103.26,33.555375,2.7964285714285713,1,1
1774887251.3295777,2026-03-30T18:14:11.329578,150.8891875,104.26,46.6291875,20.583928571428572,0,1
1774887253.1510901,2026-03-30T18:14:13.151090,136.8433125,102.99,33.8533125,3.2017857142857147,1,1
1774887254.6583583,2026-03-30T18:14:14.658358,140.27193749999998,103.77,36.5019375,6.805357142857143,1,1
1774887256.370675,2026-03-30T18:14:16.370675,139.4665,105.52,33.9465,3.3285714285714287,1,1
1774887257.859754,2026-03-30T18:14:17.859754,138.0661875,103.68,34.3861875,3.9267857142857143,1,1
1774887259.3715832,2026-03-30T18:14:19.371583,137.29399999999998,103.19,34.104,3.542857142857143,0,1
1774887260.9012477,2026-03-30T18:14:20.901248,138.09887500000002,104.26,33.838875,3.182142857142857,1,1
1774887262.389668,2026-03-30T18:14:22.389668,138.144875,102.5,35.644875,5.639285714285714,1,1
1774887264.2498443,2026-03-30T18:14:24.249844,138.1693125,103.77,34.3993125,3.944642857142857,1,1
1774887265.7408984,2026-03-30T18:14:25.740898,140.997,103.68,37.317,7.914285714285714,1,1
1774887267.6391494,2026-03-30T18:14:27.639149,138.198625,104.47,33.728625,3.0321428571428575,1,1
1774887269.163099,2026-03-30T18:14:29.163099,136.8365,102.89,33.9465,3.3285714285714287,1,1
1774887270.6738951,2026-03-30T18:14:30.673895,137.731375,104.26,33.471375,2.682142857142857,0,1
1774887272.1593328,2026-03-30T18:14:32.159333,137.6625,103.59,34.0725,3.5,1,1
1774887273.6783786,2026-03-30T18:14:33.678379,148.796375,102.41,46.386375,20.25357142857143,0,1
1774887275.5014539,2026-03-30T18:14:35.501454,137.3709375,103.41,33.9609375,3.3482142857142856,1,1
1774887276.9905052,2026-03-30T18:14:36.990505,139.45443749999998,104.16,35.2944375,5.1625000000000005,1,1
1774887278.8262777,2026-03-30T18:14:38.826278,137.191375,103.3,33.891375,3.2535714285714286,1,1
1774887280.340344,2026-03-30T18:14:40.340344,137.35750000000002,103.39,33.9675,3.357142857142857,1,1
1774887281.860713,2026-03-30T18:14:41.860713,137.565375,103.38,34.185375,3.6535714285714285,0,1
1774887283.4020522,2026-03-30T18:14:43.402052,138.743875,105.42999999999999,33.313875,2.4678571428571425,1,1
1774887284.9372697,2026-03-30T18:14:44.937270,149.9766875,103.4,46.5766875,20.5125,0,1
1774887286.8075283,2026-03-30T18:14:46.807528,137.3986875,103.59,33.8086875,3.1410714285714287,1,1
1774887288.3543086,2026-03-30T18:14:48.354309,139.41675,103.68,35.73675,5.764285714285714,1,1
1774887290.1359873,2026-03-30T18:14:50.135987,136.8874375,103.0,33.8874375,3.248214285714286,1,1
1774887291.6374269,2026-03-30T18:14:51.637427,136.5036875,102.8,33.7036875,2.998214285714286,1,1
1774887293.1472535,2026-03-30T18:14:53.147254,137.72050000000002,103.69,34.0305,3.442857142857143,0,1
1774887294.6475155,2026-03-30T18:14:54.647516,137.1598125,103.38,33.7798125,3.101785714285714,1,1
1774887296.164598,2026-03-30T18:14:56.164598,137.112375,103.2,33.912375,3.2821428571428575,0,1
1774887297.8588674,2026-03-30T18:14:57.858867,136.196625,102.51,33.686625,2.975,1,1
1774887299.40718,2026-03-30T18:14:59.407180,139.9936875,103.77,36.2236875,6.426785714285714,1,1
1774887301.1066036,2026-03-30T18:15:01.106604,137.53900000000002,103.96000000000001,33.579,2.8285714285714287,1,1
1774887302.5940309,2026-03-30T18:15:02.594031,136.859,103.28,33.579,2.8285714285714287,1,1
1774887304.0994833,2026-03-30T18:15:04.099483,137.7443125,104.08,33.6643125,2.944642857142857,1,1
1774887305.6211336,2026-03-30T18:15:05.621134,140.068125,105.93,34.138125,3.5892857142857144,1,1
1774887307.1400025,2026-03-30T18:15:07.140002,150.629625,102.6,48.029625,22.489285714285717,0,1
1774887308.9207878,2026-03-30T18:15:08.920788,138.2598125,104.27,33.9898125,3.3874999999999997,1,1
1774887310.435547,2026-03-30T18:15:10.435547,140.37006250000002,104.17,36.2000625,6.394642857142857,1,1
1774887312.1215155,2026-03-30T18:15:12.121516,137.9421875,104.27,33.6721875,2.955357142857143,1,1
1774887313.6914613,2026-03-30T18:15:13.691461,136.9041875,103.19,33.7141875,3.0124999999999997,1,1
1774887315.2031822,2026-03-30T18:15:15.203182,136.9744375,103.57,33.4044375,2.5910714285714285,1,1
1774887316.7221544,2026-03-30T18:15:16.722154,139.53275,105.56,33.97275,3.3642857142857143,1,1
1774887318.2026565,2026-03-30T18:15:18.202657,148.0829375,103.37,44.7129375,17.976785714285715,0,1
1774887319.85399,2026-03-30T18:15:19.853990,137.03806250000002,103.4,33.638062500000004,2.9089285714285715,1,1
1774887321.343058,2026-03-30T18:15:21.343058,139.92343749999998,103.6,36.3234375,6.5625,1,1
1774887323.1118333,2026-03-30T18:15:23.111833,137.366375,103.58,33.786375,3.1107142857142853,1,1
1774887324.666516,2026-03-30T18:15:24.666516,137.61093749999998,104.07,33.5409375,2.7767857142857144,1,1
1774887326.144277,2026-03-30T18:15:26.144277,138.1315,104.08,34.0515,3.4714285714285715,0,1
1774887327.6740978,2026-03-30T18:15:27.674098,137.085,103.17,33.915,3.2857142857142856,1,1
1774887329.1851218,2026-03-30T18:15:29.185122,138.3440625,103.11,35.2340625,5.080357142857143,0,1
1774887330.9593353,2026-03-30T18:15:30.959335,137.1456875,103.4,33.7456875,3.055357142857143,1,1
1774887332.4408967,2026-03-30T18:15:32.440897,139.54475,104.27,35.27475,5.135714285714286,1,1
1774887334.2477627,2026-03-30T18:15:34.247763,137.7215,103.88,33.8415,3.185714285714286,1,1
1774887335.7393625,2026-03-30T18:15:35.739362,138.600125,104.63,33.970125,3.3607142857142853,1,1
1774887337.250725,2026-03-30T18:15:37.250725,137.84175,103.68,34.16175,3.6214285714285714,0,1
1774887338.8152971,2026-03-30T18:15:38.815297,137.3934375,103.59,33.8034375,3.1339285714285716,1,1
1774887340.2965722,2026-03-30T18:15:40.296572,138.4344375,101.88000000000001,36.5544375,6.876785714285715,0,1
1774887342.1204312,2026-03-30T18:15:42.120431,136.265375,102.71000000000001,33.555375,2.7964285714285713,1,1
1774887343.6687634,2026-03-30T18:15:43.668763,138.9485,103.49,35.4585,5.385714285714286,1,1
1774887345.5252545,2026-03-30T18:15:45.525254,137.386875,103.59,33.796875,3.125,1,1
1774887347.0399337,2026-03-30T18:15:47.039934,138.02175,104.07000000000001,33.95175,3.335714285714286,1,1
1774887348.5459557,2026-03-30T18:15:48.545956,137.0445625,103.48,33.5645625,2.8089285714285714,0,1
1774887350.0340977,2026-03-30T18:15:50.034098,138.550625,104.36,34.190625,3.6607142857142856,1,1
1774887351.524377,2026-03-30T18:15:51.524377,149.7358125,102.39,47.3458125,21.55892857142857,0,1
1774887353.3646338,2026-03-30T18:15:53.364634,137.62625,103.58,34.04625,3.4642857142857144,1,1
1774887354.8470247,2026-03-30T18:15:54.847025,141.2731875,104.64,36.6331875,6.983928571428572,1,1
1774887356.8493323,2026-03-30T18:15:56.849332,137.66443750000002,104.26,33.4044375,2.5910714285714285,1,1
1774887358.342605,2026-03-30T18:15:58.342605,148.037,103.58,44.457,17.62857142857143,1,1
1774887359.9714942,2026-03-30T18:15:59.971494,137.3953125,103.5,33.8953125,3.2589285714285716,1,1
1774887361.5019357,2026-03-30T18:16:01.501936,138.2808125,104.27,34.0108125,3.4160714285714286,1,1
1774887363.024168,2026-03-30T18:16:03.024168,138.4256875,102.79,35.6356875,5.626785714285715,0,1
1774887367.616725,2026-03-30T18:16:07.616725,137.1881875,103.6,33.588187500000004,2.8410714285714285,1,1
1774887369.117998,2026-03-30T18:16:09.117998,137.2545625,103.27,33.9845625,3.380357142857143,1,1
1774887370.599745,2026-03-30T18:16:10.599745,137.78925,103.68,34.10925,3.5500000000000003,0,1
1774887372.1626873,2026-03-30T18:16:12.162687,137.3583125,103.19,34.1683125,3.630357142857143,1,1
1774887373.6774573,2026-03-30T18:16:13.677457,147.4310625,102.39,45.0410625,18.423214285714288,0,1
1774887375.5270083,2026-03-30T18:16:15.527008,138.2275,104.47,33.7575,3.0714285714285716,1,1
1774887377.0117583,2026-03-30T18:16:17.011758,137.45543750000002,102.98,34.4754375,4.048214285714286,1,1
1774887378.7582016,2026-03-30T18:16:18.758202,137.3083125,103.56,33.7483125,3.0589285714285714,1,1
1774887380.2542384,2026-03-30T18:16:20.254238,137.2970625,103.89,33.4070625,2.5946428571428575,1,1
1774887381.7858567,2026-03-30T18:16:21.785857,136.8306875,103.19,33.6406875,2.9125,1,1
1774887383.309657,2026-03-30T18:16:23.309657,137.561375,103.67,33.891375,3.2535714285714286,1,1
1774887384.857812,2026-03-30T18:16:24.857812,150.6465,103.68,46.966499999999996,21.042857142857144,0,1
1774887386.722833,2026-03-30T18:16:26.722833,138.072375,103.95,34.122375,3.567857142857143,1,1
1774887388.2422452,2026-03-30T18:16:28.242245,139.2563125,103.87,35.3863125,5.2875000000000005,1,1
1774887389.9593909,2026-03-30T18:16:29.959391,137.0370625,103.0,34.0370625,3.4517857142857147,1,1
1774887391.5038507,2026-03-30T18:16:31.503851,137.3315,103.28,34.0515,3.4714285714285715,1,1
1774887392.9790437,2026-03-30T18:16:32.979044,136.5471875,103.19,33.3571875,2.5267857142857144,0,1
1774887394.5343368,2026-03-30T18:16:34.534337,137.371625,103.58,33.791625,3.117857142857143,1,1
1774887396.1407683,2026-03-30T18:16:36.140768,150.97162500000002,103.95,47.021625,21.11785714285714,0,1
1774887397.7964282,2026-03-30T18:16:37.796428,136.68812499999999,103.17999999999999,33.508125,2.732142857142857,1,1
1774887399.3130145,2026-03-30T18:16:39.313015,139.853,103.88,35.973,6.085714285714286,1,1
1774887401.015193,2026-03-30T18:16:41.015193,137.624125,103.78,33.844125,3.189285714285714,1,1
1774887402.5833442,2026-03-30T18:16:42.583344,140.383375,105.82,34.563375,4.167857142857143,1,1
1774887404.3238769,2026-03-30T18:16:44.323877,137.7349375,103.69,34.0449375,3.4625,1,1
1774887405.806387,2026-03-30T18:16:45.806387,147.4609375,104.26,43.2009375,15.919642857142858,1,1
1774887407.558255,2026-03-30T18:16:47.558255,136.6421875,103.39,33.2521875,2.3839285714285716,1,1
1774887409.0899367,2026-03-30T18:16:49.089937,137.726375,103.94,33.786375,3.1107142857142853,1,1
1774887410.605256,2026-03-30T18:16:50.605256,138.7794375,104.85,33.9294375,3.305357142857143,0,1
1774887412.1285026,2026-03-30T18:16:52.128503,138.74618750000002,104.57000000000001,34.1761875,3.6410714285714287,1,1
1774887413.6177194,2026-03-30T18:16:53.617719,140.44225,104.17,36.27225,6.492857142857142,0,1
1774887415.385824,2026-03-30T18:16:55.385824,136.8194375,103.1,33.7194375,3.019642857142857,1,1
1774887416.8735685,2026-03-30T18:16:56.873569,141.824,105.83,35.994,6.114285714285715,1,1
1774887418.6138754,2026-03-30T18:16:58.613875,138.42012499999998,104.66,33.760125,3.0749999999999997,1,1
1774887420.1074963,2026-03-30T18:17:00.107496,138.03025,103.69,34.34025,3.8642857142857143,1,1
1774887421.6640272,2026-03-30T18:17:01.664027,137.376375,103.38,33.996375,3.3964285714285714,1,1
1774887423.1804943,2026-03-30T18:17:03.180494,137.93775,104.07000000000001,33.86775,3.2214285714285715,1,1
1774887424.684089,2026-03-30T18:17:04.684089,139.44299999999998,103.47,35.973,6.085714285714286,0,1
1774887426.452467,2026-03-30T18:17:06.452467,137.45325,103.68,33.77325,3.0928571428571425,1,1
1774887427.959718,2026-03-30T18:17:07.959718,140.54193750000002,104.25,36.2919375,6.519642857142857,1,1
1774887429.7346926,2026-03-30T18:17:09.734693,137.98525,103.96,34.02525,3.435714285714286,1,1
1774887431.2255404,2026-03-30T18:17:11.225540,137.514375,103.77,33.744375,3.0535714285714284,1,1
1774887432.7128136,2026-03-30T18:17:12.712814,137.365125,103.29,34.075125,3.5035714285714286,1,1
1774887434.224552,2026-03-30T18:17:14.224552,136.3798125,102.39,33.9898125,3.3874999999999997,1,1
1774887435.7194157,2026-03-30T18:17:15.719416,138.4898125,102.61,35.8798125,5.958928571428571,0,1
1774887437.451024,2026-03-30T18:17:17.451024,137.60843749999998,103.49,34.1184375,3.5625,1,1
1774887438.9253256,2026-03-30T18:17:18.925326,139.20387499999998,103.58,35.623875,5.610714285714286,1,1
1774887440.7060697,2026-03-30T18:17:20.706070,136.6306875,102.99,33.6406875,2.9125,1,1
1774887442.2473712,2026-03-30T18:17:22.247371,138.654875,104.27,34.384875,3.9250000000000003,1,1
1774887443.7683313,2026-03-30T18:17:23.768331,137.7793125,103.59,34.1893125,3.6589285714285715,1,1
1774887445.2796583,2026-03-30T18:17:25.279658,136.8643125,103.2,33.6643125,2.944642857142857,1,1
1774887446.7695837,2026-03-30T18:17:26.769584,136.3693125,102.39,33.9793125,3.373214285714286,0,1
1774887448.383198,2026-03-30T18:17:28.383198,137.66081250000002,104.07000000000001,33.5908125,2.8446428571428575,1,1
1774887449.8663352,2026-03-30T18:17:29.866335,139.0321875,103.25999999999999,35.7721875,5.8125,1,1
1774887451.7446718,2026-03-30T18:17:31.744672,137.82831249999998,103.66,34.1683125,3.630357142857143,1,1
1774887453.2298145,2026-03-30T18:17:33.229815,147.3261875,103.28,44.0461875,17.069642857142856,1,1
1774887455.0343325,2026-03-30T18:17:35.034333,136.1859375,102.11999999999999,34.0659375,3.4910714285714284,1,1
1774887456.5230114,2026-03-30T18:17:36.523011,137.7459375,103.67999999999999,34.0659375,3.4910714285714284,1,1
1774887458.0469723,2026-03-30T18:17:38.046972,136.63175,103.1,33.53175,2.7642857142857147,1,1
1774887459.6002707,2026-03-30T18:17:39.600271,136.967375,103.78999999999999,33.177375,2.282142857142857,1,1
1774887461.1169121,2026-03-30T18:17:41.116912,138.064875,103.47,34.594875,4.210714285714286,0,1
1774887462.8617785,2026-03-30T18:17:42.861778,139.66525000000001,105.43,34.23525,3.7214285714285715,1,1
1774887464.394656,2026-03-30T18:17:44.394656,139.520125,104.08,35.440125,5.360714285714286,1,1
1774887466.1221592,2026-03-30T18:17:46.122159,138.3863125,104.05,34.3363125,3.8589285714285713,1,1
1774887467.6376798,2026-03-30T18:17:47.637680,137.36237500000001,103.87,33.492375,2.710714285714286,1,1
1774887469.146373,2026-03-30T18:17:49.146373,136.756125,103.29,33.466125,2.6750000000000003,1,1
1774887470.6457064,2026-03-30T18:17:50.645706,136.44987500000002,102.80000000000001,33.649875,2.9250000000000003,1,1
1774887472.1307757,2026-03-30T18:17:52.130776,150.5803125,103.77,46.8103125,20.830357142857142,0,1
1774887473.7851553,2026-03-30T18:17:53.785155,137.42275,103.87,33.55275,2.792857142857143,1,1
1774887475.266645,2026-03-30T18:17:55.266645,139.52700000000002,103.68,35.847,5.914285714285714,1,1
1774887477.0389485,2026-03-30T18:17:57.038949,136.6471875,103.08,33.5671875,2.8125,1,1
1774887478.5806997,2026-03-30T18:17:58.580700,137.124125,103.28,33.844125,3.189285714285714,1,1
1774887480.08895,2026-03-30T18:18:00.088950,138.1700625,104.07000000000001,34.1000625,3.5375,0,1
1774887481.643094,2026-03-30T18:18:01.643094,136.435375,103.09,33.345375,2.5107142857142857,1,1
1774887483.1242595,2026-03-30T18:18:03.124259,147.2935625,103.46000000000001,43.8335625,16.780357142857145,0,1
1774887484.801931,2026-03-30T18:18:04.801931,137.23193750000002,103.67,33.5619375,2.805357142857143,1,1
1774887486.282708,2026-03-30T18:18:06.282708,138.5770625,103.07000000000001,35.5070625,5.451785714285714,1,1
1774887488.090252,2026-03-30T18:18:08.090252,136.93275,103.38,33.55275,2.792857142857143,1,1
1774887489.5818746,2026-03-30T18:18:09.581875,137.1299375,102.98,34.1499375,3.605357142857143,1,1
1774887491.0808985,2026-03-30T18:18:11.080899,136.4583125,102.5,33.9583125,3.3446428571428575,0,1
1774887492.5775938,2026-03-30T18:18:12.577594,137.10818749999999,102.89,34.2181875,3.6982142857142857,1,1
1774887494.1011071,2026-03-30T18:18:14.101107,149.96775,103.28999999999999,46.67775,20.650000000000002,0,1
1774887495.963904,2026-03-30T18:18:15.963904,138.2599375,103.69,34.5699375,4.176785714285715,1,1
1774887497.4768872,2026-03-30T18:18:17.476887,146.830875,103.29,43.540875,16.382142857142856,1,1
1774887499.1947205,2026-03-30T18:18:19.194721,137.5910625,103.89,33.7010625,2.994642857142857,1,1
1774887500.684088,2026-03-30T18:18:20.684088,136.8373125,102.89999999999999,33.9373125,3.3160714285714286,1,1
1774887502.206679,2026-03-30T18:18:22.206679,139.682625,103.77,35.912625,6.003571428571428,0,1
1774887506.6673114,2026-03-30T18:18:26.667311,136.734375,103.2,33.534375,2.767857142857143,1,1
1774887508.159563,2026-03-30T18:18:28.159563,137.7041875,103.78,33.9241875,3.2982142857142853,1,1
1774887509.642917,2026-03-30T18:18:29.642917,137.4691875,104.07000000000001,33.3991875,2.5839285714285714,0,1
1774887511.1234462,2026-03-30T18:18:31.123446,138.5044375,104.26,34.244437500000004,3.7339285714285713,1,1
1774887512.657995,2026-03-30T18:18:32.657995,149.29375,104.17,45.12375,18.535714285714285,0,1
1774887514.5325713,2026-03-30T18:18:34.532571,138.5458125,104.85,33.6958125,2.9875000000000003,1,1
1774887516.024096,2026-03-30T18:18:36.024096,139.7448125,105.23,34.5148125,4.101785714285715,1,1
1774887517.8372536,2026-03-30T18:18:37.837254,137.781375,103.68,34.101375,3.539285714285714,1,1
1774887519.337148,2026-03-30T18:18:39.337148,136.8169375,103.36,33.4569375,2.6625,1,1
1774887520.8544688,2026-03-30T18:18:40.854469,137.56900000000002,103.78,33.789,3.1142857142857143,0,1
1774887522.348095,2026-03-30T18:18:42.348095,137.3183125,103.36,33.9583125,3.3446428571428575,1,1
1774887523.890774,2026-03-30T18:18:43.890774,150.817125,103.68,47.137125,21.275000000000002,0,1
1774887525.7003572,2026-03-30T18:18:45.700357,137.0086875,103.2,33.8086875,3.1410714285714287,1,1
1774887527.1773942,2026-03-30T18:18:47.177394,138.919625,103.28,35.639625,5.632142857142857,1,1
1774887528.9972775,2026-03-30T18:18:48.997277,137.361875,103.67,33.691875,2.982142857142857,1,1
1774887530.5368285,2026-03-30T18:18:50.536829,136.998875,103.37,33.628875,2.8964285714285714,1,1
1774887532.0284457,2026-03-30T18:18:52.028446,137.7734375,103.97,33.8034375,3.1339285714285716,0,1
1774887533.5207162,2026-03-30T18:18:53.520716,137.21775,103.77,33.44775,2.65,1,1
1774887535.0628822,2026-03-30T18:18:55.062882,149.19912499999998,102.22999999999999,46.969125,21.04642857142857,0,1
1774887536.8320577,2026-03-30T18:18:56.832058,137.04250000000002,103.39,33.6525,2.9285714285714284,1,1
1774887538.3390071,2026-03-30T18:18:58.339007,139.2634375,103.78,35.4834375,5.419642857142857,1,1
1774887540.0768702,2026-03-30T18:19:00.076870,137.1619375,103.39,33.7719375,3.0910714285714285,1,1
1774887541.562191,2026-03-30T18:19:01.562191,137.974,103.87,34.104,3.542857142857143,1,1
1774887543.0474176,2026-03-30T18:19:03.047418,141.16875,104.76,36.40875,6.678571428571429,0,1
1774887547.5256078,2026-03-30T18:19:07.525608,137.2831875,103.38,33.9031875,3.269642857142857,1,1
1774887549.0649607,2026-03-30T18:19:09.064961,139.5094375,105.79,33.7194375,3.019642857142857,1,1
1774887550.6243963,2026-03-30T18:19:10.624396,137.66162500000002,104.08,33.581625,2.832142857142857,1,1
1774887552.1722207,2026-03-30T18:19:12.172221,136.7223125,103.1,33.6223125,2.8874999999999997,1,1
1774887553.6561394,2026-03-30T18:19:13.656139,139.4881875,103.59,35.8981875,5.983928571428572,0,1
1774887555.4168868,2026-03-30T18:19:15.416887,137.8106875,104.17,33.6406875,2.9125,1,1
1774887556.918846,2026-03-30T18:19:16.918846,138.9285625,103.6,35.3285625,5.208928571428571,1,1
1774887558.7226875,2026-03-30T18:19:18.722687,136.60762499999998,102.69,33.917625,3.289285714285714,1,1
1774887560.2556732,2026-03-30T18:19:20.255673,139.1015,105.05,34.0515,3.4714285714285715,1,1
1774887561.7440941,2026-03-30T18:19:21.744094,137.0845,103.18,33.9045,3.2714285714285714,0,1
1774887563.2338638,2026-03-30T18:19:23.233864,137.9123125,103.87,34.0423125,3.4589285714285714,1,1
1774887564.7464724,2026-03-30T18:19:24.746472,137.7349375,102.22,35.5149375,5.4624999999999995,0,1
1774887566.5005236,2026-03-30T18:19:26.500524,137.40125,103.88,33.52125,2.75,1,1
1774887567.9845176,2026-03-30T18:19:27.984518,139.3551875,104.15,35.2051875,5.041071428571429,1,1
1774887569.7519393,2026-03-30T18:19:29.751939,137.156625,103.47,33.686625,2.975,1,1
1774887571.2679183,2026-03-30T18:19:31.267918,138.17624999999998,104.55,33.62625,2.892857142857143,1,1
1774887572.7783947,2026-03-30T18:19:32.778395,137.1036875,103.4,33.7036875,2.998214285714286,0,1
1774887574.2918055,2026-03-30T18:19:34.291806,137.125125,103.68,33.445125,2.6464285714285714,1,1
1774887575.8420622,2026-03-30T18:19:35.842062,139.262375,103.88,35.382375,5.2821428571428575,0,1
1774887577.5947454,2026-03-30T18:19:37.594745,137.5899375,104.07,33.5199375,2.748214285714286,1,1
1774887579.1134448,2026-03-30T18:19:39.113445,147.93212499999998,105.94,41.992125,14.275,1,1
1774887580.5543084,2026-03-30T18:19:40.554308,138.2173125,103.65,34.5673125,4.173214285714286,1,1
1774887582.0725799,2026-03-30T18:19:42.072580,137.520125,103.97,33.550125,2.789285714285714,1,1
1774887583.55489,2026-03-30T18:19:43.554890,135.7294375,102.00999999999999,33.7194375,3.019642857142857,0,1
1774887585.1926465,2026-03-30T18:19:45.192647,137.98125,104.25,33.73125,3.0357142857142856,1,1
1774887586.711015,2026-03-30T18:19:46.711015,138.605875,102.31,36.295875,6.525,1,1
1774887588.5715492,2026-03-30T18:19:48.571549,137.6354375,103.58,34.0554375,3.476785714285714,1,1
1774887590.0902889,2026-03-30T18:19:50.090289,139.90575,103.98,35.92575,6.021428571428571,1,1
1774887591.9214866,2026-03-30T18:19:51.921487,137.46925,103.78,33.68925,2.9785714285714286,1,1
1774887593.4018834,2026-03-30T18:19:53.401883,137.53693750000002,103.87,33.6669375,2.9482142857142857,1,1
1774887594.8858242,2026-03-30T18:19:54.885824,137.6933125,104.26,33.4333125,2.630357142857143,0,1
1774887596.393928,2026-03-30T18:19:56.393928,137.71675,103.87,33.84675,3.1928571428571426,1,1
1774887597.8789642,2026-03-30T18:19:57.878964,142.18937499999998,105.19,36.999375,7.482142857142857,1,1
1774887599.840647,2026-03-30T18:19:59.840647,137.039125,103.3,33.739125,3.0464285714285713,1,1
1774887601.3252459,2026-03-30T18:20:01.325246,144.1690625,103.58,40.5890625,12.366071428571429,1,1
1774887603.1132119,2026-03-30T18:20:03.113212,137.69,104.09,33.6,2.857142857142857,1,1
1774887604.640457,2026-03-30T18:20:04.640457,138.104375,104.36,33.744375,3.0535714285714284,1,1
1774887606.1248748,2026-03-30T18:20:06.124875,137.5531875,103.86,33.6931875,2.9839285714285713,0,1
1774887607.6404252,2026-03-30T18:20:07.640425,138.483875,104.75,33.733875,3.039285714285714,1,1
1774887609.1494637,2026-03-30T18:20:09.149464,149.7256875,102.33,47.3956875,21.626785714285713,0,1
1774887611.0369678,2026-03-30T18:20:11.036968,138.055,104.14,33.915,3.2857142857142856,1,1
1774887612.5530648,2026-03-30T18:20:12.553065,142.21056249999998,105.16,37.0505625,7.551785714285714,1,1
1774887614.2642875,2026-03-30T18:20:14.264287,138.364625,104.09,34.274625,3.775,1,1
1774887615.7830274,2026-03-30T18:20:15.783027,137.0065,103.27,33.7365,3.042857142857143,1,1
1774887617.2985308,2026-03-30T18:20:17.298531,137.1768125,103.67,33.5068125,2.730357142857143,1,1
1774887618.8072433,2026-03-30T18:20:18.807243,137.4874375,103.6,33.8874375,3.248214285714286,1,1
1774887620.2958517,2026-03-30T18:20:20.295852,149.5085,102.71,46.7985,20.814285714285713,0,1
1774887622.0980535,2026-03-30T18:20:22.098053,139.7410625,106.04,33.7010625,2.994642857142857,1,1
1774887623.587558,2026-03-30T18:20:23.587558,139.065875,103.19,35.875875,5.953571428571428,1,1
1774887625.4054751,2026-03-30T18:20:25.405475,137.3635625,103.19,34.1735625,3.6374999999999997,1,1
1774887626.9331284,2026-03-30T18:20:26.933128,139.4846875,105.34,34.1446875,3.5982142857142856,1,1
1774887628.4528441,2026-03-30T18:20:28.452844,137.83274999999998,103.64999999999999,34.18275,3.65,1,1
1774887629.9832606,2026-03-30T18:20:29.983261,137.85593749999998,103.58,34.2759375,3.7767857142857144,1,1
1774887631.4854505,2026-03-30T18:20:31.485451,138.438375,103.77,34.668375,4.310714285714286,0,1
1774887633.1794443,2026-03-30T18:20:33.179444,137.456125,103.78,33.676125,2.960714285714286,1,1
1774887634.6615283,2026-03-30T18:20:34.661528,140.73525,105.03,35.70525,5.721428571428571,1,1
1774887636.422106,2026-03-30T18:20:36.422106,136.38818750000002,102.8,33.588187500000004,2.8410714285714285,1,1
1774887637.919986,2026-03-30T18:20:37.919986,138.969,104.55,34.419,3.9714285714285715,1,1
1774887639.415472,2026-03-30T18:20:39.415472,137.118875,103.28,33.838875,3.182142857142857,1,1
1774887640.9214926,2026-03-30T18:20:40.921493,139.2709375,105.73,33.5409375,2.7767857142857144,1,1
1774887642.4148724,2026-03-30T18:20:42.414872,139.56799999999998,102.02,37.548,8.22857142857143,0,1
1774887644.1571932,2026-03-30T18:20:44.157193,138.0245625,104.46000000000001,33.5645625,2.8089285714285714,1,1
1774887645.637986,2026-03-30T18:20:45.637986,137.4754375,102.79,34.6854375,4.333928571428571,1,1
1774887647.459903,2026-03-30T18:20:47.459903,138.4670625,104.85000000000001,33.6170625,2.880357142857143,1,1
1774887648.9520397,2026-03-30T18:20:48.952040,139.420125,105.45,33.970125,3.3607142857142853,1,1
1774887650.4765024,2026-03-30T18:20:50.476502,137.78,103.97,33.81,3.142857142857143,0,1
1774887651.9797819,2026-03-30T18:20:51.979782,139.2960625,105.07,34.2260625,3.7089285714285714,1,1
1774887653.4897137,2026-03-30T18:20:53.489714,138.9764375,104.27000000000001,34.7064375,4.3625,0,1
1774887655.1978483,2026-03-30T18:20:55.197848,137.345125,103.48,33.865125,3.2178571428571425,1,1
1774887656.7115312,2026-03-30T18:20:56.711531,139.74312500000002,104.45,35.293125,5.160714285714286,1,1
1774887658.4953122,2026-03-30T18:20:58.495312,137.5940625,104.04,33.5540625,2.794642857142857,1,1
1774887660.0336304,2026-03-30T18:21:00.033630,136.95193749999999,102.97,33.9819375,3.376785714285714,1,1
1774887661.56222,2026-03-30T18:21:01.562220,138.4015625,104.06,34.3415625,3.8660714285714284,1,1
1774887663.1194503,2026-03-30T18:21:03.119450,137.3593125,103.59,33.7693125,3.0875,1,1
1774887664.6170468,2026-03-30T18:21:04.617047,148.62025,103.57000000000001,45.05025,18.435714285714287,0,1
1774887666.2703733,2026-03-30T18:21:06.270373,137.381375,103.28,34.101375,3.539285714285714,1,1
1774887667.804338,2026-03-30T18:21:07.804338,140.018625,103.35,36.668625,7.0321428571428575,1,1
1774887669.783872,2026-03-30T18:21:09.783872,137.574,103.68,33.894,3.257142857142857,1,1
1774887671.3003843,2026-03-30T18:21:11.300384,148.1855625,103.47,44.7155625,17.98035714285714,1,1
1774887672.9990165,2026-03-30T18:21:12.999017,140.89137499999998,107.0,33.891375,3.2535714285714286,1,1
1774887674.5284154,2026-03-30T18:21:14.528415,138.0798125,103.88,34.1998125,3.6732142857142853,1,1
1774887676.0476017,2026-03-30T18:21:16.047602,136.319875,103.09,33.229875,2.3535714285714286,0,1
1774887677.533244,2026-03-30T18:21:17.533244,137.5881875,103.58,34.0081875,3.4125,1,1
1774887679.0829184,2026-03-30T18:21:19.082918,149.56856249999998,102.69,46.8785625,20.923214285714288,0,1
1774887681.0270193,2026-03-30T18:21:21.027019,138.4946875,104.56,33.9346875,3.3125,1,1
1774887682.563103,2026-03-30T18:21:22.563103,138.3476875,102.67,35.6776875,5.683928571428572,1,1
1774887684.2422302,2026-03-30T18:21:24.242230,137.4041875,103.48,33.9241875,3.2982142857142853,1,1
1774887685.7825143,2026-03-30T18:21:25.782514,137.6896875,103.86,33.8296875,3.169642857142857,1,1
1774887687.3253224,2026-03-30T18:21:27.325322,138.3235625,104.15,34.1735625,3.6374999999999997,0,1
1774887688.8541236,2026-03-30T18:21:28.854124,137.091875,103.19,33.901875,3.267857142857143,1,1
1774887690.3702705,2026-03-30T18:21:30.370270,149.132125,102.31,46.822125,20.84642857142857,0,1
1774887692.1897142,2026-03-30T18:21:32.189714,136.8225,103.38,33.4425,2.642857142857143,1,1
1774887693.6673133,2026-03-30T18:21:33.667313,141.1979375,105.62,35.5779375,5.548214285714286,1,1
1774887695.4701867,2026-03-30T18:21:35.470187,137.3934375,103.59,33.8034375,3.1339285714285716,1,1
1774887697.0197957,2026-03-30T18:21:37.019796,137.571625,103.78,33.791625,3.117857142857143,1,1
1774887698.5005186,2026-03-30T18:21:38.500519,137.4715625,103.55,33.9215625,3.294642857142857,0,1
1774887700.0113323,2026-03-30T18:21:40.011332,137.7009375,103.95,33.7509375,3.0625,1,1
1774887701.5302486,2026-03-30T18:21:41.530249,140.556,104.73,35.826,5.885714285714286,0,1
1774887703.285448,2026-03-30T18:21:43.285448,136.65718750000002,103.09,33.5671875,2.8125,1,1
1774887704.8118856,2026-03-30T18:21:44.811886,141.80875,105.61,36.198750000000004,6.392857142857143,1,1
1774887706.5384483,2026-03-30T18:21:46.538448,139.25525,105.23,34.02525,3.435714285714286,1,1
1774887708.0559442,2026-03-30T18:21:48.055944,140.997625,107.29,33.707625,3.0035714285714286,1,1
1774887709.5475028,2026-03-30T18:21:49.547503,138.6465,105.12,33.5265,2.757142857142857,1,1
1774887711.0803413,2026-03-30T18:21:51.080341,136.98925,103.09,33.89925,3.2642857142857147,1,1
1774887712.6280122,2026-03-30T18:21:52.628012,148.1825,104.45,43.7325,16.642857142857142,0,1
1774887714.210101,2026-03-30T18:21:54.210101,137.744,104.06,33.684,2.9714285714285715,1,1
1774887715.7071183,2026-03-30T18:21:55.707118,149.905625,105.53,44.375625,17.517857142857142,1,1
1774887717.1342247,2026-03-30T18:21:57.134225,137.71625,103.88,33.83625,3.1785714285714284,1,1
1774887718.650204,2026-03-30T18:21:58.650204,137.914125,103.86,34.054125,3.475,1,1
1774887720.1477349,2026-03-30T18:22:00.147735,136.12275,102.57,33.55275,2.792857142857143,0,1
1774887721.7327468,2026-03-30T18:22:01.732747,136.8975,103.56,33.3375,2.5,1,1
1774887723.2137995,2026-03-30T18:22:03.213799,139.1819375,102.47,36.711937500000005,7.091071428571429,1,1
1774887725.1193223,2026-03-30T18:22:05.119322,137.6874375,103.8,33.8874375,3.248214285714286,1,1
1774887726.6536489,2026-03-30T18:22:06.653649,143.7073125,103.47,40.2373125,11.887500000000001,1,1
1774887728.4648747,2026-03-30T18:22:08.464875,137.54875,103.87,33.67875,2.9642857142857144,1,1
1774887730.0070934,2026-03-30T18:22:10.007093,137.9443125,104.07,33.8743125,3.230357142857143,1,1
1774887731.4849808,2026-03-30T18:22:11.484981,137.7149375,103.88,33.8349375,3.1767857142857143,0,1
1774887732.9828877,2026-03-30T18:22:12.982888,138.264125,104.0,34.264125,3.7607142857142857,1,1
1774887734.534518,2026-03-30T18:22:14.534518,147.2219375,102.32,44.9019375,18.23392857142857,0,1
1774887736.3571787,2026-03-30T18:22:16.357179,139.1838125,105.32,33.8638125,3.2160714285714285,1,1
1774887737.8782513,2026-03-30T18:22:17.878251,138.0875,103.28,34.8075,4.5,1,1
1774887739.6082737,2026-03-30T18:22:19.608274,137.6056875,103.86,33.7456875,3.055357142857143,1,1
1774887741.1057844,2026-03-30T18:22:21.105784,139.88025,107.01,32.87025,1.864285714285714,1,1
1774887742.6493125,2026-03-30T18:22:22.649312,137.3045625,103.32000000000001,33.9845625,3.380357142857143,0,1
1774887744.2282038,2026-03-30T18:22:24.228204,136.539875,102.89,33.649875,2.9250000000000003,1,1
1774887745.7109041,2026-03-30T18:22:25.710904,138.648125,102.41,36.238125,6.446428571428571,1,1
1774887747.6005127,2026-03-30T18:22:27.600513,138.6721875,104.37,34.3021875,3.8125,1,1
1774887749.1134887,2026-03-30T18:22:29.113489,139.7995625,104.45,35.3495625,5.2375,1,1
1774887750.9998045,2026-03-30T18:22:30.999804,137.7315,103.68,34.0515,3.4714285714285715,1,1
1774887752.5157378,2026-03-30T18:22:32.515738,137.4734375,103.67,33.8034375,3.1339285714285716,1,1
1774887754.0196638,2026-03-30T18:22:34.019664,136.95431250000001,103.29,33.6643125,2.944642857142857,0,1
1774887755.5050406,2026-03-30T18:22:35.505041,137.58575,103.97,33.61575,2.8785714285714286,1,1
1774887757.042887,2026-03-30T18:22:37.042887,149.8875,102.69,47.1975,21.357142857142858,0,1
1774887758.8484569,2026-03-30T18:22:38.848457,138.145375,103.96,34.185375,3.6535714285714285,1,1
1774887760.367781,2026-03-30T18:22:40.367781,136.9840625,102.38,34.6040625,4.223214285714286,1,1
1774887762.1668847,2026-03-30T18:22:42.166885,137.307625,103.39,33.917625,3.289285714285714,1,1
1774887763.658522,2026-03-30T18:22:43.658522,136.6666875,103.11,33.5566875,2.7982142857142853,1,1
1774887765.152237,2026-03-30T18:22:45.152237,139.7244375,106.11,33.6144375,2.876785714285714,0,1
1774887766.650457,2026-03-30T18:22:46.650457,138.2554375,104.62,33.6354375,2.9053571428571425,1,1
1774887768.1292286,2026-03-30T18:22:48.129229,138.3645,102.78,35.5845,5.557142857142857,1,1
1774887769.7231789,2026-03-30T18:22:49.723179,137.055625,103.17999999999999,33.875625,3.232142857142857,1,1
1774887771.2249432,2026-03-30T18:22:51.224943,137.823875,103.67,34.153875,3.6107142857142853,1,1
1774887772.7148178,2026-03-30T18:22:52.714818,136.6320625,102.91,33.7220625,3.023214285714286,0,1
1774887774.2642076,2026-03-30T18:22:54.264208,138.49675,104.44,34.05675,3.4785714285714286,1,1
1774887775.8039,2026-03-30T18:22:55.803900,152.29149999999998,105.22,47.0715,21.185714285714287,0,1
1774887777.4651377,2026-03-30T18:22:57.465138,138.21550000000002,103.87,34.3455,3.8714285714285714,1,1
1774887778.9497523,2026-03-30T18:22:58.949752,139.753,103.78,35.973,6.085714285714286,1,1
1774887780.9608867,2026-03-30T18:23:00.960887,137.0284375,102.7,34.3284375,3.8482142857142856,1,1
1774887782.4626904,2026-03-30T18:23:02.462690,139.6275625,104.32000000000001,35.3075625,5.180357142857143,1,1
1774887784.3730507,2026-03-30T18:23:04.373051,137.046375,103.47,33.576375,2.8249999999999997,1,1
1774887785.8763957,2026-03-30T18:23:05.876396,137.765,104.27,33.495,2.7142857142857144,1,1
1774887787.3887222,2026-03-30T18:23:07.388722,138.04174999999998,103.88,34.16175,3.621428571428571,1,1
1774887788.872034,2026-03-30T18:23:08.872034,138.149,104.36,33.789,3.1142857142857143,1,1
1774887790.3640563,2026-03-30T18:23:10.364056,140.8794375,104.64,36.2394375,6.448214285714286,0,1
1774887792.097822,2026-03-30T18:23:12.097822,138.2996875,104.47,33.8296875,3.169642857142857,1,1
1774887793.5865903,2026-03-30T18:23:13.586590,139.7599375,103.09,36.669937499999996,7.033928571428571,1,1
1774887795.4939835,2026-03-30T18:23:15.493984,137.850125,104.09,33.760125,3.0749999999999997,1,1
1774887797.0129917,2026-03-30T18:23:17.012992,137.4516875,103.58,33.8716875,3.226785714285714,1,1
1774887798.4906714,2026-03-30T18:23:18.490671,138.7830625,105.25,33.5330625,2.7660714285714287,1,1
1774887800.0193431,2026-03-30T18:23:20.019343,137.2368125,103.73,33.5068125,2.730357142857143,1,1
1774887801.5055804,2026-03-30T18:23:21.505580,150.15506249999999,103.56,46.5950625,20.537499999999998,0,1
1774887803.2004547,2026-03-30T18:23:23.200455,138.8216875,104.95,33.8716875,3.226785714285714,1,1
1774887804.6862814,2026-03-30T18:23:24.686281,140.477125,104.47,36.007125,6.132142857142857,1,1
1774887806.514496,2026-03-30T18:23:26.514496,137.65275,103.68,33.97275,3.3642857142857143,1,1
1774887808.012362,2026-03-30T18:23:28.012362,137.48556250000001,103.69,33.7955625,3.123214285714286,1,1
1774887809.5254874,2026-03-30T18:23:29.525487,137.5658125,103.66,33.905812499999996,3.273214285714286,0,1
1774887811.089542,2026-03-30T18:23:31.089542,136.9031875,103.0,33.9031875,3.269642857142857,1,1
1774887812.5913196,2026-03-30T18:23:32.591320,149.577875,102.32,47.257875,21.439285714285713,0,1
1774887814.3449726,2026-03-30T18:23:34.344973,137.3099375,103.58,33.7299375,3.0339285714285715,1,1
1774887815.8501601,2026-03-30T18:23:35.850160,139.1133125,103.37,35.7433125,5.773214285714286,1,1
1774887817.7438219,2026-03-30T18:23:37.743822,137.636375,103.85,33.786375,3.1107142857142853,1,1
1774887819.2661989,2026-03-30T18:23:39.266199,137.9145625,104.14,33.7745625,3.0946428571428575,1,1
1774887820.802369,2026-03-30T18:23:40.802369,137.0246875,103.09,33.9346875,3.3125,0,1
1774887822.29711,2026-03-30T18:23:42.297110,136.5144375,102.9,33.6144375,2.876785714285714,1,1
1774887823.7917764,2026-03-30T18:23:43.791776,137.95487500000002,102.31,35.644875,5.639285714285714,0,1
1774887825.5249271,2026-03-30T18:23:45.524927,139.0674375,104.76,34.3074375,3.819642857142857,1,1
1774887827.0460112,2026-03-30T18:23:47.046011,137.411625,102.99,34.421625,3.9750000000000005,1,1
1774887828.831671,2026-03-30T18:23:48.831671,137.0475,102.87,34.1775,3.642857142857143,1,1
1774887830.320637,2026-03-30T18:23:50.320637,137.8823125,104.05,33.8323125,3.1732142857142853,1,1
1774887831.8108883,2026-03-30T18:23:51.810888,136.90525,103.09,33.81525,3.15,0,1
1774887833.3050168,2026-03-30T18:23:53.305017,136.435125,102.99000000000001,33.445125,2.6464285714285714,1,1
1774887834.8275778,2026-03-30T18:23:54.827578,138.033625,102.31,35.723625,5.746428571428572,0,1
1774887836.5480487,2026-03-30T18:23:56.548049,138.8718125,105.26,33.6118125,2.873214285714286,1,1
1774887838.0720606,2026-03-30T18:23:58.072061,136.4299375,102.28,34.1499375,3.605357142857143,1,1
1774887839.7950094,2026-03-30T18:23:59.795009,137.04206250000001,102.9,34.1420625,3.5946428571428575,1,1
1774887841.2857406,2026-03-30T18:24:01.285741,139.5494375,105.83,33.7194375,3.019642857142857,1,1
1774887842.8016272,2026-03-30T18:24:02.801627,137.534125,103.69,33.844125,3.189285714285714,0,1
1774887844.2940235,2026-03-30T18:24:04.294024,139.26625,105.64,33.62625,2.892857142857143,1,1
1774887845.7867835,2026-03-30T18:24:05.786783,147.61450000000002,102.37,45.2445,18.7,0,1
1774887848.2472115,2026-03-30T18:24:08.247211,136.311375,102.42,33.891375,3.2535714285714286,1,1
1774887849.7620242,2026-03-30T18:24:09.762024,140.892,104.94,35.952,6.057142857142857,1,1
1774887851.5307508,2026-03-30T18:24:11.530751,137.0083125,103.26,33.7483125,3.0589285714285714,1,1
1774887853.023273,2026-03-30T18:24:13.023273,137.071375,103.18,33.891375,3.2535714285714286,1,1
1774887854.5365646,2026-03-30T18:24:14.536565,137.0395625,103.58,33.4595625,2.6660714285714286,1,1
1774887856.0537553,2026-03-30T18:24:16.053755,137.16649999999998,102.8,34.3665,3.9,1,1
1774887857.5984747,2026-03-30T18:24:17.598475,148.163375,101.63,46.533375,20.45357142857143,0,1
1774887859.4343963,2026-03-30T18:24:19.434396,137.2390625,103.37,33.8690625,3.2232142857142856,1,1
1774887860.926672,2026-03-30T18:24:20.926672,138.8839375,102.76,36.1239375,6.291071428571429,1,1
1774887862.618655,2026-03-30T18:24:22.618655,137.374,103.69,33.684,2.9714285714285715,1,1
1774887864.143817,2026-03-30T18:24:24.143817,136.9705625,103.49,33.4805625,2.694642857142857,1,1
1774887865.6710503,2026-03-30T18:24:25.671050,135.815,102.32000000000001,33.495,2.7142857142857144,1,1
1774887867.1653178,2026-03-30T18:24:27.165318,136.217625,102.72,33.497625,2.7178571428571425,1,1
1774887868.650613,2026-03-30T18:24:28.650613,136.644375,102.69,33.954375,3.3392857142857144,0,1
1774887870.3388917,2026-03-30T18:24:30.338892,138.29568749999999,104.55,33.7456875,3.055357142857143,1,1
1774887871.8545308,2026-03-30T18:24:31.854531,138.901,103.39,35.511,5.457142857142857,1,1
1774887873.610162,2026-03-30T18:24:33.610162,138.6471875,104.66,33.9871875,3.3839285714285716,1,1
1774887875.1426363,2026-03-30T18:24:35.142636,137.528875,103.69,33.838875,3.182142857142857,1,1
1774887876.6264763,2026-03-30T18:24:36.626476,137.813625,103.98,33.833625,3.1750000000000003,0,1
1774887878.1301715,2026-03-30T18:24:38.130172,137.624375,103.67,33.954375,3.3392857142857144,1,1
1774887879.6702,2026-03-30T18:24:39.670200,136.5750625,102.78999999999999,33.7850625,3.1089285714285713,0,1
1774887881.3953245,2026-03-30T18:24:41.395324,137.846625,104.16,33.686625,2.975,1,1
1774887882.92861,2026-03-30T18:24:42.928610,139.631,103.49000000000001,36.141,6.314285714285715,1,1
1774887884.640788,2026-03-30T18:24:44.640788,137.550125,103.79,33.760125,3.0749999999999997,1,1
1774887886.1687455,2026-03-30T18:24:46.168746,136.85987500000002,103.21000000000001,33.649875,2.9250000000000003,1,1
1774887887.6576486,2026-03-30T18:24:47.657649,137.7225,103.86,33.8625,3.2142857142857144,0,1
1774887889.146935,2026-03-30T18:24:49.146935,137.840125,103.87,33.970125,3.3607142857142853,1,1
1774887890.6857975,2026-03-30T18:24:50.685797,138.622625,102.5,36.122625,6.289285714285714,0,1
1774887892.4444516,2026-03-30T18:24:52.444452,137.7070625,103.88000000000001,33.8270625,3.1660714285714286,1,1
1774887893.9945993,2026-03-30T18:24:53.994599,141.504625,105.13,36.374625,6.632142857142857,1,1
1774887896.066846,2026-03-30T18:24:56.066846,137.34231250000002,103.30000000000001,34.0423125,3.4589285714285714,1,1
1774887897.6300614,2026-03-30T18:24:57.630061,138.781,103.48,35.301,5.171428571428572,1,1
1774887899.500532,2026-03-30T18:24:59.500532,136.2134375,102.62,33.5934375,2.8482142857142856,1,1
1774887901.038252,2026-03-30T18:25:01.038252,137.5445625,103.98,33.5645625,2.8089285714285714,1,1
1774887902.528182,2026-03-30T18:25:02.528182,138.48318749999999,102.69,35.7931875,5.841071428571429,0,1
1774887906.5886238,2026-03-30T18:25:06.588624,137.76012500000002,103.79,33.970125,3.3607142857142853,1,1
1774887908.1273499,2026-03-30T18:25:08.127350,136.2436875,102.33,33.9136875,3.2839285714285715,1,1
1774887909.6446047,2026-03-30T18:25:09.644605,137.346375,103.77,33.576375,2.8249999999999997,0,1
1774887911.1521404,2026-03-30T18:25:11.152140,137.0369375,103.16,33.8769375,3.2339285714285713,1,1
1774887912.6733341,2026-03-30T18:25:12.673334,148.87875,102.6,46.27875,20.107142857142858,0,1
1774887914.5167823,2026-03-30T18:25:14.516782,136.53050000000002,102.71000000000001,33.8205,3.1571428571428575,1,1
1774887916.0066226,2026-03-30T18:25:16.006623,147.3466875,103.29,44.0566875,17.083928571428572,1,1
1774887917.6774263,2026-03-30T18:25:17.677426,139.2855,105.36,33.9255,3.3000000000000003,1,1
1774887919.1990542,2026-03-30T18:25:19.199054,137.26012500000002,103.5,33.760125,3.0749999999999997,1,1
1774887920.7191894,2026-03-30T18:25:20.719189,139.1714375,103.1,36.0714375,6.2196428571428575,0,1
1774887925.181783,2026-03-30T18:25:25.181783,137.144,103.67,33.474000000000004,2.685714285714286,1,1
1774887926.7033978,2026-03-30T18:25:26.703398,137.734875,103.98,33.754875,3.067857142857143,1,1
1774887928.215987,2026-03-30T18:25:28.215987,136.96725,103.11,33.85725,3.207142857142857,0,1
1774887929.7029233,2026-03-30T18:25:29.702923,137.34324999999998,103.57,33.77325,3.0928571428571425,1,1
1774887931.2122335,2026-03-30T18:25:31.212234,150.00662499999999,102.67,47.336625,21.54642857142857,0,1
1774887933.056841,2026-03-30T18:25:33.056841,138.285,104.36999999999999,33.915,3.2857142857142856,1,1
1774887934.5399528,2026-03-30T18:25:34.539953,139.0461875,102.98,36.0661875,6.2124999999999995,1,1
1774887936.259316,2026-03-30T18:25:36.259316,137.16775,103.3,33.86775,3.2214285714285715,1,1
1774887937.77958,2026-03-30T18:25:37.779580,137.0645625,103.28999999999999,33.7745625,3.0946428571428575,1,1
1774887939.2919168,2026-03-30T18:25:39.291917,137.50568750000002,103.76,33.7456875,3.055357142857143,1,1
1774887940.8099723,2026-03-30T18:25:40.809972,137.32150000000001,103.48,33.8415,3.185714285714286,1,1
1774887942.3272033,2026-03-30T18:25:42.327203,138.515,102.5,36.015,6.142857142857143,0,1
1774887944.0758915,2026-03-30T18:25:44.075891,137.7004375,103.96,33.7404375,3.0482142857142853,1,1
1774887945.5541234,2026-03-30T18:25:45.554123,136.35175,102.82000000000001,33.53175,2.7642857142857147,1,1
1774887947.0259435,2026-03-30T18:25:47.025944,137.1205,103.09,34.0305,3.442857142857143,1,1
1774887948.5551023,2026-03-30T18:25:48.555102,136.333625,102.71000000000001,33.623625000000004,2.8892857142857147,1,1
1774887950.0975158,2026-03-30T18:25:50.097516,136.4774375,102.59,33.8874375,3.248214285714286,0,1
1774887951.6884296,2026-03-30T18:25:51.688430,138.6225,104.76,33.8625,3.2142857142857144,1,1
1774887953.2196727,2026-03-30T18:25:53.219673,138.5370625,102.4,36.1370625,6.308928571428572,1,1
1774887955.1401675,2026-03-30T18:25:55.140167,136.866375,103.08,33.786375,3.1107142857142853,1,1
1774887956.6347764,2026-03-30T18:25:56.634776,149.1198125,104.84,44.2798125,17.3875,1,1
1774887958.3181674,2026-03-30T18:25:58.318167,137.495,103.58,33.915,3.2857142857142856,1,1
1774887959.7983615,2026-03-30T18:25:59.798362,136.50343750000002,102.7,33.8034375,3.1339285714285716,1,1
1774887961.295367,2026-03-30T18:26:01.295367,148.7496875,103.37,45.3796875,18.883928571428573,0,1
1774887962.975082,2026-03-30T18:26:02.975082,137.2483125,103.28999999999999,33.9583125,3.3446428571428575,1,1
1774887964.4597085,2026-03-30T18:26:04.459708,138.33437500000002,103.96000000000001,34.374375,3.9107142857142856,1,1
1774887966.2698069,2026-03-30T18:26:06.269807,138.40050000000002,104.37,34.0305,3.442857142857143,1,1
1774887967.802934,2026-03-30T18:26:07.802934,137.1643125,103.28999999999999,33.8743125,3.230357142857143,1,1
1774887969.306882,2026-03-30T18:26:09.306882,137.73787499999997,103.28999999999999,34.447874999999996,4.010714285714285,0,1
1774887970.8215168,2026-03-30T18:26:10.821517,137.534125,103.69,33.844125,3.189285714285714,1,1
1774887972.3095143,2026-03-30T18:26:12.309514,150.0475625,104.03,46.0175625,19.751785714285713,0,1
1774887973.9344985,2026-03-30T18:26:13.934499,138.0111875,104.36,33.6511875,2.9267857142857143,1,1
1774887975.4777207,2026-03-30T18:26:15.477721,141.179375,105.23,35.949375,6.053571428571429,1,1
1774887977.2318556,2026-03-30T18:26:17.231856,137.313875,103.58,33.733875,3.039285714285714,1,1
1774887978.74612,2026-03-30T18:26:18.746120,137.238,103.47,33.768,3.085714285714286,1,1
1774887980.2284846,2026-03-30T18:26:20.228485,137.683,103.39,34.293,3.8000000000000003,0,1
1774887981.7419944,2026-03-30T18:26:21.741994,137.2409375,103.28,33.9609375,3.3482142857142856,1,1
1774887983.2484567,2026-03-30T18:26:23.248457,138.7396875,102.81,35.9296875,6.026785714285714,0,1
1774887984.9289112,2026-03-30T18:26:24.928911,138.644,104.96,33.684,2.9714285714285715,1,1
1774887986.4350119,2026-03-30T18:26:26.435012,136.88818750000002,103.09,33.7981875,3.126785714285714,1,1
1774887988.2439337,2026-03-30T18:26:28.243934,137.875125,103.59,34.285125,3.789285714285714,1,1
1774887989.758817,2026-03-30T18:26:29.758817,136.818125,102.89,33.928125,3.3035714285714284,1,1
1774887991.2331095,2026-03-30T18:26:31.233109,136.662625,102.64,34.022625,3.432142857142857,1,1
1774887992.7494547,2026-03-30T18:26:32.749455,137.50025,103.79,33.71025,3.007142857142857,1,1
1774887994.2315366,2026-03-30T18:26:34.231537,149.997875,103.16,46.837875,20.86785714285714,0,1
1774887995.9234324,2026-03-30T18:26:35.923432,137.4805,103.87,33.6105,2.8714285714285714,1,1
1774887997.4492536,2026-03-30T18:26:37.449254,138.31425000000002,102.42,35.89425,5.978571428571429,1,1
1774887999.0792396,2026-03-30T18:26:39.079240,138.13468749999998,103.78,34.3546875,3.8839285714285716,1,1
1774888000.6030157,2026-03-30T18:26:40.603016,136.9383125,102.98,33.9583125,3.3446428571428575,1,1
1774888002.0866742,2026-03-30T18:26:42.086674,136.9191875,103.1,33.8191875,3.1553571428571425,1,1
1774888003.5810354,2026-03-30T18:26:43.581035,138.99293749999998,104.57,34.4229375,3.976785714285714,1,1
1774888005.0617175,2026-03-30T18:26:45.061718,138.1534375,103.09,35.0634375,4.848214285714286,0,1
1774888006.7305899,2026-03-30T18:26:46.730590,137.6521875,103.77,33.8821875,3.2410714285714284,1,1
1774888008.2746742,2026-03-30T18:26:48.274674,139.292625,103.38,35.912625,6.003571428571428,1,1
1774888010.108833,2026-03-30T18:26:50.108833,136.5565,102.61,33.9465,3.3285714285714287,1,1
1774888011.6292522,2026-03-30T18:26:51.629252,136.4881875,102.9,33.588187500000004,2.8410714285714285,1,1
1774888013.1468692,2026-03-30T18:26:53.146869,137.479,103.48,33.999,3.4,0,1
1774888014.6719112,2026-03-30T18:26:54.671911,137.4996875,103.67,33.8296875,3.169642857142857,1,1
1774888016.171826,2026-03-30T18:26:56.171826,140.10999999999999,103.57,36.54,6.857142857142857,1,1
1774888018.03063,2026-03-30T18:26:58.030630,137.5199375,103.58,33.9399375,3.319642857142857,1,1
1774888019.5128522,2026-03-30T18:26:59.512852,136.7388125,103.19,33.5488125,2.7875,1,1
1774888020.9947731,2026-03-30T18:27:00.994773,137.7696875,104.36,33.4096875,2.5982142857142856,0,1
1774888022.4765344,2026-03-30T18:27:02.476534,137.16225,103.2,33.96225,3.35,1,1
1774888023.9437585,2026-03-30T18:27:03.943758,137.6779375,102.73,34.9479375,4.691071428571428,1,1
1774888025.7875235,2026-03-30T18:27:05.787524,137.3373125,103.19,34.1473125,3.601785714285714,1,1
1774888027.329823,2026-03-30T18:27:07.329823,147.7311875,103.58,44.1511875,17.2125,1,1
1774888028.7437592,2026-03-30T18:27:08.743759,139.61175,105.45,34.16175,3.6214285714285714,1,1
1774888030.268597,2026-03-30T18:27:10.268597,137.4383125,103.48,33.9583125,3.3446428571428575,1,1
1774888031.795034,2026-03-30T18:27:11.795034,135.8370625,102.22,33.6170625,2.880357142857143,0,1
1774888033.3944254,2026-03-30T18:27:13.394425,136.355125,102.7,33.655125,2.932142857142857,1,1
1774888034.8818574,2026-03-30T18:27:14.881857,140.4680625,103.89,36.5780625,6.908928571428572,1,1
1774888036.8490639,2026-03-30T18:27:16.849064,138.6235625,104.66,33.9635625,3.351785714285714,1,1
1774888038.342433,2026-03-30T18:27:18.342433,142.7804375,103.37,39.4104375,10.762500000000001,1,1
1774888039.7638352,2026-03-30T18:27:19.763835,138.079125,104.55,33.529125,2.7607142857142857,1,1
1774888041.2639406,2026-03-30T18:27:21.263941,136.9934375,103.4,33.5934375,2.8482142857142856,1,1
1774888042.7499158,2026-03-30T18:27:22.749916,138.41225,103.19,35.22225,5.064285714285715,0,1
1774888044.4518783,2026-03-30T18:27:24.451878,136.29706249999998,102.47,33.8270625,3.1660714285714286,1,1
1774888045.9530098,2026-03-30T18:27:25.953010,140.0656875,103.38,36.6856875,7.055357142857143,1,1
1774888047.8077815,2026-03-30T18:27:27.807781,137.93675,103.88,34.05675,3.4785714285714286,1,1
1774888049.3442101,2026-03-30T18:27:29.344210,137.1920625,103.47,33.7220625,3.023214285714286,1,1
1774888050.8614252,2026-03-30T18:27:30.861425,136.32925,102.43,33.89925,3.2642857142857147,0,1
1774888052.3544953,2026-03-30T18:27:32.354495,138.44875,104.35,34.09875,3.5357142857142856,1,1
1774888053.8516326,2026-03-30T18:27:33.851633,147.416125,102.61,44.806125,18.10357142857143,0,1
1774888055.8135538,2026-03-30T18:27:35.813554,137.03356250000002,103.07000000000001,33.9635625,3.351785714285714,1,1
1774888057.3028173,2026-03-30T18:27:37.302817,137.4024375,102.36,35.0424375,4.819642857142857,1,1
1774888058.9684927,2026-03-30T18:27:38.968493,136.89331249999998,103.46,33.4333125,2.630357142857143,1,1
1774888060.5178564,2026-03-30T18:27:40.517856,137.7339375,103.5,34.2339375,3.7196428571428575,1,1
1774888062.0054271,2026-03-30T18:27:42.005427,137.7125,103.85000000000001,33.8625,3.2142857142857144,0,1
1774888063.4909632,2026-03-30T18:27:43.490963,136.50343750000002,102.7,33.8034375,3.1339285714285716,1,1
1774888065.014869,2026-03-30T18:27:45.014869,146.66225,101.99,44.67225,17.92142857142857,0,1
1774888066.948742,2026-03-30T18:27:46.948742,137.6421875,103.97,33.6721875,2.955357142857143,1,1
1774888068.4514444,2026-03-30T18:27:48.451444,136.330125,102.78,33.550125,2.789285714285714,1,1
1774888070.2464476,2026-03-30T18:27:50.246448,139.0284375,105.33,33.6984375,2.9910714285714284,1,1
1774888071.8555171,2026-03-30T18:27:51.855517,137.73775,103.87,33.86775,3.2214285714285715,1,1
1774888073.427098,2026-03-30T18:27:53.427098,137.2445625,103.67999999999999,33.5645625,2.8089285714285714,1,1
1774888074.9573169,2026-03-30T18:27:54.957317,137.2515625,103.54,33.7115625,3.0089285714285716,1,1
1774888076.471197,2026-03-30T18:27:56.471197,137.9409375,102.3,35.6409375,5.633928571428571,0,1
1774888078.1639788,2026-03-30T18:27:58.163979,137.49525,103.68,33.81525,3.15,1,1
1774888079.6513734,2026-03-30T18:27:59.651373,147.3994375,103.60000000000001,43.799437499999996,16.73392857142857,1,1
1774888081.3148117,2026-03-30T18:28:01.314812,137.12525,102.89,34.23525,3.7214285714285715,1,1
1774888082.8382165,2026-03-30T18:28:02.838217,138.2145625,104.86,33.3545625,2.523214285714286,1,1
1774888084.3412993,2026-03-30T18:28:04.341299,136.1196875,102.5,33.6196875,2.8839285714285716,0,1
1774888085.8481224,2026-03-30T18:28:05.848122,137.311,103.48,33.831,3.1714285714285713,1,1
1774888087.4303122,2026-03-30T18:28:07.430312,148.8676875,102.48,46.3876875,20.255357142857143,0,1
1774888089.2641718,2026-03-30T18:28:09.264172,137.4698125,103.69,33.7798125,3.101785714285714,1,1
1774888090.7462308,2026-03-30T18:28:10.746231,139.09725,103.35,35.74725,5.778571428571429,1,1
1774888092.4888234,2026-03-30T18:28:12.488823,136.9383125,103.19,33.7483125,3.0589285714285714,1,1
1774888093.9811392,2026-03-30T18:28:13.981139,137.05875,103.17,33.88875,3.25,1,1
1774888095.492257,2026-03-30T18:28:15.492257,136.9945,102.88,34.1145,3.557142857142857,1,1
1774888096.9797776,2026-03-30T18:28:16.979778,138.1496875,103.69,34.4596875,4.026785714285714,1,1
1774888098.4715905,2026-03-30T18:28:18.471591,137.528625,102.33,35.198625,5.0321428571428575,0,1
1774888100.2392762,2026-03-30T18:28:20.239276,136.8706875,102.6,34.2706875,3.769642857142857,1,1
1774888101.7645948,2026-03-30T18:28:21.764595,140.21412500000002,103.85000000000001,36.364125,6.617857142857143,1,1
1774888103.535518,2026-03-30T18:28:23.535518,136.943875,103.0,33.943875,3.3249999999999997,1,1
1774888105.028825,2026-03-30T18:28:25.028825,138.1270625,103.88,34.2470625,3.7375000000000003,1,1
1774888106.526891,2026-03-30T18:28:26.526891,136.6860625,102.88,33.8060625,3.1374999999999997,0,1
1774888108.0291157,2026-03-30T18:28:28.029116,138.1086875,103.67,34.4386875,3.998214285714286,1,1
1774888109.5663118,2026-03-30T18:28:29.566312,150.3773125,104.25999999999999,46.1173125,19.8875,0,1
1774888111.4506366,2026-03-30T18:28:31.450637,137.13568750000002,103.39,33.7456875,3.055357142857143,1,1
1774888112.9232209,2026-03-30T18:28:32.923221,138.6611875,102.7,35.9611875,6.069642857142857,1,1
1774888114.761604,2026-03-30T18:28:34.761604,137.3260625,102.89,34.4360625,3.994642857142857,1,1
1774888116.3922873,2026-03-30T18:28:36.392287,137.501,103.67,33.831,3.1714285714285713,1,1
1774888117.909299,2026-03-30T18:28:37.909299,136.9048125,103.65,33.2548125,2.3874999999999997,1,1
1774888119.4231138,2026-03-30T18:28:39.423114,136.3259375,103.10000000000001,33.2259375,2.3482142857142856,1,1
1774888120.942105,2026-03-30T18:28:40.942105,137.12043749999998,101.91,35.2104375,5.048214285714286,1,1
1774888122.748288,2026-03-30T18:28:42.748288,138.161375,104.27,33.891375,3.2535714285714286,1,1
1774888124.3017378,2026-03-30T18:28:44.301738,138.1556875,103.78,34.3756875,3.9125,1,1
1774888125.840925,2026-03-30T18:28:45.840925,137.1170625,103.29,33.8270625,3.1660714285714286,1,1
1774888127.3265266,2026-03-30T18:28:47.326527,136.5870625,102.97,33.6170625,2.880357142857143,1,1
1774888128.8228846,2026-03-30T18:28:48.822885,137.55375,102.09,35.46375,5.392857142857143,0,1
1774888130.5727594,2026-03-30T18:28:50.572759,136.163,102.71000000000001,33.453,2.657142857142857,1,1
1774888132.0523934,2026-03-30T18:28:52.052393,139.830375,104.28,35.550375,5.510714285714285,1,1
1774888133.862029,2026-03-30T18:28:53.862029,137.16637500000002,103.59,33.576375,2.8249999999999997,1,1
1774888135.3504682,2026-03-30T18:28:55.350468,137.8421875,104.17,33.6721875,2.955357142857143,1,1
1774888136.8584301,2026-03-30T18:28:56.858430,136.8309375,103.29,33.5409375,2.7767857142857144,0,1
1774888138.3796678,2026-03-30T18:28:58.379668,137.32568750000002,103.58,33.7456875,3.055357142857143,1,1
1774888139.8911214,2026-03-30T18:28:59.891121,148.941125,102.77,46.171124999999996,19.960714285714285,0,1
1774888141.7096918,2026-03-30T18:29:01.709692,136.945125,103.08,33.865125,3.2178571428571425,1,1
1774888143.192722,2026-03-30T18:29:03.192722,139.17781250000002,102.71000000000001,36.4678125,6.758928571428571,1,1
1774888145.0608284,2026-03-30T18:29:05.060828,136.887625,103.39,33.497625,2.7178571428571425,1,1
1774888146.593351,2026-03-30T18:29:06.593351,136.9569375,103.29,33.6669375,2.9482142857142857,1,1
1774888148.0913181,2026-03-30T18:29:08.091318,136.813875,103.08,33.733875,3.039285714285714,0,1
1774888149.575583,2026-03-30T18:29:09.575583,136.53468750000002,102.81,33.7246875,3.0267857142857144,1,1
1774888151.081298,2026-03-30T18:29:11.081298,138.2186875,102.31,35.9086875,5.998214285714285,1,1
1774888152.9004693,2026-03-30T18:29:12.900469,136.618625,103.10000000000001,33.518625,2.7464285714285714,1,1
1774888154.3909974,2026-03-30T18:29:14.390997,147.762125,103.88,43.882125,16.84642857142857,1,1
1774888155.801688,2026-03-30T18:29:15.801688,137.9574375,104.07000000000001,33.8874375,3.248214285714286,1,1
1774888157.2942464,2026-03-30T18:29:17.294246,137.68025,103.97,33.71025,3.007142857142857,1,1
1774888158.81297,2026-03-30T18:29:18.812970,150.10287499999998,103.58,46.522875,20.439285714285713,0,1
1774888160.5940006,2026-03-30T18:29:20.594001,136.0711875,102.42,33.6511875,2.9267857142857143,1,1
1774888162.109976,2026-03-30T18:29:22.109976,139.2374375,103.67,35.5674375,5.533928571428571,1,1
1774888163.9251852,2026-03-30T18:29:23.925185,137.143,102.85,34.293,3.8000000000000003,1,1
1774888165.4207914,2026-03-30T18:29:25.420791,137.218875,103.38,33.838875,3.182142857142857,1,1
1774888166.8983948,2026-03-30T18:29:26.898395,137.22775000000001,103.78,33.44775,2.65,0,1
1774888168.3959947,2026-03-30T18:29:28.395995,138.4468125,104.94,33.5068125,2.730357142857143,1,1
1774888169.9092114,2026-03-30T18:29:29.909211,149.7660625,102.31,47.4560625,21.708928571428572,0,1
1774888171.7847013,2026-03-30T18:29:31.784701,137.251625,103.67,33.581625,2.832142857142857,1,1
1774888173.2923453,2026-03-30T18:29:33.292345,139.11031250000002,103.43,35.6803125,5.6875,1,1
1774888175.037061,2026-03-30T18:29:35.037061,136.3116875,103.07000000000001,33.2416875,2.369642857142857,1,1
1774888176.5569685,2026-03-30T18:29:36.556968,136.7134375,102.91,33.8034375,3.1339285714285716,1,1
1774888178.0324535,2026-03-30T18:29:38.032454,136.4,102.59,33.81,3.142857142857143,0,1
1774888179.5401356,2026-03-30T18:29:39.540136,137.0918125,103.69,33.4018125,2.5875,1,1
1774888181.0462558,2026-03-30T18:29:41.046256,138.77781249999998,103.36,35.4178125,5.330357142857143,1,1
1774888182.8395836,2026-03-30T18:29:42.839584,137.53981249999998,103.55,33.9898125,3.3874999999999997,1,1
1774888184.355194,2026-03-30T18:29:44.355194,136.6494375,102.51,34.1394375,3.5910714285714285,1,1
1774888185.8402073,2026-03-30T18:29:45.840207,138.16,104.56,33.6,2.857142857142857,0,1
1774888187.3695822,2026-03-30T18:29:47.369582,137.139125,102.98,34.159125,3.617857142857143,1,1
1774888188.854759,2026-03-30T18:29:48.854759,138.6084375,102.39,36.2184375,6.419642857142857,1,1
1774888190.760363,2026-03-30T18:29:50.760363,136.8196875,103.2,33.6196875,2.8839285714285716,1,1
1774888192.241484,2026-03-30T18:29:52.241484,147.2223125,104.36,42.8623125,15.458928571428572,1,1
1774888194.076157,2026-03-30T18:29:54.076157,137.3910625,103.48,33.9110625,3.2803571428571425,1,1
1774888195.5700982,2026-03-30T18:29:55.570098,136.92374999999998,103.77,33.15375,2.25,1,1
1774888197.08714,2026-03-30T18:29:57.087140,137.3523125,103.31,34.0423125,3.4589285714285714,0,1
1774888198.640875,2026-03-30T18:29:58.640875,137.2423125,103.2,34.0423125,3.4589285714285714,1,1
1774888200.1937566,2026-03-30T18:30:00.193757,149.482,102.61,46.872,20.914285714285715,0,1
1774888201.9831018,2026-03-30T18:30:01.983102,136.671625,102.88000000000001,33.791625,3.117857142857143,1,1
1774888203.466849,2026-03-30T18:30:03.466849,142.0954375,105.10000000000001,36.9954375,7.476785714285714,1,1
1774888205.2255154,2026-03-30T18:30:05.225515,137.328875,103.28,34.048875,3.4678571428571425,1,1
1774888206.752453,2026-03-30T18:30:06.752453,136.926,102.99,33.936,3.314285714285714,1,1
1774888208.2672675,2026-03-30T18:30:08.267267,138.3219375,104.55,33.7719375,3.0910714285714285,1,1
1774888209.7801204,2026-03-30T18:30:09.780120,137.2271875,103.66,33.5671875,2.8125,1,1
1774888211.3256586,2026-03-30T18:30:11.325659,146.8320625,103.87,42.9620625,15.594642857142857,0,1
1774888213.04068,2026-03-30T18:30:13.040680,138.5221875,105.06,33.4621875,2.669642857142857,1,1
1774888214.676501,2026-03-30T18:30:14.676501,138.4264375,102.88,35.5464375,5.505357142857143,1,1
1774888216.3801565,2026-03-30T18:30:16.380157,137.0894375,103.37,33.7194375,3.019642857142857,1,1
1774888217.8756468,2026-03-30T18:30:17.875647,136.1483125,102.4,33.7483125,3.0589285714285714,1,1
1774888219.3787334,2026-03-30T18:30:19.378733,137.485375,103.09,34.395375,3.939285714285714,0,1
1774888220.9105492,2026-03-30T18:30:20.910549,138.0871875,104.52,33.5671875,2.8125,1,1
1774888222.41368,2026-03-30T18:30:22.413680,149.232,101.73,47.501999999999995,21.771428571428572,0,1
1774888224.2547607,2026-03-30T18:30:24.254761,137.3320625,103.19,34.1420625,3.5946428571428575,1,1
1774888225.7468963,2026-03-30T18:30:25.746896,139.6695,103.77,35.8995,5.985714285714286,1,1
1774888227.4854538,2026-03-30T18:30:27.485454,139.1906875,105.55,33.6406875,2.9125,1,1
1774888229.0057404,2026-03-30T18:30:29.005740,137.57162499999998,103.36,34.211625,3.689285714285714,1,1
1774888230.5176132,2026-03-30T18:30:30.517613,137.4151875,103.68,33.7351875,3.0410714285714286,1,1
1774888232.010691,2026-03-30T18:30:32.010691,137.389,103.39,33.999,3.4,1,1
1774888233.527289,2026-03-30T18:30:33.527289,137.96462499999998,102.42999999999999,35.534625,5.489285714285714,0,1
1774888235.2903464,2026-03-30T18:30:35.290346,140.0915,105.83,34.2615,3.757142857142857,1,1
1774888236.813191,2026-03-30T18:30:36.813191,138.7804375,103.57,35.2104375,5.048214285714286,1,1
1774888238.6552632,2026-03-30T18:30:38.655263,136.743875,102.59,34.153875,3.6107142857142853,1,1
1774888240.1754467,2026-03-30T18:30:40.175447,137.18425000000002,103.60000000000001,33.58425,2.835714285714286,1,1
1774888241.6515133,2026-03-30T18:30:41.651513,137.2190625,102.72,34.4990625,4.080357142857143,0,1
1774888243.1408093,2026-03-30T18:30:43.140809,136.5770625,103.38,33.1970625,2.3089285714285714,1,1
1774888244.6613827,2026-03-30T18:30:44.661383,148.45675,102.01,46.44675,20.335714285714285,0,1
1774888246.465049,2026-03-30T18:30:46.465049,136.4998125,102.3,34.1998125,3.6732142857142853,1,1
1774888247.9460733,2026-03-30T18:30:47.946073,141.324875,105.05,36.274875,6.496428571428572,1,1
1774888249.6663122,2026-03-30T18:30:49.666312,136.5821875,102.91,33.6721875,2.955357142857143,1,1
1774888251.1627345,2026-03-30T18:30:51.162735,137.2834375,103.69,33.5934375,2.8482142857142856,1,1
1774888252.6714668,2026-03-30T18:30:52.671467,136.3783125,102.42,33.9583125,3.3446428571428575,0,1
1774888254.1739485,2026-03-30T18:30:54.173949,137.414125,103.78,33.634125,2.9035714285714285,1,1
1774888255.759841,2026-03-30T18:30:55.759841,148.332625,101.5,46.832625,20.860714285714288,0,1
1774888257.663528,2026-03-30T18:30:57.663528,136.5745625,102.8,33.7745625,3.0946428571428575,1,1
1774888259.145513,2026-03-30T18:30:59.145513,140.20237500000002,103.77000000000001,36.432375,6.710714285714286,1,1
1774888260.9181044,2026-03-30T18:31:00.918104,136.656125,103.19,33.466125,2.6750000000000003,1,1
1774888262.406038,2026-03-30T18:31:02.406038,137.44987500000002,103.59,33.859875,3.210714285714286,1,1
1774888263.8934188,2026-03-30T18:31:03.893419,136.44468750000001,102.51,33.9346875,3.3125,1,1
1774888265.3993864,2026-03-30T18:31:05.399386,137.5471875,103.98,33.5671875,2.8125,1,1
1774888266.8911963,2026-03-30T18:31:06.891196,147.95749999999998,103.07,44.8875,18.214285714285715,0,1
1774888268.632532,2026-03-30T18:31:08.632532,137.6275625,103.79,33.8375625,3.180357142857143,1,1
1774888270.145472,2026-03-30T18:31:10.145472,140.304,103.68,36.624,6.971428571428572,1,1
1774888271.8793583,2026-03-30T18:31:11.879358,136.113375,102.6,33.513374999999996,2.7392857142857143,1,1
1774888273.4048154,2026-03-30T18:31:13.404815,136.7316875,103.07,33.6616875,2.9410714285714286,1,1
1774888274.896269,2026-03-30T18:31:14.896269,136.9323125,103.1,33.8323125,3.1732142857142853,0,1
1774888276.45145,2026-03-30T18:31:16.451450,137.0299375,103.3,33.7299375,3.0339285714285715,1,1
1774888277.9947128,2026-03-30T18:31:17.994713,148.86075,102.12,46.740750000000006,20.735714285714288,0,1
1774888279.8916824,2026-03-30T18:31:19.891682,137.406625,103.3,34.106625,3.5464285714285713,1,1
1774888281.3801425,2026-03-30T18:31:21.380142,137.7744375,104.16,33.6144375,2.876785714285714,1,1
1774888283.1715589,2026-03-30T18:31:23.171559,137.9703125,103.97,34.0003125,3.4017857142857144,1,1
1774888284.6892955,2026-03-30T18:31:24.689296,136.641375,102.96000000000001,33.681375,2.9678571428571425,1,1
1774888286.1975224,2026-03-30T18:31:26.197522,137.280375,103.62,33.660375,2.939285714285714,0,1
1774888287.6909394,2026-03-30T18:31:27.690939,137.13625,103.3,33.83625,3.1785714285714284,1,1
1774888289.2131963,2026-03-30T18:31:29.213196,150.147375,102.9,47.247375,21.425,0,1
1774888291.045696,2026-03-30T18:31:31.045696,137.20425,103.2,34.00425,3.4071428571428575,1,1
1774888292.5599313,2026-03-30T18:31:32.559931,137.899875,102.99,34.909875,4.639285714285714,1,1
1774888294.3408523,2026-03-30T18:31:34.340852,136.22125,102.49,33.73125,3.0357142857142856,1,1
1774888295.855649,2026-03-30T18:31:35.855649,137.01024999999998,103.3,33.71025,3.007142857142857,1,1
1774888297.3907747,2026-03-30T18:31:37.390775,137.84743749999998,102.07,35.7774375,5.819642857142857,0,1
1774888301.855872,2026-03-30T18:31:41.855872,136.80512499999998,103.57,33.235125,2.3607142857142853,1,1
1774888303.3473501,2026-03-30T18:31:43.347350,136.5845625,102.60000000000001,33.9845625,3.380357142857143,1,1
1774888304.8842742,2026-03-30T18:31:44.884274,137.6634375,103.86,33.8034375,3.1339285714285716,0,1
1774888306.368802,2026-03-30T18:31:46.368802,135.9008125,102.31,33.5908125,2.8446428571428575,1,1
1774888307.8424385,2026-03-30T18:31:47.842438,138.19025,102.38,35.810249999999996,5.864285714285714,0,1
1774888309.6990666,2026-03-30T18:31:49.699067,136.39925,102.5,33.89925,3.2642857142857147,1,1
1774888311.2184508,2026-03-30T18:31:51.218451,149.209,103.66,45.549,19.114285714285717,1,1
1774888313.0946443,2026-03-30T18:31:53.094644,139.38150000000002,105.54,33.8415,3.185714285714286,1,1
1774888314.6472945,2026-03-30T18:31:54.647295,137.824125,103.98,33.844125,3.189285714285714,1,1
1774888316.1356409,2026-03-30T18:31:56.135641,137.32706249999998,103.28999999999999,34.0370625,3.4517857142857147,1,1
1774888317.692007,2026-03-30T18:31:57.692007,137.69925,103.59,34.10925,3.5500000000000003,1,1
1774888319.1923876,2026-03-30T18:31:59.192388,150.685375,103.48,47.205375,21.36785714285714,0,1
1774888320.9695575,2026-03-30T18:32:00.969558,136.69456250000002,102.71000000000001,33.9845625,3.380357142857143,1,1
1774888322.4813037,2026-03-30T18:32:02.481304,139.6025625,103.77,35.8325625,5.894642857142857,1,1
1774888324.218125,2026-03-30T18:32:04.218125,138.1870625,104.15,34.0370625,3.451785714285714,1,1
1774888325.7039378,2026-03-30T18:32:05.703938,137.221625,103.22,34.001625,3.4035714285714285,1,1
1774888327.2193508,2026-03-30T18:32:07.219351,138.68625,104.64,34.04625,3.4642857142857144,0,1
1774888328.7244186,2026-03-30T18:32:08.724419,137.4533125,103.39,34.0633125,3.4875000000000003,1,1
1774888330.2327683,2026-03-30T18:32:10.232768,150.15025,102.79,47.36024999999999,21.578571428571426,0,1
1774888332.0972018,2026-03-30T18:32:12.097202,137.0359375,103.17999999999999,33.8559375,3.205357142857143,1,1
1774888333.580308,2026-03-30T18:32:13.580308,139.93343750000003,103.82000000000001,36.1134375,6.276785714285714,1,1
1774888335.355399,2026-03-30T18:32:15.355399,137.5469375,103.88,33.6669375,2.9482142857142857,1,1
1774888336.878627,2026-03-30T18:32:16.878627,138.25,104.44,33.81,3.142857142857143,1,1
1774888338.379518,2026-03-30T18:32:18.379518,137.0481875,103.67,33.3781875,2.555357142857143,1,1
1774888339.9034991,2026-03-30T18:32:19.903499,137.2496875,103.0,34.2496875,3.7410714285714284,1,1
1774888341.4275634,2026-03-30T18:32:21.427563,149.7291875,102.67999999999999,47.0491875,21.155357142857145,0,1
1774888343.338653,2026-03-30T18:32:23.338653,136.73275,103.18,33.55275,2.792857142857143,1,1
1774888344.8253758,2026-03-30T18:32:24.825376,137.082375,103.17,33.912375,3.2821428571428575,1,1
1774888346.5847843,2026-03-30T18:32:26.584784,136.4848125,102.6,33.8848125,3.244642857142857,1,1
1774888348.0975804,2026-03-30T18:32:28.097580,137.0603125,103.48,33.5803125,2.830357142857143,1,1
1774888349.5754662,2026-03-30T18:32:29.575466,136.09975,102.61,33.48975,2.707142857142857,0,1
1774888351.0853631,2026-03-30T18:32:31.085363,137.0183125,103.48,33.5383125,2.7732142857142854,1,1
1774888352.5611758,2026-03-30T18:32:32.561176,138.214,102.00999999999999,36.204,6.3999999999999995,1,1
1774888354.2580495,2026-03-30T18:32:34.258049,138.3815,104.53999999999999,33.8415,3.185714285714286,1,1
1774888355.7450898,2026-03-30T18:32:35.745090,137.2180625,103.58,33.638062500000004,2.9089285714285715,1,1
1774888357.2346842,2026-03-30T18:32:37.234684,138.77631250000002,104.86,33.916312500000004,3.2875,0,1
1774888358.7515438,2026-03-30T18:32:38.751544,137.3158125,103.2,34.1158125,3.5589285714285714,1,1
1774888360.3029082,2026-03-30T18:32:40.302908,148.9673125,102.22,46.7473125,20.744642857142857,0,1
1774888362.0912235,2026-03-30T18:32:42.091223,137.15249999999997,103.28999999999999,33.8625,3.2142857142857144,1,1
1774888363.615746,2026-03-30T18:32:43.615746,137.1403125,101.88,35.2603125,5.116071428571429,1,1
1774888365.2669513,2026-03-30T18:32:45.266951,138.4909375,104.95,33.5409375,2.7767857142857144,1,1
1774888366.7628024,2026-03-30T18:32:46.762802,137.0245625,103.25,33.7745625,3.0946428571428575,1,1
1774888368.267617,2026-03-30T18:32:48.267617,139.0859375,105.44,33.6459375,2.919642857142857,0,1
1774888369.7879121,2026-03-30T18:32:49.787912,136.76875,103.09,33.67875,2.9642857142857144,1,1
1774888371.3052573,2026-03-30T18:32:51.305257,137.6666875,102.22,35.4466875,5.369642857142857,0,1
1774888373.047966,2026-03-30T18:32:53.047966,136.288,102.52,33.768,3.085714285714286,1,1
1774888374.533863,2026-03-30T18:32:54.533863,138.347125,103.6,34.747125,4.417857142857143,1,1
1774888376.328458,2026-03-30T18:32:56.328458,137.2285625,103.58,33.6485625,2.9232142857142853,1,1
1774888377.8414588,2026-03-30T18:32:57.841459,136.485,103.2,33.285,2.4285714285714284,1,1
1774888379.3484511,2026-03-30T18:32:59.348451,137.1159375,103.68,33.4359375,2.6339285714285716,0,1
1774888380.906455,2026-03-30T18:33:00.906455,137.5399375,103.39,34.1499375,3.605357142857143,1,1
1774888382.404682,2026-03-30T18:33:02.404682,137.615,102.02,35.595,5.571428571428571,0,1
1774888384.1828966,2026-03-30T18:33:04.182897,137.445375,103.89,33.555375,2.7964285714285713,1,1
1774888385.6770146,2026-03-30T18:33:05.677015,136.76137500000002,103.29,33.471375,2.682142857142857,1,1
1774888387.1535902,2026-03-30T18:33:07.153590,136.6745625,102.9,33.7745625,3.0946428571428575,1,1
1774888388.6444402,2026-03-30T18:33:08.644440,137.32025,103.19,34.130250000000004,3.5785714285714287,1,1
1774888390.1752563,2026-03-30T18:33:10.175256,136.16218750000002,102.28,33.8821875,3.2410714285714284,0,1
1774888391.876301,2026-03-30T18:33:11.876301,136.6225,102.75999999999999,33.8625,3.2142857142857144,1,1
1774888393.4083884,2026-03-30T18:33:13.408388,139.285125,102.9,36.385125,6.646428571428571,1,1
1774888395.3070204,2026-03-30T18:33:15.307020,139.3873125,105.66,33.7273125,3.0303571428571425,1,1
1774888396.8165753,2026-03-30T18:33:16.816575,138.162625,102.88,35.282625,5.146428571428571,1,1
1774888398.6594722,2026-03-30T18:33:18.659472,137.0605625,103.58,33.4805625,2.694642857142857,1,1
1774888400.2071602,2026-03-30T18:33:20.207160,137.38025,103.67,33.71025,3.007142857142857,1,1
1774888401.719319,2026-03-30T18:33:21.719319,137.5496875,103.3,34.2496875,3.7410714285714284,0,1
1774888403.2207508,2026-03-30T18:33:23.220751,136.89425,103.10000000000001,33.79425,3.1214285714285714,1,1
1774888404.7466908,2026-03-30T18:33:24.746691,138.0748125,102.51,35.5648125,5.5303571428571425,0,1
1774888406.4940655,2026-03-30T18:33:26.494066,137.0935,103.0,34.0935,3.5285714285714285,1,1
1774888407.9788575,2026-03-30T18:33:27.978858,138.09787500000002,102.60000000000001,35.497875,5.439285714285715,1,1
1774888409.811321,2026-03-30T18:33:29.811321,136.7693125,103.0,33.7693125,3.0875,1,1
1774888411.33196,2026-03-30T18:33:31.331960,138.5075,104.96000000000001,33.5475,2.7857142857142856,1,1
1774888412.852918,2026-03-30T18:33:32.852918,135.914125,102.7,33.214125,2.332142857142857,1,1
1774888414.3925574,2026-03-30T18:33:34.392557,137.371125,103.38,33.991125,3.3892857142857147,1,1
1774888415.9233556,2026-03-30T18:33:35.923356,149.63637500000002,102.62,47.016375000000004,21.110714285714288,0,1
1774888417.7157779,2026-03-30T18:33:37.715778,137.0795625,103.2,33.8795625,3.2375000000000003,1,1
1774888419.2057068,2026-03-30T18:33:39.205707,138.980125,103.96,35.020125,4.789285714285714,1,1
1774888420.9967096,2026-03-30T18:33:40.996710,138.6684375,103.29,35.3784375,5.276785714285714,1,1
1774888422.4948466,2026-03-30T18:33:42.494847,138.36599999999999,104.85,33.516,2.742857142857143,1,1
1774888424.035155,2026-03-30T18:33:44.035155,137.3986875,103.38,34.0186875,3.4267857142857143,1,1
1774888425.5462615,2026-03-30T18:33:45.546262,136.9760625,103.38,33.5960625,2.851785714285714,1,1
1774888427.036529,2026-03-30T18:33:47.036529,138.064125,102.12,35.944125,6.046428571428572,0,1
1774888428.7671883,2026-03-30T18:33:48.767188,137.2261875,103.47,33.7561875,3.069642857142857,1,1
1774888430.2760894,2026-03-30T18:33:50.276089,138.31275,102.45,35.86275,5.935714285714285,1,1
1774888432.0707777,2026-03-30T18:33:52.070778,136.915,103.0,33.915,3.2857142857142856,1,1
1774888433.5870814,2026-03-30T18:33:53.587081,137.4059375,103.97,33.4359375,2.6339285714285716,1,1
1774888435.1024754,2026-03-30T18:33:55.102475,136.2105625,102.31,33.9005625,3.2660714285714287,0,1
1774888436.6015632,2026-03-30T18:33:56.601563,137.7123125,103.67,34.0423125,3.4589285714285714,1,1
1774888438.0837767,2026-03-30T18:33:58.083777,137.49225,102.9,34.59225,4.207142857142857,0,1
1774888439.797913,2026-03-30T18:33:59.797913,136.897625,103.19,33.707625,3.0035714285714286,1,1
1774888441.3178189,2026-03-30T18:34:01.317819,138.2906875,103.17999999999999,35.1106875,4.9125000000000005,1,1
1774888443.1270921,2026-03-30T18:34:03.127092,136.26175,102.31,33.95175,3.335714285714286,1,1
1774888444.6225111,2026-03-30T18:34:04.622511,137.5731875,103.88,33.6931875,2.9839285714285713,1,1
1774888446.114936,2026-03-30T18:34:06.114936,136.20943749999998,102.49,33.7194375,3.019642857142857,0,1
1774888447.6363847,2026-03-30T18:34:07.636385,137.52025,103.39,34.130250000000004,3.5785714285714287,1,1
1774888449.1468732,2026-03-30T18:34:09.146873,146.494,102.31,44.184,17.257142857142856,0,1
1774888451.0789518,2026-03-30T18:34:11.078952,136.381125,102.6,33.781125,3.1035714285714286,1,1
1774888452.6166368,2026-03-30T18:34:12.616637,138.0219375,104.25,33.7719375,3.0910714285714285,1,1
1774888454.299254,2026-03-30T18:34:14.299254,136.6560625,102.22,34.4360625,3.994642857142857,1,1
1774888455.8207176,2026-03-30T18:34:15.820718,137.59625,103.75999999999999,33.83625,3.1785714285714284,1,1
1774888457.3080904,2026-03-30T18:34:17.308090,136.7154375,103.08,33.6354375,2.9053571428571425,0,1
1774888458.8533413,2026-03-30T18:34:18.853341,136.8985,102.91000000000001,33.9885,3.3857142857142857,1,1
1774888460.3733966,2026-03-30T18:34:20.373397,152.6738125,106.0,46.6738125,20.644642857142856,0,1
1774888462.062239,2026-03-30T18:34:22.062239,137.519,103.94,33.579,2.8285714285714287,1,1
1774888463.6038525,2026-03-30T18:34:23.603853,137.5526875,102.19,35.3626875,5.255357142857143,1,1
1774888465.3187134,2026-03-30T18:34:25.318713,136.79287499999998,103.08,33.712875,3.0107142857142857,1,1
1774888466.8531296,2026-03-30T18:34:26.853130,138.114125,104.27,33.844125,3.189285714285714,1,1
1774888468.3381584,2026-03-30T18:34:28.338158,136.46875,103.0,33.46875,2.6785714285714284,0,1
1774888469.8577623,2026-03-30T18:34:29.857762,138.3610625,104.45,33.9110625,3.2803571428571425,1,1
1774888471.4075089,2026-03-30T18:34:31.407509,138.22525000000002,102.31,35.91525,6.007142857142857,0,1
1774888473.1796536,2026-03-30T18:34:33.179654,137.02025,102.89,34.130250000000004,3.5785714285714287,1,1
1774888474.6945336,2026-03-30T18:34:34.694534,139.5159375,103.56,35.9559375,6.0625,1,1
1774888476.4136724,2026-03-30T18:34:36.413672,137.93518749999998,103.78,34.1551875,3.6125,1,1
1774888477.9498315,2026-03-30T18:34:37.949831,136.938875,103.1,33.838875,3.182142857142857,1,1
1774888479.4612455,2026-03-30T18:34:39.461246,137.07106249999998,103.58,33.4910625,2.7089285714285714,1,1
1774888480.983992,2026-03-30T18:34:40.983992,137.6810625,103.77,33.9110625,3.2803571428571425,1,1
1774888482.4771428,2026-03-30T18:34:42.477143,148.22581250000002,104.03,44.1958125,17.273214285714285,0,1
1774888484.1732998,2026-03-30T18:34:44.173300,136.85750000000002,102.89,33.9675,3.357142857142857,1,1
1774888485.6966105,2026-03-30T18:34:45.696610,140.6559375,104.07000000000001,36.5859375,6.919642857142857,1,1
1774888487.407456,2026-03-30T18:34:47.407456,139.3195625,105.44,33.8795625,3.2375000000000003,1,1
1774888488.938675,2026-03-30T18:34:48.938675,137.19299999999998,102.89999999999999,34.293,3.8000000000000003,1,1
1774888490.4269257,2026-03-30T18:34:50.426926,137.85325,104.08,33.77325,3.0928571428571425,1,1
1774888491.9422963,2026-03-30T18:34:51.942296,136.4675,102.71000000000001,33.7575,3.0714285714285716,1,1
1774888493.4437075,2026-03-30T18:34:53.443707,138.124125,102.18,35.944125,6.046428571428572,1,1
1774888495.324197,2026-03-30T18:34:55.324197,137.658,103.67999999999999,33.978,3.3714285714285714,1,1
1774888496.81249,2026-03-30T18:34:56.812490,139.338625,104.14,35.198625,5.0321428571428575,1,1
1774888498.6284468,2026-03-30T18:34:58.628447,137.666625,103.98,33.686625,2.975,1,1
1774888500.1519356,2026-03-30T18:35:00.151936,137.117375,102.89,34.227375,3.710714285714286,1,1
1774888501.641851,2026-03-30T18:35:01.641851,137.0070625,102.97,34.0370625,3.4517857142857147,0,1
1774888503.1832836,2026-03-30T18:35:03.183284,136.6078125,102.87,33.7378125,3.044642857142857,1,1
1774888504.6991847,2026-03-30T18:35:04.699185,138.83906249999998,103.28999999999999,35.5490625,5.508928571428571,0,1
1774888506.4617143,2026-03-30T18:35:06.461714,137.376125,103.28,34.096125,3.5321428571428575,1,1
1774888507.9820416,2026-03-30T18:35:07.982042,139.335875,103.46,35.875875,5.953571428571428,1,1
1774888509.7480035,2026-03-30T18:35:09.748003,136.49087500000002,102.61,33.880875,3.2392857142857143,1,1
1774888511.2482488,2026-03-30T18:35:11.248249,137.232,103.38,33.852,3.1999999999999997,1,1
1774888512.762898,2026-03-30T18:35:12.762898,137.049125,103.1,33.949125,3.332142857142857,0,1
1774888514.295388,2026-03-30T18:35:14.295388,138.639,104.85,33.789,3.1142857142857143,1,1
1774888515.827356,2026-03-30T18:35:15.827356,148.6370625,102.42,46.2170625,20.023214285714285,0,1
1774888517.599545,2026-03-30T18:35:17.599545,137.3241875,103.19,34.1341875,3.5839285714285714,1,1
1774888519.0918112,2026-03-30T18:35:19.091811,139.9088125,104.47,35.4388125,5.358928571428572,1,1
1774888521.0746548,2026-03-30T18:35:21.074655,137.37925,103.69,33.68925,2.9785714285714286,1,1
1774888522.6287963,2026-03-30T18:35:22.628796,139.93181249999998,103.38,36.5518125,6.873214285714285,1,1
1774888524.5165954,2026-03-30T18:35:24.516595,137.4476875,103.66,33.7876875,3.1125000000000003,1,1
1774888526.009444,2026-03-30T18:35:26.009444,136.9785,102.99000000000001,33.9885,3.3857142857142857,1,1
1774888527.5375943,2026-03-30T18:35:27.537594,137.7569375,103.67,34.0869375,3.519642857142857,1,1
1774888529.057443,2026-03-30T18:35:29.057443,137.1681875,103.58,33.588187500000004,2.8410714285714285,1,1
1774888530.572879,2026-03-30T18:35:30.572879,138.6196875,102.69,35.9296875,6.026785714285714,0,1
1774888532.2837656,2026-03-30T18:35:32.283766,137.6273125,103.69,33.9373125,3.3160714285714286,1,1
1774888533.8064256,2026-03-30T18:35:33.806426,138.92825,103.37,35.55825,5.521428571428571,1,1
1774888535.8880146,2026-03-30T18:35:35.888015,136.3354375,102.7,33.6354375,2.9053571428571425,1,1
1774888537.4139378,2026-03-30T18:35:37.413938,146.70575,102.8,43.90575,16.87857142857143,1,1
1774888539.132937,2026-03-30T18:35:39.132937,137.719125,103.77,33.949125,3.332142857142857,1,1
1774888540.6275315,2026-03-30T18:35:40.627532,137.3895625,103.3,34.0895625,3.523214285714286,1,1
1774888542.1151648,2026-03-30T18:35:42.115165,139.82206250000002,103.37,36.4520625,6.7375,0,1
1774888546.6055868,2026-03-30T18:35:46.605587,137.2055,103.49000000000001,33.7155,3.0142857142857147,1,1
1774888548.132623,2026-03-30T18:35:48.132623,137.0895,103.28999999999999,33.7995,3.1285714285714286,1,1
1774888549.6391053,2026-03-30T18:35:49.639105,136.8108125,102.8,34.0108125,3.4160714285714286,1,1
1774888551.1683114,2026-03-30T18:35:51.168311,137.6965625,103.88,33.8165625,3.1517857142857144,1,1
1774888552.6531472,2026-03-30T18:35:52.653147,137.7115625,103.37,34.3415625,3.8660714285714284,0,1
1774888554.3613305,2026-03-30T18:35:54.361331,138.5705,104.75,33.8205,3.1571428571428575,1,1
1774888555.874478,2026-03-30T18:35:55.874478,140.0850625,103.57,36.5150625,6.823214285714286,1,1
1774888557.8727567,2026-03-30T18:35:57.872757,137.6923125,103.86,33.8323125,3.1732142857142853,1,1
1774888559.373631,2026-03-30T18:35:59.373631,139.91193750000002,104.46000000000001,35.4519375,5.376785714285715,1,1
1774888561.2760189,2026-03-30T18:36:01.276019,136.571875,103.09,33.481875,2.6964285714285716,1,1
1774888562.7714598,2026-03-30T18:36:02.771460,137.94025,104.65,33.29025,2.435714285714286,1,1
1774888564.25523,2026-03-30T18:36:04.255230,137.19843749999998,103.28999999999999,33.9084375,3.2767857142857144,1,1
1774888565.8092232,2026-03-30T18:36:05.809223,137.091375,102.99,34.101375,3.539285714285714,1,1
1774888567.3486629,2026-03-30T18:36:07.348663,149.942125,103.75,46.192125000000004,19.989285714285717,0,1
1774888569.0220134,2026-03-30T18:36:09.022013,136.9444375,102.91,34.0344375,3.4482142857142857,1,1
1774888570.542573,2026-03-30T18:36:10.542573,139.192375,103.17999999999999,36.012375,6.139285714285714,1,1
1774888572.2297776,2026-03-30T18:36:12.229778,136.36925,102.89,33.47925,2.692857142857143,1,1
1774888573.7521758,2026-03-30T18:36:13.752176,136.928625,103.2,33.728625,3.0321428571428575,1,1
1774888575.2460756,2026-03-30T18:36:15.246076,136.8296875,103.0,33.8296875,3.169642857142857,1,1
1774888576.7598865,2026-03-30T18:36:16.759887,137.60425,103.39,34.21425,3.692857142857143,1,1
1774888578.284567,2026-03-30T18:36:18.284567,147.6639375,103.56,44.1039375,17.148214285714285,0,1
1774888580.0342119,2026-03-30T18:36:20.034212,137.1834375,103.59,33.5934375,2.8482142857142856,1,1
1774888581.551674,2026-03-30T18:36:21.551674,139.43087500000001,103.87,35.560874999999996,5.5249999999999995,1,1
1774888583.283325,2026-03-30T18:36:23.283325,137.29424999999998,103.28999999999999,34.00425,3.4071428571428575,1,1
1774888584.7849495,2026-03-30T18:36:24.784950,137.38375000000002,103.60000000000001,33.78375,3.107142857142857,1,1
1774888586.2632282,2026-03-30T18:36:26.263228,136.82125,102.88,33.94125,3.3214285714285716,1,1
1774888587.7759633,2026-03-30T18:36:27.775963,136.802875,103.3,33.502875,2.725,1,1
1774888589.31169,2026-03-30T18:36:29.311690,146.4595625,103.97,42.4895625,14.951785714285714,0,1
1774888591.0373611,2026-03-30T18:36:31.037361,139.17706249999998,105.35,33.8270625,3.1660714285714286,1,1
1774888592.5380518,2026-03-30T18:36:32.538052,138.5900625,102.81,35.7800625,5.823214285714286,1,1
1774888594.2065516,2026-03-30T18:36:34.206552,137.7196875,103.67999999999999,34.0396875,3.455357142857143,1,1
1774888595.7951145,2026-03-30T18:36:35.795115,137.112625,103.09,34.022625,3.432142857142857,1,1
1774888597.3148878,2026-03-30T18:36:37.314888,138.00025,103.87,34.130250000000004,3.5785714285714287,0,1
1774888598.8091273,2026-03-30T18:36:38.809127,139.82637499999998,105.83,33.996375,3.3964285714285714,1,1
1774888600.329606,2026-03-30T18:36:40.329606,151.296125,103.55,47.746125,22.103571428571428,0,1
1774888601.9719718,2026-03-30T18:36:41.971972,138.03625,103.78,34.25625,3.75,1,1
1774888603.4558284,2026-03-30T18:36:43.455828,136.81075,102.88000000000001,33.93075,3.3071428571428574,1,1
1774888605.2629056,2026-03-30T18:36:45.262906,136.4843125,102.61,33.8743125,3.230357142857143,1,1
1774888606.7592418,2026-03-30T18:36:46.759242,137.360125,103.39,33.970125,3.3607142857142853,1,1
1774888608.2440426,2026-03-30T18:36:48.244043,137.983,103.69,34.293,3.8000000000000003,1,1
1774888609.7596264,2026-03-30T18:36:49.759626,136.8619375,102.88,33.9819375,3.376785714285714,1,1
1774888611.2547297,2026-03-30T18:36:51.254730,149.02325000000002,101.81,47.21325,21.37857142857143,0,1
1774888613.0656083,2026-03-30T18:36:53.065608,136.7089375,103.0,33.7089375,3.0053571428571426,1,1
1774888614.5480769,2026-03-30T18:36:54.548077,138.9095,103.22,35.6895,5.7,1,1
1774888616.3140848,2026-03-30T18:36:56.314085,136.88400000000001,103.2,33.684,2.9714285714285715,1,1
1774888617.7999153,2026-03-30T18:36:57.799915,138.8369375,104.96000000000001,33.8769375,3.2339285714285713,1,1
1774888619.2857795,2026-03-30T18:36:59.285779,136.4046875,102.89,33.5146875,2.7410714285714284,1,1
1774888620.8059692,2026-03-30T18:37:00.805969,138.415125,104.55,33.865125,3.2178571428571425,1,1
1774888622.315344,2026-03-30T18:37:02.315344,147.944625,103.17,44.774625,18.060714285714287,0,1
1774888623.984571,2026-03-30T18:37:03.984571,137.6244375,103.38,34.244437500000004,3.7339285714285713,1,1
1774888625.5298495,2026-03-30T18:37:05.529850,137.67475000000002,102.61,35.064750000000004,4.8500000000000005,0,1
1774888627.300116,2026-03-30T18:37:07.300116,136.896125,103.01,33.886125,3.2464285714285714,1,1
1774888628.818351,2026-03-30T18:37:08.818351,140.5365,105.33,35.2065,5.042857142857143,1,1
1774888630.5172932,2026-03-30T18:37:10.517293,137.41500000000002,103.29,34.125,3.5714285714285716,1,1
1774888632.0677052,2026-03-30T18:37:12.067705,137.50650000000002,103.56,33.9465,3.3285714285714287,1,1
1774888633.5978096,2026-03-30T18:37:13.597810,137.39525,103.58,33.81525,3.15,1,1
1774888635.1194525,2026-03-30T18:37:15.119452,137.6325,103.98,33.6525,2.9285714285714284,1,1
1774888636.7117443,2026-03-30T18:37:16.711744,153.2913125,109.61,43.681312500000004,16.573214285714286,0,1
1774888638.3111398,2026-03-30T18:37:18.311140,136.8659375,102.8,34.0659375,3.4910714285714284,1,1
1774888639.8024852,2026-03-30T18:37:19.802485,138.1184375,103.37,34.7484375,4.419642857142857,1,1
1774888641.6612542,2026-03-30T18:37:21.661254,137.371375,103.48,33.891375,3.2535714285714286,1,1
1774888643.15142,2026-03-30T18:37:23.151420,137.277875,103.46,33.817875,3.1535714285714285,1,1
1774888644.6344552,2026-03-30T18:37:24.634455,137.27625,103.86,33.41625,2.607142857142857,0,1
1774888646.131764,2026-03-30T18:37:26.131764,138.394875,105.06,33.334875,2.4964285714285714,1,1
1774888647.6396801,2026-03-30T18:37:27.639680,138.876,103.47,35.406,5.314285714285715,0,1
1774888649.361829,2026-03-30T18:37:29.361829,137.6666875,103.48,34.1866875,3.6553571428571425,1,1
1774888650.8806877,2026-03-30T18:37:30.880688,138.3529375,103.09,35.2629375,5.119642857142857,1,1
1774888652.6613717,2026-03-30T18:37:32.661372,137.67262499999998,104.07,33.602625,2.8607142857142853,1,1
1774888654.1752748,2026-03-30T18:37:34.175275,136.7259375,103.28999999999999,33.4359375,2.6339285714285716,1,1
1774888655.6842422,2026-03-30T18:37:35.684242,137.3459375,103.28,34.0659375,3.4910714285714284,0,1
1774888657.1760361,2026-03-30T18:37:37.176036,137.9895,103.77,34.2195,3.6999999999999997,1,1
1774888658.714132,2026-03-30T18:37:38.714132,150.0355625,102.8,47.2355625,21.40892857142857,0,1
1774888660.6231027,2026-03-30T18:37:40.623103,137.0675,103.31,33.7575,3.0714285714285716,1,1
1774888662.1448104,2026-03-30T18:37:42.144810,139.6705,105.43,34.2405,3.7285714285714286,1,1
1774888663.9561398,2026-03-30T18:37:43.956140,136.85331250000002,103.0,33.8533125,3.2017857142857147,1,1
1774888665.4335828,2026-03-30T18:37:45.433583,136.54306250000002,103.01,33.5330625,2.7660714285714287,1,1
1774888666.9079902,2026-03-30T18:37:46.907990,137.4285625,103.78,33.6485625,2.9232142857142853,0,1
1774888668.5798986,2026-03-30T18:37:48.579899,137.035125,103.38000000000001,33.655125,2.932142857142857,1,1
1774888670.0684547,2026-03-30T18:37:50.068455,138.183,102.0,36.183,6.371428571428572,1,1
1774888671.9432058,2026-03-30T18:37:51.943206,137.44150000000002,103.60000000000001,33.8415,3.185714285714286,1,1
1774888673.4260705,2026-03-30T18:37:53.426070,136.42525,102.61,33.81525,3.15,1,1
1774888674.9254947,2026-03-30T18:37:54.925495,139.22618749999998,105.05,34.1761875,3.6410714285714287,0,1
1774888676.4147344,2026-03-30T18:37:56.414734,138.161125,104.17,33.991125,3.3892857142857147,1,1
1774888677.9239016,2026-03-30T18:37:57.923902,150.08225,102.89,47.19225,21.349999999999998,0,1
1774888679.821734,2026-03-30T18:37:59.821734,137.1819375,103.2,33.9819375,3.376785714285714,1,1
1774888681.3954637,2026-03-30T18:38:01.395464,138.003,101.61,36.393,6.6571428571428575,1,1
1774888683.2855532,2026-03-30T18:38:03.285553,136.80525,103.2,33.60525,2.8642857142857143,1,1
1774888684.790858,2026-03-30T18:38:04.790858,143.23781250000002,102.99000000000001,40.247812499999995,11.901785714285714,1,1
1774888686.4531362,2026-03-30T18:38:06.453136,137.28556250000003,103.49000000000001,33.7955625,3.123214285714286,1,1
1774888687.9434426,2026-03-30T18:38:07.943443,139.394125,105.34,34.054125,3.475,1,1
1774888689.4387238,2026-03-30T18:38:09.438724,136.5256875,103.2,33.3256875,2.4839285714285713,0,1
1774888690.9679596,2026-03-30T18:38:10.967960,138.021375,104.34,33.681375,2.9678571428571425,1,1
1774888692.4753785,2026-03-30T18:38:12.475379,137.87518749999998,101.41,36.4651875,6.755357142857143,1,1
1774888694.4708686,2026-03-30T18:38:14.470869,137.619375,103.98,33.639375,2.9107142857142856,1,1
1774888695.9910386,2026-03-30T18:38:15.991039,147.0860625,103.2,43.8860625,16.851785714285715,1,1
1774888697.7547994,2026-03-30T18:38:17.754799,137.12625,103.08,34.04625,3.4642857142857144,1,1
1774888699.2750783,2026-03-30T18:38:19.275078,137.886875,103.88,34.006875,3.4107142857142856,1,1
1774888700.75517,2026-03-30T18:38:20.755170,136.469375,102.41,34.059375,3.482142857142857,0,1
1774888702.2425356,2026-03-30T18:38:22.242536,137.0215,103.39,33.6315,2.9,1,1
1774888703.766605,2026-03-30T18:38:23.766605,148.9264375,104.35,44.576437500000004,17.79107142857143,0,1
1774888705.6133122,2026-03-30T18:38:25.613312,137.2584375,103.77,33.4884375,2.705357142857143,1,1
1774888707.1477733,2026-03-30T18:38:27.147773,139.406125,103.0,36.406125,6.675,1,1
1774888708.837776,2026-03-30T18:38:28.837776,139.3646875,105.64,33.7246875,3.0267857142857144,1,1
1774888710.3339899,2026-03-30T18:38:30.333990,136.8931875,103.2,33.6931875,2.9839285714285713,1,1
1774888711.8535404,2026-03-30T18:38:31.853540,138.96625,105.13,33.83625,3.1785714285714284,1,1
1774888713.3678083,2026-03-30T18:38:33.367808,137.076125,102.98,34.096125,3.5321428571428575,1,1
1774888714.87066,2026-03-30T18:38:34.870660,148.4185625,104.06,44.3585625,17.494642857142857,0,1
1774888716.5243556,2026-03-30T18:38:36.524356,137.5356875,103.79,33.7456875,3.055357142857143,1,1
1774888718.029981,2026-03-30T18:38:38.029981,148.59731250000002,101.43,47.1673125,21.31607142857143,0,1
1774888719.9136515,2026-03-30T18:38:39.913651,136.8733125,102.81,34.0633125,3.4875000000000003,1,1
1774888721.4660141,2026-03-30T18:38:41.466014,139.27406249999999,102.99,36.2840625,6.508928571428571,1,1
1774888723.2392852,2026-03-30T18:38:43.239285,139.0458125,105.35000000000001,33.6958125,2.9875000000000003,1,1
1774888724.8398705,2026-03-30T18:38:44.839870,136.9808125,102.97,34.0108125,3.4160714285714286,1,1
1774888726.3221648,2026-03-30T18:38:46.322165,137.2365,103.5,33.7365,3.042857142857143,1,1
1774888727.844716,2026-03-30T18:38:47.844716,137.2855,103.36,33.9255,3.3,1,1
1774888729.3691535,2026-03-30T18:38:49.369153,138.308625,102.9,35.408625,5.317857142857143,0,1
1774888731.2369049,2026-03-30T18:38:51.236905,135.4325,102.62,32.8125,1.7857142857142858,0,1
1774888737.4050853,2026-03-30T18:38:57.405085,134.64193749999998,101.71,32.931937500000004,1.9482142857142857,0,1
1774888743.654962,2026-03-30T18:39:03.654962,136.5925,103.78,32.8125,1.7857142857142858,0,1
