timestamp,datetime,total_power_w,total_gpu_power_w,total_cpu_power_w,cpu_utilization_pct,num_active_gpus,num_processes
1775925546.6998298,2026-04-11T18:39:06.699830,88.9125,56.1,32.8125,1.7857142857142858,0,1
1775925548.1063516,2026-04-11T18:39:08.106352,133.4844375,101.34,32.1444375,0.8767857142857143,0,1
1775925549.5336845,2026-04-11T18:39:09.533684,133.7456875,101.47,32.275687500000004,1.0553571428571429,0,1
1775925550.9499204,2026-04-11T18:39:10.949920,134.3781875,101.84,32.5381875,1.4124999999999999,0,1
1775925552.3427746,2026-04-11T18:39:12.342775,138.0583125,104.1,33.9583125,3.3446428571428575,1,1
1775925553.8810542,2026-04-11T18:39:13.881054,135.8821875,102.21,33.6721875,2.955357142857143,1,1
1775925555.3659182,2026-04-11T18:39:15.365918,147.9919375,102.67,45.3219375,18.80535714285714,0,1
1775925556.9805396,2026-04-11T18:39:16.980540,135.595625,101.93,33.665625,2.9464285714285716,1,1
1775925558.4783132,2026-04-11T18:39:18.478313,137.9198125,101.62,36.2998125,6.5303571428571425,1,1
1775925560.2772303,2026-04-11T18:39:20.277230,139.0009375,105.03999999999999,33.9609375,3.3482142857142856,1,1
1775925561.8433213,2026-04-11T18:39:21.843321,136.944875,101.72,35.224875,5.067857142857143,1,1
1775925563.5286293,2026-04-11T18:39:23.528629,136.4895625,102.61,33.8795625,3.2375000000000003,1,1
1775925565.020678,2026-04-11T18:39:25.020678,136.8754375,102.61,34.2654375,3.7624999999999997,1,1
1775925566.5056334,2026-04-11T18:39:26.505633,136.6135,102.73,33.8835,3.242857142857143,1,1
1775925568.0067031,2026-04-11T18:39:28.006703,135.9098125,102.13,33.7798125,3.101785714285714,1,1
1775925569.5253532,2026-04-11T18:39:29.525353,135.59356250000002,101.42,34.1735625,3.6374999999999997,0,1
1775925571.1654599,2026-04-11T18:39:31.165460,137.2924375,103.3,33.9924375,3.3910714285714287,1,1
1775925572.64372,2026-04-11T18:39:32.643720,136.9909375,100.92999999999999,36.0609375,6.205357142857143,1,1
1775925574.4916036,2026-04-11T18:39:34.491604,136.645125,102.99,33.655125,2.932142857142857,1,1
1775925575.994886,2026-04-11T18:39:35.994886,146.608125,103.02,43.588125000000005,16.446428571428573,1,1
1775925577.4136245,2026-04-11T18:39:37.413625,136.322875,102.61,33.712875,3.0107142857142857,1,1
1775925578.9519773,2026-04-11T18:39:38.951977,136.8816875,103.01,33.8716875,3.226785714285714,1,1
1775925580.4782274,2026-04-11T18:39:40.478227,139.02325000000002,102.31,36.71325,7.0928571428571425,0,1
1775925585.184684,2026-04-11T18:39:45.184684,137.43525,103.62,33.81525,3.15,1,1
1775925586.6872537,2026-04-11T18:39:46.687254,136.1573125,102.43,33.7273125,3.0303571428571425,1,1
1775925588.1917074,2026-04-11T18:39:48.191707,137.1205,103.3,33.8205,3.1571428571428575,0,1
1775925589.6743443,2026-04-11T18:39:49.674344,136.822375,102.7,34.122375,3.567857142857143,1,1
1775925591.1801248,2026-04-11T18:39:51.180125,148.5548125,101.22999999999999,47.3248125,21.530357142857145,0,1
1775925593.0128424,2026-04-11T18:39:53.012842,136.001625,102.42,33.581625,2.832142857142857,1,1
1775925594.5043473,2026-04-11T18:39:54.504347,149.2448125,102.13,47.1148125,21.244642857142857,0,1
1775925596.3152022,2026-04-11T18:39:56.315202,137.212375,103.3,33.912375,3.2821428571428575,1,1
1775925597.8499541,2026-04-11T18:39:57.849954,139.406375,103.1,36.306375,6.539285714285714,1,1
1775925599.5227401,2026-04-11T18:39:59.522740,136.72625,102.89,33.83625,3.1785714285714284,1,1
1775925601.0425363,2026-04-11T18:40:01.042536,135.5581875,102.39,33.1681875,2.269642857142857,1,1
1775925602.5251465,2026-04-11T18:40:02.525146,136.48399999999998,102.8,33.684,2.9714285714285715,1,1
1775925604.0110602,2026-04-11T18:40:04.011060,137.53175,103.37,34.16175,3.6214285714285714,1,1
1775925605.5269778,2026-04-11T18:40:05.526978,138.7691875,102.22,36.5491875,6.869642857142857,0,1
1775925610.099742,2026-04-11T18:40:10.099742,136.7344375,102.7,34.0344375,3.4482142857142857,1,1
1775925611.5869453,2026-04-11T18:40:11.586945,139.9986875,103.88,36.1186875,6.283928571428571,1,1
1775925613.3582277,2026-04-11T18:40:13.358228,136.91287499999999,102.99,33.922875,3.2964285714285713,1,1
1775925614.8526735,2026-04-11T18:40:14.852674,139.862375,105.53,34.332375,3.8535714285714286,1,1
1775925616.3367236,2026-04-11T18:40:16.336724,137.9211875,104.27,33.6511875,2.9267857142857143,1,1
1775925617.8319824,2026-04-11T18:40:17.831982,136.7615,102.71000000000001,34.0515,3.4714285714285715,1,1
1775925619.3861845,2026-04-11T18:40:19.386184,140.1413125,103.39,36.7513125,7.144642857142857,0,1
1775925623.7404258,2026-04-11T18:40:23.740426,136.6543125,102.99,33.6643125,2.944642857142857,1,1
1775925625.2532375,2026-04-11T18:40:25.253237,137.189,103.19,33.999,3.4,1,1
1775925626.7318707,2026-04-11T18:40:26.731871,137.76075,103.2,34.56075,4.164285714285714,1,1
1775925628.2180257,2026-04-11T18:40:28.218026,138.151625,104.36,33.791625,3.117857142857143,1,1
1775925629.6987233,2026-04-11T18:40:29.698723,136.3535625,102.6,33.7535625,3.0660714285714286,1,1
1775925631.2209716,2026-04-11T18:40:31.220972,139.06525,105.25,33.81525,3.15,1,1
1775925632.770859,2026-04-11T18:40:32.770859,135.47175,101.52,33.95175,3.335714285714286,0,1
1775925634.4097247,2026-04-11T18:40:34.409725,138.878125,104.74000000000001,34.138125,3.5892857142857144,1,1
1775925635.9205732,2026-04-11T18:40:35.920573,138.0993125,101.81,36.2893125,6.516071428571428,1,1
1775925637.7505012,2026-04-11T18:40:37.750501,136.806,103.29,33.516,2.742857142857143,1,1
1775925639.295573,2026-04-11T18:40:39.295573,138.324375,102.69,35.634375,5.625,1,1
1775925641.094546,2026-04-11T18:40:41.094546,136.8354375,103.2,33.6354375,2.9053571428571425,1,1
1775925642.5798752,2026-04-11T18:40:42.579875,135.8905625,102.41,33.4805625,2.694642857142857,1,1
1775925644.0987597,2026-04-11T18:40:44.098760,136.6910625,102.78,33.9110625,3.2803571428571425,1,1
1775925645.6088328,2026-04-11T18:40:45.608833,137.2315,103.39,33.8415,3.185714285714286,1,1
1775925647.0953684,2026-04-11T18:40:47.095368,134.9645625,101.61,33.3545625,2.523214285714286,0,1
1775925648.6695561,2026-04-11T18:40:48.669556,137.544,103.65,33.894,3.257142857142857,1,1
1775925650.2209852,2026-04-11T18:40:50.220985,147.8816875,101.83,46.0516875,19.798214285714288,0,1
1775925652.0660877,2026-04-11T18:40:52.066088,137.0734375,103.48,33.5934375,2.8482142857142856,1,1
1775925653.5513089,2026-04-11T18:40:53.551309,139.4879375,103.07,36.4179375,6.691071428571428,1,1
1775925655.2409081,2026-04-11T18:40:55.240908,137.6794375,103.96,33.7194375,3.019642857142857,1,1
1775925656.724966,2026-04-11T18:40:56.724966,137.1944375,103.58,33.6144375,2.876785714285714,1,1
1775925658.2034183,2026-04-11T18:40:58.203418,137.47481249999998,103.38,34.0948125,3.5303571428571425,1,1
1775925659.6929235,2026-04-11T18:40:59.692924,137.1905625,103.29,33.9005625,3.2660714285714287,1,1
1775925661.1907377,2026-04-11T18:41:01.190738,136.1660625,101.73,34.4360625,3.994642857142857,0,1
1775925662.7244828,2026-04-11T18:41:02.724483,137.1219375,103.35,33.7719375,3.0910714285714285,1,1
1775925664.231508,2026-04-11T18:41:04.231508,137.87175,101.61,36.26175,6.478571428571429,1,1
1775925666.154778,2026-04-11T18:41:06.154778,136.8305,102.8,34.0305,3.442857142857143,1,1
1775925667.6543498,2026-04-11T18:41:07.654350,140.1110625,104.73,35.3810625,5.2803571428571425,1,1
1775925669.633151,2026-04-11T18:41:09.633151,136.9285625,103.28,33.6485625,2.9232142857142853,1,1
1775925671.152011,2026-04-11T18:41:11.152011,146.662125,103.2,43.462125,16.275,1,1
1775925672.8556602,2026-04-11T18:41:12.855660,137.998875,104.16,33.838875,3.182142857142857,1,1
1775925674.3623137,2026-04-11T18:41:14.362314,135.95225,102.41,33.54225,2.7785714285714285,1,1
1775925675.8724449,2026-04-11T18:41:15.872445,138.0283125,104.28,33.7483125,3.0589285714285714,0,1
1775925677.3855057,2026-04-11T18:41:17.385506,136.4973125,103.19,33.3073125,2.4589285714285714,1,1
1775925678.863729,2026-04-11T18:41:18.863729,137.47868749999998,103.46,34.0186875,3.4267857142857143,0,1
1775925680.4719632,2026-04-11T18:41:20.471963,137.88,103.86,34.019999999999996,3.4285714285714284,1,1
1775925681.968908,2026-04-11T18:41:21.968908,141.0995625,105.54,35.5595625,5.523214285714286,1,1
1775925683.7434845,2026-04-11T18:41:23.743484,137.3769375,103.29,34.0869375,3.519642857142857,1,1
1775925685.2511034,2026-04-11T18:41:25.251103,136.623875,102.89,33.733875,3.039285714285714,1,1
1775925686.7892423,2026-04-11T18:41:26.789242,137.1588125,102.98,34.1788125,3.644642857142857,1,1
1775925688.3186522,2026-04-11T18:41:28.318652,137.730375,104.07000000000001,33.660375,2.939285714285714,1,1
1775925689.8309443,2026-04-11T18:41:29.830944,136.491625,102.7,33.791625,3.117857142857143,0,1
1775925691.3524804,2026-04-11T18:41:31.352480,136.882625,103.07,33.812625,3.1464285714285714,1,1
1775925692.8701296,2026-04-11T18:41:32.870130,138.69681250000002,103.09,35.606812500000004,5.5875,0,1
1775925694.576178,2026-04-11T18:41:34.576178,136.887625,103.39,33.497625,2.7178571428571425,1,1
1775925696.093868,2026-04-11T18:41:36.093868,143.1891875,106.22,36.9691875,7.441071428571428,1,1
1775925697.752891,2026-04-11T18:41:37.752891,137.10706249999998,103.28,33.8270625,3.1660714285714286,1,1
1775925699.2473183,2026-04-11T18:41:39.247318,136.56956250000002,102.9,33.6695625,2.9517857142857147,1,1
1775925700.7343342,2026-04-11T18:41:40.734334,137.35175,103.4,33.95175,3.335714285714286,1,1
1775925702.2502394,2026-04-11T18:41:42.250239,136.6924375,102.7,33.9924375,3.3910714285714287,1,1
1775925703.7464435,2026-04-11T18:41:43.746444,136.3186875,102.72,33.5986875,2.855357142857143,0,1
1775925705.3625822,2026-04-11T18:41:45.362582,137.0423125,103.0,34.0423125,3.4589285714285714,1,1
1775925706.837373,2026-04-11T18:41:46.837373,137.920375,103.0,34.920375,4.653571428571429,1,1
1775925708.6348658,2026-04-11T18:41:48.634866,137.1435625,102.97,34.1735625,3.6374999999999997,1,1
1775925710.1201062,2026-04-11T18:41:50.120106,137.45350000000002,103.57000000000001,33.8835,3.242857142857143,1,1
1775925711.6167996,2026-04-11T18:41:51.616800,137.0416875,103.38,33.6616875,2.9410714285714286,1,1
1775925713.1364384,2026-04-11T18:41:53.136438,138.2256875,103.85,34.3756875,3.9125,1,1
1775925714.6215737,2026-04-11T18:41:54.621574,138.2686875,102.99,35.2786875,5.141071428571428,0,1
1775925716.3420324,2026-04-11T18:41:56.342032,136.97081250000002,103.38000000000001,33.5908125,2.8446428571428575,1,1
1775925717.8299646,2026-04-11T18:41:57.829965,138.7539375,103.05,35.7039375,5.7196428571428575,1,1
1775925719.5700471,2026-04-11T18:41:59.570047,137.7734375,103.97,33.8034375,3.1339285714285716,1,1
1775925721.0509472,2026-04-11T18:42:01.050947,137.47899999999998,103.69,33.789,3.1142857142857143,1,1
1775925722.5769157,2026-04-11T18:42:02.576916,137.63875000000002,103.75,33.88875,3.25,1,1
1775925724.066459,2026-04-11T18:42:04.066459,137.270625,103.28999999999999,33.980625,3.375,1,1
1775925725.565448,2026-04-11T18:42:05.565448,149.38187499999998,102.88,46.501875,20.410714285714285,0,1
1775925727.1356606,2026-04-11T18:42:07.135661,137.7644375,104.57000000000001,33.1944375,2.305357142857143,1,1
1775925728.6429443,2026-04-11T18:42:08.642944,141.6625625,105.41,36.2525625,6.466071428571429,1,1
1775925730.3202689,2026-04-11T18:42:10.320269,137.993875,104.26,33.733875,3.039285714285714,1,1
1775925731.8038056,2026-04-11T18:42:11.803806,137.855375,103.67,34.185375,3.6535714285714285,1,1
1775925733.2826648,2026-04-11T18:42:13.282665,136.644,103.17,33.474000000000004,2.685714285714286,1,1
1775925734.760034,2026-04-11T18:42:14.760034,137.120375,103.46,33.660375,2.939285714285714,1,1
1775925736.2809935,2026-04-11T18:42:16.280993,148.55599999999998,101.6,46.956,21.02857142857143,0,1
1775925737.8666425,2026-04-11T18:42:17.866642,136.5495625,103.09,33.4595625,2.6660714285714286,1,1
1775925739.345734,2026-04-11T18:42:19.345734,138.49981250000002,102.2,36.2998125,6.5303571428571425,1,1
1775925741.2073002,2026-04-11T18:42:21.207300,136.86843750000003,103.38000000000001,33.4884375,2.705357142857143,1,1
1775925742.712092,2026-04-11T18:42:22.712092,137.71337499999998,102.52,35.193375,5.0249999999999995,1,1
1775925744.473068,2026-04-11T18:42:24.473068,136.579,103.0,33.579,2.8285714285714287,1,1
1775925745.966665,2026-04-11T18:42:25.966665,138.0948125,103.79,34.3048125,3.8160714285714286,1,1
1775925747.5206146,2026-04-11T18:42:27.520615,138.4965,104.76,33.7365,3.042857142857143,1,1
1775925748.9993536,2026-04-11T18:42:28.999354,137.34175,103.39,33.95175,3.335714285714286,1,1
1775925750.4834485,2026-04-11T18:42:30.483449,149.245375,102.88,46.365375,20.224999999999998,0,1
1775925752.0965402,2026-04-11T18:42:32.096540,136.475,103.19,33.285,2.4285714285714284,1,1
1775925753.601461,2026-04-11T18:42:33.601461,139.1296875,102.99,36.1396875,6.3125,1,1
1775925755.3701646,2026-04-11T18:42:35.370165,137.3335625,103.37,33.9635625,3.351785714285714,1,1
1775925756.8910956,2026-04-11T18:42:36.891096,137.37018750000001,102.9,34.4701875,4.041071428571429,1,1
1775925758.6331706,2026-04-11T18:42:38.633171,137.9848125,103.89,34.0948125,3.5303571428571425,1,1
1775925760.118589,2026-04-11T18:42:40.118589,137.360125,103.39,33.970125,3.3607142857142853,1,1
1775925761.6112394,2026-04-11T18:42:41.611239,138.2508125,104.66,33.5908125,2.8446428571428575,1,1
1775925763.1010087,2026-04-11T18:42:43.101009,137.96606250000002,104.37,33.5960625,2.851785714285714,1,1
1775925764.6174781,2026-04-11T18:42:44.617478,136.94774999999998,103.08,33.86775,3.2214285714285715,0,1
1775925766.2778974,2026-04-11T18:42:46.277897,136.785875,102.8,33.985875,3.382142857142857,1,1
1775925767.7622502,2026-04-11T18:42:47.762250,143.06400000000002,106.02000000000001,37.044,7.542857142857143,1,1
1775925769.4161475,2026-04-11T18:42:49.416147,137.656375,103.66,33.996375,3.3964285714285714,1,1
1775925770.944574,2026-04-11T18:42:50.944574,137.1919375,103.0,34.1919375,3.6625,1,1
1775925772.4274447,2026-04-11T18:42:52.427445,137.38575,103.98,33.40575,2.5928571428571425,1,1
1775925773.932701,2026-04-11T18:42:53.932701,136.8419375,103.28,33.5619375,2.805357142857143,1,1
1775925775.4396315,2026-04-11T18:42:55.439631,149.71368750000002,102.99000000000001,46.723687500000004,20.712500000000002,0,1
1775925777.0582182,2026-04-11T18:42:57.058218,137.2521875,103.37,33.8821875,3.2410714285714284,1,1
1775925778.5436888,2026-04-11T18:42:58.543689,137.9293125,102.9,35.0293125,4.801785714285714,1,1
1775925780.3214378,2026-04-11T18:43:00.321438,137.374875,103.2,34.174875,3.6392857142857147,1,1
1775925781.8067143,2026-04-11T18:43:01.806714,137.2165,103.48,33.7365,3.042857142857143,1,1
1775925783.2929544,2026-04-11T18:43:03.292954,136.81575,102.99000000000001,33.82575,3.164285714285714,0,1
1775925784.8041708,2026-04-11T18:43:04.804171,137.88468749999998,104.16,33.7246875,3.0267857142857144,1,1
1775925786.2882202,2026-04-11T18:43:06.288220,137.84375,102.59,35.25375,5.107142857142857,0,1
1775925787.984912,2026-04-11T18:43:07.984912,138.300125,104.33,33.970125,3.3607142857142853,1,1
1775925789.4754214,2026-04-11T18:43:09.475421,143.94525,107.19,36.75525,7.1499999999999995,1,1
1775925791.3564599,2026-04-11T18:43:11.356460,136.6485625,103.0,33.6485625,2.9232142857142853,1,1
1775925792.9492228,2026-04-11T18:43:12.949223,138.434625,102.9,35.534625,5.489285714285714,1,1
1775925794.8005722,2026-04-11T18:43:14.800572,137.9949375,104.16,33.8349375,3.1767857142857143,1,1
1775925796.2756984,2026-04-11T18:43:16.275698,136.2133125,102.99,33.2233125,2.3446428571428575,1,1
1775925797.8123498,2026-04-11T18:43:17.812350,139.39181250000001,103.47,35.9218125,6.016071428571428,0,1
1775925802.0955079,2026-04-11T18:43:22.095508,136.37775,102.72,33.65775,2.935714285714286,1,1
1775925803.6075473,2026-04-11T18:43:23.607547,139.3009375,105.13,34.1709375,3.6339285714285716,1,1
1775925805.0859969,2026-04-11T18:43:25.085997,136.466375,102.89,33.576375,2.8249999999999997,1,1
1775925806.604711,2026-04-11T18:43:26.604711,138.2943125,104.63,33.6643125,2.944642857142857,1,1
1775925808.1237097,2026-04-11T18:43:28.123710,138.89225,102.2,36.69225,7.064285714285715,0,1
1775925812.518257,2026-04-11T18:43:32.518257,138.782625,104.76,34.022625,3.432142857142857,1,1
1775925814.0030246,2026-04-11T18:43:34.003025,142.1519375,103.97,38.181937500000004,9.091071428571428,1,1
1775925815.4383013,2026-04-11T18:43:35.438301,137.7359375,103.67,34.0659375,3.4910714285714284,1,1
1775925816.9391499,2026-04-11T18:43:36.939150,136.72625,103.10000000000001,33.62625,2.892857142857143,1,1
1775925818.4998171,2026-04-11T18:43:38.499817,138.792375,101.73,37.062375,7.567857142857143,0,1
1775925822.8520923,2026-04-11T18:43:42.852092,138.3410625,104.64,33.7010625,2.994642857142857,1,1
1775925824.3433661,2026-04-11T18:43:44.343366,136.7425,103.09,33.6525,2.9285714285714284,1,1
1775925825.830543,2026-04-11T18:43:45.830543,137.4433125,103.38,34.0633125,3.4875000000000003,1,1
1775925827.354592,2026-04-11T18:43:47.354592,137.249875,103.39,33.859875,3.210714285714286,1,1
1775925828.8938468,2026-04-11T18:43:48.893847,139.0185625,103.27,35.7485625,5.7803571428571425,0,1
1775925833.2595654,2026-04-11T18:43:53.259565,137.223875,103.49,33.733875,3.039285714285714,1,1
1775925834.7904642,2026-04-11T18:43:54.790464,143.8240625,105.23,38.5940625,9.651785714285714,1,1
1775925836.2109604,2026-04-11T18:43:56.210960,136.82468749999998,103.1,33.7246875,3.0267857142857144,1,1
1775925837.687519,2026-04-11T18:43:57.687519,138.37343750000002,104.15,34.2234375,3.705357142857143,1,1
1775925839.2513351,2026-04-11T18:43:59.251335,138.5581875,103.08,35.478187500000004,5.4125000000000005,0,1
1775925843.4145586,2026-04-11T18:44:03.414559,137.622625,103.39,34.232625,3.7178571428571425,1,1
1775925844.9366453,2026-04-11T18:44:04.936645,135.9273125,102.2,33.7273125,3.0303571428571425,1,1
1775925846.4080107,2026-04-11T18:44:06.408011,136.0895625,102.42,33.6695625,2.9517857142857147,1,1
1775925847.908697,2026-04-11T18:44:07.908697,138.1525,103.87,34.2825,3.7857142857142856,1,1
1775925849.4368532,2026-04-11T18:44:09.436853,137.558375,102.26,35.298375,5.167857142857143,0,1
1775925853.598483,2026-04-11T18:44:13.598483,136.98375,103.2,33.78375,3.107142857142857,1,1
1775925855.084747,2026-04-11T18:44:15.084747,139.2878125,103.87,35.4178125,5.330357142857143,1,1
1775925856.8168714,2026-04-11T18:44:16.816871,137.3115,103.47,33.8415,3.185714285714286,1,1
1775925858.3473885,2026-04-11T18:44:18.347389,136.62824999999998,103.38,33.24825,2.3785714285714286,1,1
1775925859.834291,2026-04-11T18:44:19.834291,139.3643125,105.7,33.6643125,2.944642857142857,1,1
1775925861.311958,2026-04-11T18:44:21.311958,136.995,103.08,33.915,3.2857142857142856,1,1
1775925862.8281808,2026-04-11T18:44:22.828181,139.8130625,103.76,36.0530625,6.194642857142857,0,1
1775925867.1880605,2026-04-11T18:44:27.188061,137.0316875,103.37,33.6616875,2.9410714285714286,1,1
1775925868.6741571,2026-04-11T18:44:28.674157,136.929125,102.98,33.949125,3.332142857142857,1,1
1775925870.1817434,2026-04-11T18:44:30.181743,137.13049999999998,103.1,34.0305,3.442857142857143,1,1
1775925871.6714253,2026-04-11T18:44:31.671425,137.356375,103.78,33.576375,2.8249999999999997,1,1
1775925873.2271476,2026-04-11T18:44:33.227148,139.147875,102.60000000000001,36.547875,6.867857142857143,0,1
1775925877.6614633,2026-04-11T18:44:37.661463,137.0948125,103.0,34.0948125,3.5303571428571425,1,1
1775925879.2094517,2026-04-11T18:44:39.209452,137.19925,103.3,33.89925,3.2642857142857147,1,1
1775925880.7050025,2026-04-11T18:44:40.705003,139.337375,105.74,33.597375,2.8535714285714286,1,1
1775925882.2535303,2026-04-11T18:44:42.253530,136.9259375,102.86,34.0659375,3.4910714285714284,1,1
1775925883.7977216,2026-04-11T18:44:43.797722,138.54725000000002,102.59,35.95725,6.064285714285715,0,1
1775925888.2042928,2026-04-11T18:44:48.204293,136.771625,102.98,33.791625,3.117857142857143,1,1
1775925889.6929545,2026-04-11T18:44:49.692955,137.23250000000002,103.58,33.6525,2.9285714285714284,1,1
1775925891.1846464,2026-04-11T18:44:51.184646,136.51425,102.51,34.00425,3.407142857142857,1,1
1775925892.701085,2026-04-11T18:44:52.701085,137.760125,103.58,34.180125,3.6464285714285714,1,1
1775925894.2040982,2026-04-11T18:44:54.204098,137.985875,101.69,36.295874999999995,6.5249999999999995,0,1
1775925898.6234946,2026-04-11T18:44:58.623495,136.822875,102.69,34.132875,3.582142857142857,1,1
1775925900.1119208,2026-04-11T18:45:00.111921,138.7720625,105.05,33.7220625,3.023214285714286,1,1
1775925901.62391,2026-04-11T18:45:01.623910,136.5634375,102.97,33.5934375,2.8482142857142856,0,1
1775925903.1291106,2026-04-11T18:45:03.129111,137.257375,103.66,33.597375,2.8535714285714286,1,1
1775925904.6108418,2026-04-11T18:45:04.610842,136.212375,102.3,33.912375,3.2821428571428575,0,1
1775925906.212345,2026-04-11T18:45:06.212345,135.9360625,102.13,33.8060625,3.1374999999999997,1,1
1775925907.72016,2026-04-11T18:45:07.720160,138.518125,102.49,36.028125,6.160714285714286,1,1
1775925909.5827732,2026-04-11T18:45:09.582773,136.71625,103.09,33.62625,2.892857142857143,1,1
1775925911.0928555,2026-04-11T18:45:11.092855,138.08125,102.67,35.41125,5.321428571428571,1,1
1775925912.8503604,2026-04-11T18:45:12.850360,139.20374999999999,105.63,33.57375,2.8214285714285716,1,1
1775925914.3369052,2026-04-11T18:45:14.336905,136.8595625,102.98,33.8795625,3.2375000000000003,1,1
1775925915.820932,2026-04-11T18:45:15.820932,136.9946875,103.27,33.7246875,3.0267857142857144,1,1
1775925917.3011904,2026-04-11T18:45:17.301190,137.3779375,103.06,34.3179375,3.8339285714285714,1,1
1775925918.7868881,2026-04-11T18:45:18.786888,136.351625,102.98,33.371625,2.5464285714285713,0,1
1775925920.3997824,2026-04-11T18:45:20.399782,137.215125,103.77,33.445125,2.6464285714285714,1,1
1775925921.8878078,2026-04-11T18:45:21.887808,139.69375,103.39,36.30375,6.535714285714286,1,1
1775925923.6009607,2026-04-11T18:45:23.600961,136.082375,102.59,33.492375,2.710714285714286,1,1
1775925925.0800996,2026-04-11T18:45:25.080100,137.0360625,102.81,34.2260625,3.7089285714285714,1,1
1775925926.5660071,2026-04-11T18:45:26.566007,137.3658125,103.88,33.4858125,2.7017857142857147,0,1
1775925928.070286,2026-04-11T18:45:28.070286,136.728625,103.21,33.518625,2.7464285714285714,1,1
1775925929.5759733,2026-04-11T18:45:29.575973,149.63525,103.01,46.62525,20.578571428571426,0,1
1775925931.400716,2026-04-11T18:45:31.400716,137.687375,103.67,34.017375,3.4250000000000003,1,1
1775925932.9107015,2026-04-11T18:45:32.910702,138.55875,101.52,37.03875,7.535714285714286,1,1
1775925934.7233884,2026-04-11T18:45:34.723388,136.571125,103.0,33.571125,2.817857142857143,1,1
1775925936.3024852,2026-04-11T18:45:36.302485,137.132,103.28,33.852,3.1999999999999997,1,1
1775925938.0779393,2026-04-11T18:45:38.077939,136.3180625,103.10000000000001,33.2180625,2.3375,1,1
1775925939.5858438,2026-04-11T18:45:39.585844,137.667625,104.17,33.497625,2.7178571428571425,1,1
1775925941.1138701,2026-04-11T18:45:41.113870,137.1543125,103.49,33.6643125,2.944642857142857,1,1
1775925942.620983,2026-04-11T18:45:42.620983,136.950125,102.98,33.970125,3.3607142857142853,1,1
1775925944.127799,2026-04-11T18:45:44.127799,138.22087499999998,101.82,36.400875,6.667857142857143,0,1
1775925948.5165734,2026-04-11T18:45:48.516573,137.20625,103.58,33.62625,2.892857142857143,1,1
1775925949.9988065,2026-04-11T18:45:49.998806,138.19,104.17,34.019999999999996,3.4285714285714284,1,1
1775925951.4878888,2026-04-11T18:45:51.487889,136.686375,102.9,33.786375,3.1107142857142853,1,1
1775925952.962631,2026-04-11T18:45:52.962631,137.718875,103.88,33.838875,3.182142857142857,1,1
1775925954.4911752,2026-04-11T18:45:54.491175,150.67762499999998,102.89999999999999,47.777625,22.146428571428572,0,1
1775925956.0586293,2026-04-11T18:45:56.058629,137.1244375,103.3,33.8244375,3.1625,1,1
1775925957.5327573,2026-04-11T18:45:57.532757,140.737,105.1,35.637,5.628571428571428,1,1
1775925959.2765694,2026-04-11T18:45:59.276569,136.401375,102.51,33.891375,3.2535714285714286,1,1
1775925960.787634,2026-04-11T18:46:00.787634,137.9354375,104.09,33.8454375,3.1910714285714286,1,1
1775925962.2626154,2026-04-11T18:46:02.262615,136.6358125,102.31,34.3258125,3.8446428571428575,1,1
1775925963.7757757,2026-04-11T18:46:03.775776,138.3144375,104.07,34.244437500000004,3.7339285714285713,1,1
1775925965.2653832,2026-04-11T18:46:05.265383,138.6158125,102.19,36.4258125,6.701785714285714,0,1
1775925969.931814,2026-04-11T18:46:09.931814,136.12706250000002,102.51,33.6170625,2.880357142857143,1,1
1775925971.4449172,2026-04-11T18:46:11.444917,149.1155,104.27,44.8455,18.157142857142855,1,1
1775925973.1324341,2026-04-11T18:46:13.132434,137.29612500000002,103.2,34.096125,3.5321428571428575,1,1
1775925974.6099072,2026-04-11T18:46:14.609907,137.25875,103.58,33.67875,2.9642857142857144,1,1
1775925976.1198301,2026-04-11T18:46:16.119830,137.54625000000001,103.29,34.25625,3.75,0,1
1775925977.609533,2026-04-11T18:46:17.609533,136.723875,103.2,33.523875,2.7535714285714286,1,1
1775925979.0926318,2026-04-11T18:46:19.092632,147.2266875,103.38,43.8466875,16.798214285714288,0,1
1775925980.7781346,2026-04-11T18:46:20.778135,138.7930625,105.05,33.7430625,3.0517857142857143,1,1
1775925982.27527,2026-04-11T18:46:22.275270,139.6173125,103.16,36.4573125,6.744642857142857,1,1
1775925983.910069,2026-04-11T18:46:23.910069,137.429375,103.16,34.269375,3.767857142857143,1,1
1775925985.387676,2026-04-11T18:46:25.387676,136.989,102.78,34.209,3.685714285714286,1,1
1775925986.8652296,2026-04-11T18:46:26.865230,139.531625,105.53,34.001625,3.4035714285714285,1,1
1775925988.3891225,2026-04-11T18:46:28.389122,136.707875,102.89,33.817875,3.1535714285714285,1,1
1775925989.9409811,2026-04-11T18:46:29.940981,140.2565625,103.28999999999999,36.9665625,7.4375,0,1
1775925994.3475473,2026-04-11T18:46:34.347547,136.7469375,103.08,33.6669375,2.9482142857142857,1,1
1775925995.8152063,2026-04-11T18:46:35.815206,138.859125,105.12,33.739125,3.0464285714285713,1,1
1775925997.3696837,2026-04-11T18:46:37.369684,137.16425,103.37,33.79425,3.1214285714285714,1,1
1775925998.8503406,2026-04-11T18:46:38.850341,137.29525,103.48,33.81525,3.15,1,1
1775926000.3857882,2026-04-11T18:46:40.385788,150.579625,102.97,47.609625,21.917857142857144,0,1
1775926002.0547476,2026-04-11T18:46:42.054748,139.785125,106.13,33.655125,2.932142857142857,1,1
1775926003.634333,2026-04-11T18:46:43.634333,148.6568125,101.92,46.7368125,20.730357142857144,0,1
1775926005.5580754,2026-04-11T18:46:45.558075,137.2615,103.0,34.2615,3.757142857142857,1,1
1775926007.0554996,2026-04-11T18:46:47.055500,140.3361875,104.06,36.2761875,6.498214285714285,1,1
1775926008.713676,2026-04-11T18:46:48.713676,137.24881249999999,103.28,33.9688125,3.3589285714285713,1,1
1775926010.2271962,2026-04-11T18:46:50.227196,139.07675,103.55,35.52675,5.478571428571429,1,1
1775926011.931102,2026-04-11T18:46:51.931102,136.86775,102.78999999999999,34.07775,3.507142857142857,1,1
1775926013.4326694,2026-04-11T18:46:53.432669,137.50706250000002,103.68,33.8270625,3.1660714285714286,1,1
1775926014.9695365,2026-04-11T18:46:54.969537,136.498625,103.19,33.308625,2.460714285714286,0,1
1775926016.451298,2026-04-11T18:46:56.451298,137.01575,102.98,34.03575,3.4499999999999997,1,1
1775926017.948026,2026-04-11T18:46:57.948026,138.52525,102.61,35.91525,6.007142857142857,0,1
1775926019.6884813,2026-04-11T18:46:59.688481,137.5321875,103.86,33.6721875,2.955357142857143,1,1
1775926021.2130942,2026-04-11T18:47:01.213094,140.7909375,104.73,36.0609375,6.205357142857143,1,1
1775926022.928303,2026-04-11T18:47:02.928303,137.1566875,103.39,33.7666875,3.0839285714285714,1,1
1775926024.462809,2026-04-11T18:47:04.462809,136.445125,103.0,33.445125,2.6464285714285714,1,1
1775926026.0135453,2026-04-11T18:47:06.013545,135.84925,102.37,33.47925,2.692857142857143,0,1
1775926027.5463536,2026-04-11T18:47:07.546354,136.56,102.96,33.6,2.857142857142857,1,1
1775926029.0735295,2026-04-11T18:47:09.073529,137.608625,102.41,35.198625,5.0321428571428575,1,1
1775926030.8786895,2026-04-11T18:47:10.878690,137.66375,103.88000000000001,33.78375,3.107142857142857,1,1
1775926032.3603537,2026-04-11T18:47:12.360354,135.7094375,102.62,33.0894375,2.1625,1,1
1775926033.90932,2026-04-11T18:47:13.909320,137.997625,104.08,33.917625,3.289285714285714,1,1
1775926035.4087224,2026-04-11T18:47:15.408722,136.954,103.48,33.474000000000004,2.685714285714286,1,1
1775926036.8977938,2026-04-11T18:47:16.897794,150.244,103.75,46.494,20.400000000000002,0,1
1775926038.4893153,2026-04-11T18:47:18.489315,137.1275,103.37,33.7575,3.0714285714285716,1,1
1775926039.9609826,2026-04-11T18:47:19.960983,141.7648125,103.89,37.8748125,8.673214285714286,1,1
1775926041.3791635,2026-04-11T18:47:21.379164,135.9571875,102.39,33.5671875,2.8125,1,1
1775926042.855249,2026-04-11T18:47:22.855249,136.923875,102.98,33.943875,3.3249999999999997,1,1
1775926044.3287778,2026-04-11T18:47:24.328778,136.352125,102.13,34.222125,3.7035714285714287,0,1
1775926045.9595118,2026-04-11T18:47:25.959512,137.545625,103.46,34.085625,3.517857142857143,1,1
1775926047.4369802,2026-04-11T18:47:27.436980,138.113625,102.81,35.303625,5.175,1,1
1775926049.2689424,2026-04-11T18:47:29.268942,137.29649999999998,103.35,33.9465,3.3285714285714287,1,1
1775926050.7474499,2026-04-11T18:47:30.747450,147.231,103.95,43.281,16.02857142857143,1,1
1775926052.1394982,2026-04-11T18:47:32.139498,139.8355,106.12,33.7155,3.014285714285714,1,1
1775926053.6679678,2026-04-11T18:47:33.667968,137.0598125,103.28,33.7798125,3.101785714285714,1,1
1775926055.1338196,2026-04-11T18:47:35.133820,152.97025,106.03,46.94025,21.007142857142856,0,1
1775926056.7771835,2026-04-11T18:47:36.777184,137.1286875,103.11,34.0186875,3.4267857142857143,1,1
1775926058.2863011,2026-04-11T18:47:38.286301,138.135375,102.27,35.865375,5.939285714285715,1,1
1775926060.1339831,2026-04-11T18:47:40.133983,137.719125,103.77,33.949125,3.332142857142857,1,1
1775926061.65963,2026-04-11T18:47:41.659630,146.36793749999998,102.6,43.7679375,16.69107142857143,1,1
1775926063.081547,2026-04-11T18:47:43.081547,135.9908125,102.4,33.5908125,2.8446428571428575,1,1
1775926064.546672,2026-04-11T18:47:44.546672,136.17262499999998,102.99,33.182625,2.289285714285714,1,1
1775926066.0422006,2026-04-11T18:47:46.042201,149.55475,102.10000000000001,47.45475,21.707142857142856,0,1
1775926067.8888254,2026-04-11T18:47:47.888825,136.9768125,103.47,33.5068125,2.730357142857143,1,1
1775926069.3675966,2026-04-11T18:47:49.367597,140.3121875,104.33,35.9821875,6.098214285714286,1,1
1775926071.0451365,2026-04-11T18:47:51.045136,136.745125,102.88,33.865125,3.2178571428571425,1,1
1775926072.5668912,2026-04-11T18:47:52.566891,137.341625,103.55,33.791625,3.117857142857143,1,1
1775926074.044336,2026-04-11T18:47:54.044336,137.1875,103.43,33.7575,3.0714285714285716,0,1
1775926075.5591059,2026-04-11T18:47:55.559106,136.37625,103.17,33.20625,2.3214285714285716,1,1
1775926077.0545897,2026-04-11T18:47:57.054590,150.4575,103.47,46.987500000000004,21.071428571428573,0,1
1775926078.6481638,2026-04-11T18:47:58.648164,136.6020625,103.09,33.5120625,2.7375000000000003,1,1
1775926080.1265938,2026-04-11T18:48:00.126594,139.68868750000001,105.25,34.4386875,3.998214285714286,1,1
1775926081.54954,2026-04-11T18:48:01.549540,137.04275,103.49,33.55275,2.792857142857143,1,1
1775926083.0514493,2026-04-11T18:48:03.051449,137.191375,103.09,34.101375,3.539285714285714,1,1
1775926084.525756,2026-04-11T18:48:04.525756,137.2626875,103.37,33.8926875,3.255357142857143,0,1
1775926086.152603,2026-04-11T18:48:06.152603,137.22225,103.68,33.54225,2.7785714285714285,1,1
1775926087.658938,2026-04-11T18:48:07.658938,137.34025,103.0,34.34025,3.8642857142857143,1,1
1775926089.1319306,2026-04-11T18:48:09.131931,140.3133125,106.88,33.4333125,2.630357142857143,1,1
1775926090.6017437,2026-04-11T18:48:10.601744,135.927875,102.32000000000001,33.607875,2.867857142857143,1,1
1775926092.0882154,2026-04-11T18:48:12.088215,148.8898125,102.50999999999999,46.3798125,20.244642857142857,0,1
1775926093.8141515,2026-04-11T18:48:13.814152,137.5070625,103.67999999999999,33.8270625,3.1660714285714286,1,1
1775926095.282968,2026-04-11T18:48:15.282968,142.724375,103.10000000000001,39.624375,11.053571428571429,1,1
1775926096.6955893,2026-04-11T18:48:16.695589,136.8160625,102.8,34.0160625,3.4232142857142853,1,1
1775926098.1957555,2026-04-11T18:48:18.195755,138.122375,104.84,33.282375,2.4250000000000003,1,1
1775926099.6774201,2026-04-11T18:48:19.677420,139.2205,102.88,36.3405,6.585714285714286,0,1
1775926104.1081555,2026-04-11T18:48:24.108155,137.219375,103.16,34.059375,3.482142857142857,1,1
1775926105.6073925,2026-04-11T18:48:25.607393,146.84199999999998,102.7,44.141999999999996,17.2,1,1
1775926106.9964595,2026-04-11T18:48:26.996459,137.78025000000002,104.07000000000001,33.71025,3.007142857142857,1,1
1775926108.4988506,2026-04-11T18:48:28.498851,136.36275,102.81,33.55275,2.792857142857143,1,1
1775926109.9927726,2026-04-11T18:48:29.992773,149.062375,104.65,44.412375,17.567857142857143,0,1
1775926111.659881,2026-04-11T18:48:31.659881,136.7979375,102.9,33.8979375,3.2624999999999997,1,1
1775926113.1921446,2026-04-11T18:48:33.192145,138.107125,102.1,36.007125,6.132142857142857,1,1
1775926114.781261,2026-04-11T18:48:34.781261,137.7375,103.98,33.7575,3.0714285714285716,1,1
1775926116.267758,2026-04-11T18:48:36.267758,137.1046875,103.17,33.9346875,3.3125,1,1
1775926117.7756507,2026-04-11T18:48:37.775651,138.7085625,105.06,33.6485625,2.9232142857142853,1,1
1775926119.2641575,2026-04-11T18:48:39.264158,136.7146875,102.78,33.9346875,3.3125,1,1
1775926120.749835,2026-04-11T18:48:40.749835,135.9565,102.01,33.9465,3.3285714285714287,0,1
1775926122.3010056,2026-04-11T18:48:42.301006,137.50968749999998,103.67999999999999,33.8296875,3.169642857142857,1,1
1775926123.7926846,2026-04-11T18:48:43.792685,138.61175,102.77,35.84175,5.9071428571428575,1,1
1775926125.4582622,2026-04-11T18:48:45.458262,137.48925,103.38,34.10925,3.5500000000000003,1,1
1775926126.9825125,2026-04-11T18:48:46.982512,137.57737500000002,103.98,33.597375,2.8535714285714286,1,1
1775926128.4335496,2026-04-11T18:48:48.433550,136.951375,103.48,33.471375,2.682142857142857,1,1
1775926129.9082782,2026-04-11T18:48:49.908278,137.7915,103.95,33.8415,3.185714285714286,1,1
1775926131.3962457,2026-04-11T18:48:51.396246,139.0271875,103.57,35.4571875,5.383928571428571,0,1
1775926133.0666966,2026-04-11T18:48:53.066697,137.502625,103.48,34.022625,3.432142857142857,1,1
1775926134.5427334,2026-04-11T18:48:54.542733,137.7116875,102.79,34.9216875,4.6553571428571425,1,1
1775926136.2741294,2026-04-11T18:48:56.274129,137.62650000000002,103.68,33.9465,3.3285714285714287,1,1
1775926137.7523584,2026-04-11T18:48:57.752358,137.2810625,103.58,33.7010625,2.994642857142857,1,1
1775926139.2298362,2026-04-11T18:48:59.229836,137.57750000000001,103.4,34.1775,3.642857142857143,1,1
1775926140.7173238,2026-04-11T18:49:00.717324,137.7808125,103.77,34.0108125,3.4160714285714286,1,1
1775926142.2439017,2026-04-11T18:49:02.243902,149.1280625,103.94,45.1880625,18.623214285714287,0,1
1775926143.8567145,2026-04-11T18:49:03.856714,136.9958125,103.3,33.6958125,2.9875000000000003,1,1
1775926145.3471937,2026-04-11T18:49:05.347194,136.9721875,103.3,33.6721875,2.955357142857143,1,1
1775926146.8048115,2026-04-11T18:49:06.804811,138.0646875,104.34,33.7246875,3.0267857142857144,1,1
1775926148.291965,2026-04-11T18:49:08.291965,137.5593125,103.79,33.7693125,3.0875,1,1
1775926149.8078797,2026-04-11T18:49:09.807880,138.3055,102.49,35.8155,5.871428571428572,0,1
1775926154.1931558,2026-04-11T18:49:14.193156,138.26656250000002,104.45,33.8165625,3.1517857142857144,1,1
1775926155.69866,2026-04-11T18:49:15.698660,136.35275000000001,102.8,33.55275,2.792857142857143,1,1
1775926157.2267487,2026-04-11T18:49:17.226749,138.26318750000002,104.36,33.9031875,3.269642857142857,1,1
1775926158.7374585,2026-04-11T18:49:18.737458,137.664,103.98,33.684,2.9714285714285715,1,1
1775926160.2462676,2026-04-11T18:49:20.246268,149.2879375,103.84,45.4479375,18.976785714285715,0,1
1775926161.833843,2026-04-11T18:49:21.833843,137.4093125,103.22,34.1893125,3.6589285714285715,1,1
1775926163.3144317,2026-04-11T18:49:23.314432,139.2591875,103.75999999999999,35.4991875,5.441071428571428,1,1
1775926165.176859,2026-04-11T18:49:25.176859,137.37375,103.59,33.78375,3.107142857142857,1,1
1775926166.6872463,2026-04-11T18:49:26.687246,138.7516875,103.2,35.5516875,5.5125,1,1
1775926168.4739769,2026-04-11T18:49:28.473977,137.2086875,103.19,34.0186875,3.4267857142857143,1,1
1775926169.9823995,2026-04-11T18:49:29.982399,138.9356875,104.56,34.3756875,3.9125,1,1
1775926171.4685209,2026-04-11T18:49:31.468521,136.766375,103.4,33.366375,2.539285714285714,1,1
1775926172.9948385,2026-04-11T18:49:32.994838,137.517875,103.49,34.027875,3.439285714285714,1,1
1775926174.501456,2026-04-11T18:49:34.501456,137.9606875,101.8,36.1606875,6.341071428571429,0,1
1775926178.9148707,2026-04-11T18:49:38.914871,136.82475,102.81,34.01475,3.4214285714285713,1,1
1775926180.4146,2026-04-11T18:49:40.414600,137.6354375,103.58,34.0554375,3.476785714285714,1,1
1775926181.8786862,2026-04-11T18:49:41.878686,136.87900000000002,103.09,33.789,3.1142857142857143,1,1
1775926183.3619955,2026-04-11T18:49:43.361995,137.5859375,103.94,33.6459375,2.919642857142857,1,1
1775926184.8467405,2026-04-11T18:49:44.846740,135.7529375,102.38,33.3729375,2.5482142857142853,0,1
1775926186.455452,2026-04-11T18:49:46.455452,137.2534375,103.66,33.5934375,2.8482142857142856,1,1
1775926187.9908607,2026-04-11T18:49:47.990861,138.1344375,102.0,36.1344375,6.305357142857143,1,1
1775926189.8173535,2026-04-11T18:49:49.817353,137.0044375,103.39,33.6144375,2.876785714285714,1,1
1775926191.3377907,2026-04-11T18:49:51.337791,140.542125,104.85,35.692125,5.703571428571428,1,1
1775926193.1463892,2026-04-11T18:49:53.146389,137.77275,103.8,33.97275,3.3642857142857143,1,1
1775926194.6312773,2026-04-11T18:49:54.631277,136.8516875,103.19,33.6616875,2.9410714285714286,1,1
1775926196.1246777,2026-04-11T18:49:56.124678,139.111625,105.11,34.001625,3.4035714285714285,0,1
1775926197.652806,2026-04-11T18:49:57.652806,137.571375,103.68,33.891375,3.2535714285714286,1,1
1775926199.1772723,2026-04-11T18:49:59.177272,136.8884375,103.19,33.6984375,2.9910714285714284,0,1
1775926200.8010266,2026-04-11T18:50:00.801027,138.71675,104.66,34.05675,3.4785714285714286,1,1
1775926202.3173552,2026-04-11T18:50:02.317355,138.7668125,102.32,36.4468125,6.730357142857143,1,1
1775926204.0307937,2026-04-11T18:50:04.030794,138.1519375,104.38,33.7719375,3.0910714285714285,1,1
1775926205.527978,2026-04-11T18:50:05.527978,136.38825,102.51,33.87825,3.2357142857142853,1,1
1775926206.995615,2026-04-11T18:50:06.995615,137.4548125,103.36,34.0948125,3.5303571428571425,1,1
1775926208.479343,2026-04-11T18:50:08.479343,137.4309375,103.68,33.7509375,3.0625,1,1
1775926209.964251,2026-04-11T18:50:09.964251,137.6604375,101.4,36.2604375,6.476785714285714,0,1
1775926214.4697206,2026-04-11T18:50:14.469721,138.5510625,104.64,33.9110625,3.2803571428571425,1,1
1775926215.9471774,2026-04-11T18:50:15.947177,136.532875,102.61,33.922875,3.2964285714285713,1,1
1775926217.426503,2026-04-11T18:50:17.426503,137.7685625,103.7,34.0685625,3.494642857142857,1,1
1775926218.912918,2026-04-11T18:50:18.912918,137.7118125,103.67999999999999,34.0318125,3.444642857142857,1,1
1775926220.3886847,2026-04-11T18:50:20.388685,137.0108125,103.0,34.0108125,3.4160714285714286,0,1
1775926222.0178485,2026-04-11T18:50:22.017848,137.6664375,103.38,34.2864375,3.791071428571428,1,1
1775926223.5348015,2026-04-11T18:50:23.534801,137.82206250000002,102.0,35.8220625,5.880357142857143,1,1
1775926225.3188653,2026-04-11T18:50:25.318865,137.23250000000002,103.58,33.6525,2.9285714285714284,1,1
1775926226.8141427,2026-04-11T18:50:26.814143,147.18506250000002,102.9,44.2850625,17.39464285714286,1,1
1775926228.6471083,2026-04-11T18:50:28.647108,137.4108125,103.19,34.2208125,3.7017857142857147,1,1
1775926230.1229203,2026-04-11T18:50:30.122920,137.4118125,103.59,33.8218125,3.1589285714285715,1,1
1775926231.56417,2026-04-11T18:50:31.564170,136.89525,103.08,33.81525,3.15,1,1
1775926233.0416162,2026-04-11T18:50:33.041616,137.480375,103.4,34.080375000000004,3.5107142857142857,1,1
1775926234.551891,2026-04-11T18:50:34.551891,137.54125,101.71,35.83125,5.892857142857143,0,1
1775926239.0116785,2026-04-11T18:50:39.011678,136.8365,103.10000000000001,33.7365,3.042857142857143,1,1
1775926240.497636,2026-04-11T18:50:40.497636,138.4411875,104.16,34.2811875,3.7839285714285715,1,1
1775926241.9989552,2026-04-11T18:50:41.998955,136.9933125,102.72,34.2733125,3.773214285714286,1,1
1775926243.5181613,2026-04-11T18:50:43.518161,137.564125,103.3,34.264125,3.7607142857142857,1,1
1775926245.070775,2026-04-11T18:50:45.070775,138.4053125,101.99000000000001,36.4153125,6.6875,0,1
1775926249.357682,2026-04-11T18:50:49.357682,137.16649999999998,103.00999999999999,34.1565,3.6142857142857143,1,1
1775926250.8866048,2026-04-11T18:50:50.886605,136.7860625,103.19,33.5960625,2.851785714285714,1,1
1775926252.3643177,2026-04-11T18:50:52.364318,138.9873125,104.63,34.3573125,3.8874999999999997,1,1
1775926253.9061394,2026-04-11T18:50:53.906139,138.1711875,103.89,34.2811875,3.7839285714285715,1,1
1775926255.4180856,2026-04-11T18:50:55.418086,139.22025,102.78,36.44025,6.721428571428571,0,1
1775926259.7604856,2026-04-11T18:50:59.760486,137.1306875,103.07,34.0606875,3.4839285714285713,1,1
1775926261.2509623,2026-04-11T18:51:01.250962,139.4944375,106.3,33.1944375,2.305357142857143,1,1
1775926262.7434325,2026-04-11T18:51:02.743433,137.675375,103.49,34.185375,3.6535714285714285,1,1
1775926264.2322214,2026-04-11T18:51:04.232221,137.8881875,103.88,34.0081875,3.4125,1,1
1775926265.7155545,2026-04-11T18:51:05.715554,150.329,104.15,46.179,19.97142857142857,0,1
1775926267.314743,2026-04-11T18:51:07.314743,139.003875,104.85000000000001,34.153875,3.6107142857142853,1,1
1775926268.7992094,2026-04-11T18:51:08.799209,141.405,105.39,36.015,6.142857142857143,1,1
1775926270.4648857,2026-04-11T18:51:10.464886,138.0325,104.17,33.8625,3.2142857142857144,1,1
1775926271.9568489,2026-04-11T18:51:11.956849,137.6808125,103.67,34.0108125,3.4160714285714286,1,1
1775926273.4705024,2026-04-11T18:51:13.470502,138.826625,105.14,33.686625,2.975,1,1
1775926274.9714792,2026-04-11T18:51:14.971479,137.73456249999998,103.96,33.7745625,3.0946428571428575,1,1
1775926276.4537854,2026-04-11T18:51:16.453785,140.794875,102.21,38.584875,9.639285714285714,0,1
1775926278.006123,2026-04-11T18:51:18.006123,136.81025,103.1,33.71025,3.007142857142857,1,1
1775926279.505244,2026-04-11T18:51:19.505244,138.6126875,101.99,36.6226875,6.9696428571428575,1,1
1775926281.3287244,2026-04-11T18:51:21.328724,138.3434375,104.54,33.8034375,3.1339285714285716,1,1
1775926282.8396015,2026-04-11T18:51:22.839602,138.253375,103.06,35.193375,5.0249999999999995,1,1
1775926284.6625724,2026-04-11T18:51:24.662572,136.61837500000001,102.79,33.828375,3.167857142857143,1,1
1775926286.159866,2026-04-11T18:51:26.159866,137.1521875,103.48,33.6721875,2.955357142857143,1,1
1775926287.669954,2026-04-11T18:51:27.669954,137.05931249999998,103.28999999999999,33.7693125,3.0875,1,1
1775926289.1883442,2026-04-11T18:51:29.188344,137.22468750000002,103.29,33.9346875,3.3125,1,1
1775926290.717202,2026-04-11T18:51:30.717202,136.20850000000002,102.22,33.9885,3.3857142857142857,0,1
1775926292.2679217,2026-04-11T18:51:32.267922,139.15525,105.55,33.60525,2.8642857142857143,1,1
1775926293.7910736,2026-04-11T18:51:33.791074,149.79512499999998,102.49,47.305125000000004,21.50357142857143,0,1
1775926295.6740415,2026-04-11T18:51:35.674042,137.2254375,103.59,33.6354375,2.9053571428571425,1,1
1775926297.1729696,2026-04-11T18:51:37.172970,139.02949999999998,102.5,36.5295,6.8428571428571425,1,1
1775926299.0270445,2026-04-11T18:51:39.027045,136.4406875,102.8,33.6406875,2.9125,1,1
1775926300.516074,2026-04-11T18:51:40.516074,137.8886875,103.87,34.0186875,3.4267857142857143,1,1
1775926302.2576034,2026-04-11T18:51:42.257603,136.98456249999998,103.21,33.7745625,3.0946428571428575,1,1
1775926303.7480798,2026-04-11T18:51:43.748080,137.4215,103.58,33.8415,3.185714285714286,1,1
1775926305.2932184,2026-04-11T18:51:45.293218,139.1350625,105.14,33.9950625,3.394642857142857,1,1
1775926306.8314998,2026-04-11T18:51:46.831500,137.0680625,103.00999999999999,34.0580625,3.480357142857143,1,1
1775926308.3381202,2026-04-11T18:51:48.338120,137.587625,103.88,33.707625,3.0035714285714286,0,1
1775926310.0125914,2026-04-11T18:51:50.012591,136.7669375,103.31,33.4569375,2.6625,1,1
1775926311.5230813,2026-04-11T18:51:51.523081,137.880125,102.22999999999999,35.650125,5.646428571428571,1,1
1775926313.1731105,2026-04-11T18:51:53.173110,137.8065,104.07,33.7365,3.042857142857143,1,1
1775926314.6603746,2026-04-11T18:51:54.660375,136.07274999999998,102.31,33.76275,3.0785714285714287,1,1
1775926316.1485946,2026-04-11T18:51:56.148595,137.4475,103.69,33.7575,3.0714285714285716,1,1
1775926317.6342726,2026-04-11T18:51:57.634273,137.1341875,103.0,34.1341875,3.5839285714285714,1,1
1775926319.1383927,2026-04-11T18:51:59.138393,135.6790625,101.81,33.8690625,3.2232142857142856,0,1
1775926320.7517083,2026-04-11T18:52:00.751708,138.24175,104.08,34.16175,3.6214285714285714,1,1
1775926322.2448883,2026-04-11T18:52:02.244888,140.520125,104.66,35.860125,5.932142857142857,1,1
1775926324.0584202,2026-04-11T18:52:04.058420,137.1223125,103.08,34.0423125,3.4589285714285714,1,1
1775926325.541086,2026-04-11T18:52:05.541086,139.03725,104.97,34.06725,3.492857142857143,1,1
1775926327.253108,2026-04-11T18:52:07.253108,139.0720625,105.35,33.7220625,3.023214285714286,1,1
1775926328.751177,2026-04-11T18:52:08.751177,137.5296875,103.28,34.2496875,3.7410714285714284,1,1
1775926330.2575066,2026-04-11T18:52:10.257507,137.64,103.41,34.23,3.7142857142857144,1,1
1775926331.7373855,2026-04-11T18:52:11.737386,136.5225,103.08,33.4425,2.642857142857143,1,1
1775926333.2238376,2026-04-11T18:52:13.223838,135.4494375,101.73,33.7194375,3.019642857142857,0,1
1775926334.7962499,2026-04-11T18:52:14.796250,137.65875,103.77,33.88875,3.25,1,1
1775926336.3470988,2026-04-11T18:52:16.347099,148.925625,102.24,46.685625,20.660714285714285,0,1
1775926338.1585724,2026-04-11T18:52:18.158572,136.7144375,102.89,33.8244375,3.1625,1,1
1775926339.6841657,2026-04-11T18:52:19.684166,140.6726875,104.47,36.2026875,6.398214285714286,1,1
1775926341.3329668,2026-04-11T18:52:21.332967,137.381625,103.59,33.791625,3.117857142857143,1,1
1775926342.8080556,2026-04-11T18:52:22.808056,137.72275,103.96,33.76275,3.0785714285714287,1,1
1775926344.2853367,2026-04-11T18:52:24.285337,138.573875,105.05,33.523875,2.7535714285714286,0,1
1775926345.7680757,2026-04-11T18:52:25.768076,136.2358125,102.33,33.905812499999996,3.273214285714286,1,1
1775926347.268055,2026-04-11T18:52:27.268055,146.6725,103.36,43.3125,16.071428571428573,0,1
1775926348.8983905,2026-04-11T18:52:28.898391,137.203,102.91,34.293,3.8000000000000003,1,1
1775926350.384208,2026-04-11T18:52:30.384208,143.3501875,108.04,35.3101875,5.183928571428572,1,1
1775926352.0932736,2026-04-11T18:52:32.093274,137.22106250000002,103.31,33.9110625,3.2803571428571425,1,1
1775926353.5729678,2026-04-11T18:52:33.572968,137.0246875,103.3,33.7246875,3.0267857142857144,1,1
1775926355.0677667,2026-04-11T18:52:35.067767,136.965375,102.99000000000001,33.975375,3.367857142857143,1,1
1775926356.5507643,2026-04-11T18:52:36.550764,137.474,103.58,33.894,3.257142857142857,1,1
1775926358.0851352,2026-04-11T18:52:38.085135,140.065,103.84,36.225,6.428571428571429,0,1
1775926362.4605308,2026-04-11T18:52:42.460531,136.7581875,103.38,33.3781875,2.555357142857143,1,1
1775926364.0000403,2026-04-11T18:52:44.000040,137.9301875,103.88,34.0501875,3.4696428571428575,1,1
1775926365.5225902,2026-04-11T18:52:45.522590,136.4848125,102.81,33.6748125,2.9589285714285714,1,1
1775926367.0494363,2026-04-11T18:52:47.049436,137.89181250000001,104.28,33.6118125,2.873214285714286,1,1
1775926368.5638323,2026-04-11T18:52:48.563832,136.074875,102.32,33.754875,3.067857142857143,0,1
1775926370.1421454,2026-04-11T18:52:50.142145,135.9996875,102.8,33.1996875,2.3125,1,1
1775926371.6262348,2026-04-11T18:52:51.626235,140.24812500000002,103.59,36.658125,7.017857142857143,1,1
1775926373.4568279,2026-04-11T18:52:53.456828,137.554,103.87,33.684,2.9714285714285715,1,1
1775926374.9435198,2026-04-11T18:52:54.943520,138.401375,102.41,35.991375,6.110714285714286,1,1
1775926376.7800515,2026-04-11T18:52:56.780051,136.9008125,102.89,34.0108125,3.4160714285714286,1,1
1775926378.269995,2026-04-11T18:52:58.269995,137.0031875,103.1,33.9031875,3.269642857142857,1,1
1775926379.7711413,2026-04-11T18:52:59.771141,137.1819375,103.41,33.7719375,3.0910714285714285,1,1
1775926381.3062007,2026-04-11T18:53:01.306201,137.22943750000002,103.51,33.7194375,3.019642857142857,1,1
1775926382.8396997,2026-04-11T18:53:02.839700,136.744,103.27,33.474000000000004,2.685714285714286,0,1
1775926384.4694583,2026-04-11T18:53:04.469458,138.035,103.49,34.545,4.142857142857143,1,1
1775926385.9860313,2026-04-11T18:53:05.986031,135.82999999999998,102.02,33.81,3.142857142857143,0,1
1775926387.6249833,2026-04-11T18:53:07.624983,138.279125,104.75,33.529125,2.7607142857142857,1,1
1775926389.109685,2026-04-11T18:53:09.109685,138.5355,102.51,36.0255,6.1571428571428575,1,1
1775926390.9484305,2026-04-11T18:53:10.948431,136.4,102.8,33.6,2.857142857142857,1,1
1775926392.4673738,2026-04-11T18:53:12.467374,140.171375,104.81,35.361375,5.253571428571428,1,1
1775926394.241157,2026-04-11T18:53:14.241157,137.802625,103.78,34.022625,3.432142857142857,1,1
1775926395.7267313,2026-04-11T18:53:15.726731,137.1604375,103.21,33.9504375,3.3339285714285714,1,1
1775926397.2164283,2026-04-11T18:53:17.216428,136.998625,103.48,33.518625,2.7464285714285714,1,1
1775926398.6941586,2026-04-11T18:53:18.694159,137.2585,103.27,33.9885,3.3857142857142857,1,1
1775926400.1833642,2026-04-11T18:53:20.183364,135.811375,101.92,33.891375,3.2535714285714286,0,1
1775926401.8383927,2026-04-11T18:53:21.838393,137.4821875,103.39,34.0921875,3.5267857142857144,1,1
1775926403.3491616,2026-04-11T18:53:23.349162,138.8935625,102.41,36.4835625,6.7803571428571425,1,1
1775926405.102786,2026-04-11T18:53:25.102786,139.0981875,105.72,33.3781875,2.555357142857143,1,1
1775926406.6242833,2026-04-11T18:53:26.624283,138.9681875,103.28,35.6881875,5.698214285714285,1,1
1775926408.4517264,2026-04-11T18:53:28.451726,140.4643125,106.8,33.6643125,2.944642857142857,1,1
1775926409.9311516,2026-04-11T18:53:29.931152,136.995375,103.23,33.765375,3.082142857142857,1,1
1775926411.4317997,2026-04-11T18:53:31.431800,137.061625,103.27,33.791625,3.117857142857143,0,1
1775926412.907491,2026-04-11T18:53:32.907491,137.75775000000002,103.68,34.07775,3.507142857142857,1,1
1775926414.4118125,2026-04-11T18:53:34.411813,154.36675,107.28999999999999,47.076750000000004,21.192857142857143,0,1
1775926416.1956325,2026-04-11T18:53:36.195632,137.0575,103.3,33.7575,3.0714285714285716,1,1
1775926417.6697695,2026-04-11T18:53:37.669770,141.291625,104.56,36.731625,7.117857142857143,1,1
1775926419.1231563,2026-04-11T18:53:39.123156,139.084125,105.03,34.054125,3.475,1,1
1775926420.5998423,2026-04-11T18:53:40.599842,136.47875,103.01,33.46875,2.6785714285714284,1,1
1775926422.1197276,2026-04-11T18:53:42.119728,148.3226875,102.03999999999999,46.2826875,20.1125,0,1
1775926423.932819,2026-04-11T18:53:43.932819,136.3583125,102.61,33.7483125,3.0589285714285714,1,1
1775926425.4476197,2026-04-11T18:53:45.447620,150.2423125,103.6,46.6423125,20.601785714285715,0,1
1775926427.275479,2026-04-11T18:53:47.275479,137.1166875,103.77,33.3466875,2.5124999999999997,1,1
1775926428.7735984,2026-04-11T18:53:48.773598,138.72575,102.8,35.92575,6.021428571428571,1,1
1775926430.637394,2026-04-11T18:53:50.637394,139.095375,105.12,33.975375,3.367857142857143,1,1
1775926432.1486108,2026-04-11T18:53:52.148611,138.7744375,105.16,33.6144375,2.876785714285714,1,1
1775926433.6310136,2026-04-11T18:53:53.631014,136.877625,103.17,33.707625,3.0035714285714286,1,1
1775926435.1122396,2026-04-11T18:53:55.112240,137.22468750000002,103.29,33.9346875,3.3125,1,1
1775926436.6458166,2026-04-11T18:53:56.645817,136.152875,102.02,34.132875,3.582142857142857,0,1
1775926438.2497046,2026-04-11T18:53:58.249705,137.480125,103.50999999999999,33.970125,3.3607142857142853,1,1
1775926439.7343462,2026-04-11T18:53:59.734346,139.1699375,102.5,36.669937499999996,7.033928571428571,1,1
1775926441.501354,2026-04-11T18:54:01.501354,140.4238125,106.14,34.283812499999996,3.7875,1,1
1775926443.0014913,2026-04-11T18:54:03.001491,137.311125,102.69,34.621125,4.246428571428572,1,1
1775926444.7352114,2026-04-11T18:54:04.735211,137.872875,104.16,33.712875,3.0107142857142857,1,1
1775926446.229065,2026-04-11T18:54:06.229065,136.4719375,102.7,33.7719375,3.0910714285714285,1,1
1775926447.7216215,2026-04-11T18:54:07.721622,138.6113125,104.17,34.4413125,4.001785714285714,1,1
1775926449.2684488,2026-04-11T18:54:09.268449,136.03675,102.4,33.63675,2.9071428571428575,1,1
1775926450.7561212,2026-04-11T18:54:10.756121,149.7855,103.47,46.3155,20.157142857142855,0,1
1775926452.4404337,2026-04-11T18:54:12.440434,138.075375,103.68,34.395375,3.939285714285714,1,1
1775926453.9374964,2026-04-11T18:54:13.937496,139.1029375,102.79,36.312937500000004,6.548214285714286,1,1
1775926455.5564885,2026-04-11T18:54:15.556489,138.5290625,104.66,33.8690625,3.2232142857142856,1,1
1775926457.065803,2026-04-11T18:54:17.065803,137.144875,103.39,33.754875,3.067857142857143,1,1
1775926458.548165,2026-04-11T18:54:18.548165,137.972875,104.25999999999999,33.712875,3.0107142857142857,1,1
1775926460.0870872,2026-04-11T18:54:20.087087,137.0170625,103.4,33.6170625,2.880357142857143,1,1
1775926461.5657842,2026-04-11T18:54:21.565784,136.17374999999998,102.6,33.57375,2.8214285714285716,0,1
1775926463.1230588,2026-04-11T18:54:23.123059,137.1241875,103.2,33.9241875,3.2982142857142853,1,1
1775926464.6217678,2026-04-11T18:54:24.621768,148.8419375,101.63,47.2119375,21.376785714285713,1,1
1775926466.5016532,2026-04-11T18:54:26.501653,137.466125,103.58,33.886125,3.2464285714285714,1,1
1775926468.023273,2026-04-11T18:54:28.023273,137.4659375,101.72,35.7459375,5.776785714285714,1,1
1775926469.880029,2026-04-11T18:54:29.880029,137.4795625,103.39,34.0895625,3.523214285714286,1,1
1775926471.3588939,2026-04-11T18:54:31.358894,146.92431249999998,103.39,43.5343125,16.373214285714287,1,1
1775926473.221277,2026-04-11T18:54:33.221277,138.2421875,104.36,33.8821875,3.2410714285714284,1,1
1775926474.746597,2026-04-11T18:54:34.746597,137.90775,104.25,33.65775,2.935714285714286,1,1
1775926476.2094781,2026-04-11T18:54:36.209478,135.9600625,102.91,33.0500625,2.1089285714285713,1,1
1775926477.692647,2026-04-11T18:54:37.692647,136.571125,103.0,33.571125,2.817857142857143,1,1
1775926479.1967506,2026-04-11T18:54:39.196751,135.7045625,101.72,33.9845625,3.380357142857143,0,1
1775926480.8089495,2026-04-11T18:54:40.808949,138.3096875,104.06,34.2496875,3.7410714285714284,1,1
1775926482.322367,2026-04-11T18:54:42.322367,150.22812499999998,103.49,46.738125,20.732142857142858,0,1
1775926484.0732527,2026-04-11T18:54:44.073253,136.33100000000002,102.71000000000001,33.621,2.8857142857142857,1,1
1775926485.5758317,2026-04-11T18:54:45.575832,142.543,105.94,36.603,6.942857142857143,1,1
1775926487.359315,2026-04-11T18:54:47.359315,137.61625,103.78,33.83625,3.1785714285714284,1,1
1775926488.840958,2026-04-11T18:54:48.840958,138.522375,102.93,35.592375000000004,5.567857142857143,1,1
1775926490.6860862,2026-04-11T18:54:50.686086,136.83125,103.1,33.73125,3.0357142857142856,1,1
1775926492.1669803,2026-04-11T18:54:52.166980,137.85456250000001,103.87,33.9845625,3.380357142857143,1,1
1775926493.6511204,2026-04-11T18:54:53.651120,137.487625,103.36,34.127625,3.5749999999999997,1,1
1775926495.141829,2026-04-11T18:54:55.141829,137.89025,103.97,33.92025,3.292857142857143,1,1
1775926496.6536608,2026-04-11T18:54:56.653661,149.83212500000002,102.59,47.242125,21.41785714285714,0,1
1775926498.2225978,2026-04-11T18:54:58.222598,137.0708125,103.48,33.5908125,2.8446428571428575,1,1
1775926499.7443576,2026-04-11T18:54:59.744358,148.6291875,105.15,43.4791875,16.298214285714288,1,1
1775926501.1653419,2026-04-11T18:55:01.165342,137.04762499999998,103.75999999999999,33.287625,2.432142857142857,1,1
1775926502.6899426,2026-04-11T18:55:02.689943,137.045625,103.17,33.875625,3.232142857142857,1,1
1775926504.1730042,2026-04-11T18:55:04.173004,136.5284375,102.41,34.1184375,3.5625,0,1
1775926505.7402735,2026-04-11T18:55:05.740273,137.0545625,103.49,33.5645625,2.8089285714285714,1,1
1775926507.2224717,2026-04-11T18:55:07.222472,137.6845625,101.81,35.874562499999996,5.951785714285714,1,1
1775926509.0688567,2026-04-11T18:55:09.068857,137.473,103.39,34.083,3.5142857142857147,1,1
1775926510.5798182,2026-04-11T18:55:10.579818,138.4194375,104.07,34.3494375,3.876785714285714,1,1
1775926512.3197262,2026-04-11T18:55:12.319726,137.281125,103.29,33.991125,3.3892857142857147,1,1
1775926513.8683705,2026-04-11T18:55:13.868371,136.6743125,103.01,33.6643125,2.944642857142857,1,1
1775926515.3388536,2026-04-11T18:55:15.338854,136.6485625,103.21,33.4385625,2.6374999999999997,1,1
1775926516.8322165,2026-04-11T18:55:16.832217,139.33875,105.45,33.88875,3.25,1,1
1775926518.347526,2026-04-11T18:55:18.347526,135.531,101.91,33.621,2.8857142857142857,0,1
1775926519.899221,2026-04-11T18:55:19.899221,136.62068749999997,103.39999999999999,33.2206875,2.3410714285714285,1,1
1775926521.3754532,2026-04-11T18:55:21.375453,139.64193749999998,104.19,35.4519375,5.376785714285715,0,1
1775926523.1730628,2026-04-11T18:55:23.173063,137.2521875,103.58,33.6721875,2.955357142857143,1,1
1775926524.6593251,2026-04-11T18:55:24.659325,137.07218749999998,103.19,33.8821875,3.2410714285714284,1,1
1775926526.1998847,2026-04-11T18:55:26.199885,139.8529375,102.91,36.9429375,7.4053571428571425,0,1
1775926530.5325723,2026-04-11T18:55:30.532572,137.3150625,102.9,34.4150625,3.9660714285714285,1,1
1775926532.0559509,2026-04-11T18:55:32.055951,137.285375,103.1,34.185375,3.6535714285714285,1,1
1775926533.5339868,2026-04-11T18:55:33.533987,136.37975,102.89,33.48975,2.707142857142857,1,1
1775926535.094361,2026-04-11T18:55:35.094361,136.7385625,103.09,33.6485625,2.9232142857142853,1,1
1775926536.6421149,2026-04-11T18:55:36.642115,140.0925,103.29,36.8025,7.214285714285714,0,1
1775926540.8285801,2026-04-11T18:55:40.828580,137.4534375,103.65,33.8034375,3.1339285714285716,1,1
1775926542.3200133,2026-04-11T18:55:42.320013,148.73306250000002,103.86,44.8730625,18.194642857142856,1,1
1775926544.1161623,2026-04-11T18:55:44.116162,136.079,102.5,33.579,2.8285714285714287,1,1
1775926545.6330118,2026-04-11T18:55:45.633012,138.278625,104.55,33.728625,3.0321428571428575,1,1
1775926547.1126423,2026-04-11T18:55:47.112642,135.787625,102.5,33.287625,2.432142857142857,0,1
1775926548.6022215,2026-04-11T18:55:48.602221,138.4006875,104.75999999999999,33.6406875,2.9125,1,1
1775926550.116181,2026-04-11T18:55:50.116181,148.2084375,102.12,46.0884375,19.848214285714285,0,1
1775926551.9899879,2026-04-11T18:55:51.989988,137.3121875,103.01,34.3021875,3.8125,1,1
1775926553.5243006,2026-04-11T18:55:53.524301,138.3225,102.78,35.542500000000004,5.5,1,1
1775926555.1497135,2026-04-11T18:55:55.149714,137.39081249999998,103.38,34.0108125,3.4160714285714286,1,1
1775926556.6681557,2026-04-11T18:55:56.668156,138.9615,105.54,33.4215,2.6142857142857143,1,1
1775926558.1613798,2026-04-11T18:55:58.161380,136.613875,102.88,33.733875,3.039285714285714,1,1
1775926559.682835,2026-04-11T18:55:59.682835,138.6185625,104.55,34.0685625,3.494642857142857,1,1
1775926561.1905613,2026-04-11T18:56:01.190561,135.19774999999998,101.33,33.86775,3.2214285714285715,0,1
1775926562.7640483,2026-04-11T18:56:02.764048,137.42649999999998,103.47999999999999,33.9465,3.3285714285714287,1,1
1775926564.3161783,2026-04-11T18:56:04.316178,151.4855,103.28,48.2055,22.728571428571428,0,1
1775926566.1805127,2026-04-11T18:56:06.180513,137.45387499999998,103.3,34.153875,3.6107142857142853,1,1
1775926567.6602829,2026-04-11T18:56:07.660283,138.43312500000002,102.09,36.343125,6.589285714285714,1,1
1775926569.4779336,2026-04-11T18:56:09.477934,136.860375,103.2,33.660375,2.939285714285714,1,1
1775926570.9799032,2026-04-11T18:56:10.979903,142.24625,102.11,40.13625,11.75,1,1
1775926572.7934942,2026-04-11T18:56:12.793494,137.02125,103.29,33.73125,3.0357142857142856,1,1
1775926574.3097546,2026-04-11T18:56:14.309755,136.86931249999998,103.1,33.7693125,3.0875,1,1
1775926575.821606,2026-04-11T18:56:15.821606,137.4679375,103.99,33.4779375,2.6910714285714286,0,1
1775926577.3123724,2026-04-11T18:56:17.312372,136.76862500000001,102.62,34.148625,3.6035714285714286,1,1
1775926578.82618,2026-04-11T18:56:18.826180,139.6541875,103.42,36.2341875,6.441071428571428,0,1
1775926580.487798,2026-04-11T18:56:20.487798,136.877625,103.38,33.497625,2.7178571428571425,1,1
1775926581.9925654,2026-04-11T18:56:21.992565,149.9845625,103.4,46.584562500000004,20.523214285714285,1,1
1775926583.8355238,2026-04-11T18:56:23.835524,137.7395625,104.07000000000001,33.6695625,2.9517857142857147,1,1
1775926585.3475232,2026-04-11T18:56:25.347523,137.7461875,103.99,33.7561875,3.069642857142857,1,1
1775926586.8231802,2026-04-11T18:56:26.823180,137.58425,103.58,34.00425,3.4071428571428575,1,1
1775926588.3149529,2026-04-11T18:56:28.314953,136.7108125,102.91,33.8008125,3.130357142857143,1,1
1775926589.8397148,2026-04-11T18:56:29.839715,135.74725,102.1,33.64725,2.9214285714285713,0,1
1775926591.393123,2026-04-11T18:56:31.393123,138.8624375,104.66,34.2024375,3.6767857142857143,1,1
1775926592.9079676,2026-04-11T18:56:32.907968,139.428,103.56,35.868,5.942857142857143,1,1
1775926594.5532925,2026-04-11T18:56:34.553293,136.7096875,102.67,34.0396875,3.455357142857143,1,1
1775926596.0782182,2026-04-11T18:56:36.078218,138.42306250000001,104.47,33.9530625,3.3375,1,1
1775926597.5643063,2026-04-11T18:56:37.564306,136.1506875,102.3,33.8506875,3.1982142857142857,1,1
1775926599.078667,2026-04-11T18:56:39.078667,137.1345625,103.57,33.5645625,2.8089285714285714,1,1
1775926600.603263,2026-04-11T18:56:40.603263,139.95768750000002,104.07000000000001,35.8876875,5.9696428571428575,0,1
1775926604.9215605,2026-04-11T18:56:44.921561,138.84981249999998,104.64999999999999,34.1998125,3.6732142857142853,1,1
1775926606.5505726,2026-04-11T18:56:46.550573,138.47412500000002,103.58,34.894125,4.617857142857143,1,1
1775926608.0130641,2026-04-11T18:56:48.013064,136.413625,103.0,33.413625,2.6035714285714286,1,1
1775926609.5093527,2026-04-11T18:56:49.509353,137.84175,103.89,33.95175,3.335714285714286,1,1
1775926611.0270243,2026-04-11T18:56:51.027024,139.46275,103.39,36.07275,6.221428571428571,0,1
1775926615.3836577,2026-04-11T18:56:55.383658,137.3084375,103.61,33.6984375,2.9910714285714284,1,1
1775926616.880903,2026-04-11T18:56:56.880903,138.07318750000002,104.17,33.9031875,3.269642857142857,1,1
1775926618.3571546,2026-04-11T18:56:58.357155,137.2404375,103.29,33.9504375,3.3339285714285714,1,1
1775926619.8339984,2026-04-11T18:56:59.833998,138.050125,104.08,33.970125,3.3607142857142853,1,1
1775926621.34036,2026-04-11T18:57:01.340360,138.08350000000002,103.36,34.7235,4.385714285714285,0,1
1775926622.9710407,2026-04-11T18:57:02.971041,137.971125,103.77000000000001,34.201125,3.6750000000000003,1,1
1775926624.4578474,2026-04-11T18:57:04.457847,139.2659375,102.89,36.3759375,6.633928571428571,1,1
1775926626.3217022,2026-04-11T18:57:06.321702,138.07262500000002,104.26,33.812625,3.1464285714285714,1,1
1775926627.8045182,2026-04-11T18:57:07.804518,139.9095625,104.35,35.5595625,5.523214285714286,1,1
1775926629.5928626,2026-04-11T18:57:09.592863,137.1359375,103.28,33.8559375,3.205357142857143,1,1
1775926631.0800555,2026-04-11T18:57:11.080055,137.58362499999998,103.75,33.833625,3.1750000000000003,1,1
1775926632.5787115,2026-04-11T18:57:12.578712,137.2246875,103.28999999999999,33.9346875,3.3125,1,1
1775926634.0611043,2026-04-11T18:57:14.061104,136.87843750000002,103.18,33.6984375,2.9910714285714284,1,1
1775926635.5726147,2026-04-11T18:57:15.572615,135.867875,102.26,33.607875,2.867857142857143,0,1
1775926637.2074356,2026-04-11T18:57:17.207436,136.4075,103.07000000000001,33.3375,2.5,1,1
1775926638.7115664,2026-04-11T18:57:18.711566,139.2513125,102.29,36.9613125,7.430357142857143,1,1
1775926640.5602455,2026-04-11T18:57:20.560246,136.6058125,102.7,33.905812499999996,3.273214285714286,1,1
1775926642.0334628,2026-04-11T18:57:22.033463,137.7145,103.6,34.1145,3.557142857142857,1,1
1775926643.49495,2026-04-11T18:57:23.494950,136.8719375,102.89,33.9819375,3.376785714285714,1,1
1775926645.017362,2026-04-11T18:57:25.017362,136.2798125,102.5,33.7798125,3.101785714285714,1,1
1775926646.5197895,2026-04-11T18:57:26.519789,147.474875,103.85000000000001,43.624875,16.496428571428574,0,1
1775926648.1410496,2026-04-11T18:57:28.141050,136.6798125,102.9,33.7798125,3.101785714285714,1,1
1775926649.6367013,2026-04-11T18:57:29.636701,147.29343749999998,102.99,44.3034375,17.419642857142858,1,1
1775926651.3675983,2026-04-11T18:57:31.367598,136.8553125,103.38,33.4753125,2.6875,1,1
1775926652.8799853,2026-04-11T18:57:32.879985,139.523,105.44,34.083,3.5142857142857147,1,1
1775926654.359703,2026-04-11T18:57:34.359703,137.56512500000002,103.49000000000001,34.075125,3.5035714285714286,1,1
1775926655.869876,2026-04-11T18:57:35.869876,137.1914375,103.22,33.9714375,3.3625000000000003,1,1
1775926657.4062448,2026-04-11T18:57:37.406245,147.64350000000002,103.26,44.3835,17.52857142857143,0,1
1775926659.0711,2026-04-11T18:57:39.071100,137.16093750000002,102.99000000000001,34.1709375,3.6339285714285716,1,1
1775926660.5415337,2026-04-11T18:57:40.541534,149.4043125,103.77,45.6343125,19.230357142857144,1,1
1775926662.3477771,2026-04-11T18:57:42.347777,137.11568749999998,103.78999999999999,33.3256875,2.4839285714285713,1,1
1775926663.8687286,2026-04-11T18:57:43.868729,137.587375,103.78,33.807375,3.1392857142857147,1,1
1775926665.3356893,2026-04-11T18:57:45.335689,138.33675,104.07,34.26675,3.764285714285714,0,1
1775926666.8587358,2026-04-11T18:57:46.858736,137.78125,104.05,33.73125,3.0357142857142856,1,1
1775926668.3382628,2026-04-11T18:57:48.338263,138.7535,104.24000000000001,34.5135,4.1,0,1
1775926669.9624543,2026-04-11T18:57:49.962454,137.710125,103.95,33.760125,3.0749999999999997,1,1
1775926671.4470744,2026-04-11T18:57:51.447074,137.7725,103.49000000000001,34.2825,3.7857142857142856,1,1
1775926673.271099,2026-04-11T18:57:53.271099,137.8309375,103.87,33.9609375,3.3482142857142856,1,1
1775926674.759883,2026-04-11T18:57:54.759883,138.054,104.37,33.684,2.9714285714285715,1,1
1775926676.2447433,2026-04-11T18:57:56.244743,136.651375,103.17999999999999,33.471375,2.682142857142857,1,1
1775926677.754734,2026-04-11T18:57:57.754734,138.2494375,104.53,33.7194375,3.019642857142857,1,1
1775926679.2679777,2026-04-11T18:57:59.267978,136.443625,102.19,34.253625,3.7464285714285714,0,1
1775926680.8273575,2026-04-11T18:58:00.827358,136.685,103.19,33.495,2.7142857142857144,1,1
1775926682.33243,2026-04-11T18:58:02.332430,140.0988125,103.19,36.9088125,7.358928571428572,1,1
1775926684.225743,2026-04-11T18:58:04.225743,136.6155,102.69,33.9255,3.3000000000000003,1,1
1775926685.72286,2026-04-11T18:58:05.722860,148.4675,103.58,44.8875,18.214285714285715,1,1
1775926687.5867565,2026-04-11T18:58:07.586756,137.2306875,103.38,33.8506875,3.1982142857142857,1,1
1775926689.108759,2026-04-11T18:58:09.108759,137.19262500000002,103.59,33.602625,2.8607142857142853,1,1
1775926690.59498,2026-04-11T18:58:10.594980,137.51412499999998,103.88,33.634125,2.9035714285714285,1,1
1775926692.1262398,2026-04-11T18:58:12.126240,138.081875,103.97,34.111875,3.5535714285714284,1,1
1775926693.6325648,2026-04-11T18:58:13.632565,136.72175,101.3,35.42175,5.335714285714286,0,1
1775926698.1631088,2026-04-11T18:58:18.163109,136.92706249999998,103.1,33.8270625,3.1660714285714286,1,1
1775926699.6984227,2026-04-11T18:58:19.698423,136.8683125,102.91,33.9583125,3.3446428571428575,1,1
1775926701.2124178,2026-04-11T18:58:21.212418,136.8818125,103.06,33.8218125,3.1589285714285715,1,1
1775926702.7817705,2026-04-11T18:58:22.781770,138.287625,104.16,34.127625,3.5749999999999997,1,1
1775926704.288393,2026-04-11T18:58:24.288393,137.678125,102.28,35.398125,5.303571428571429,0,1
1775926708.8132164,2026-04-11T18:58:28.813216,137.10125,103.58,33.52125,2.75,1,1
1775926710.3163822,2026-04-11T18:58:30.316382,136.627375,102.61,34.017375,3.4250000000000003,1,1
1775926711.7995188,2026-04-11T18:58:31.799519,137.91625,103.87,34.04625,3.4642857142857144,1,1
1775926713.3157094,2026-04-11T18:58:33.315709,136.8373125,102.9,33.9373125,3.3160714285714286,1,1
1775926714.8278391,2026-04-11T18:58:34.827839,136.3071875,102.32000000000001,33.9871875,3.3839285714285716,0,1
1775926716.4800832,2026-04-11T18:58:36.480083,137.02050000000003,102.99000000000001,34.0305,3.442857142857143,1,1
1775926718.028365,2026-04-11T18:58:38.028365,148.899875,101.39,47.509874999999994,21.782142857142855,1,1
1775926719.8578646,2026-04-11T18:58:39.857865,137.6495625,103.77,33.8795625,3.2375000000000003,1,1
1775926721.4487665,2026-04-11T18:58:41.448766,138.9114375,102.42,36.4914375,6.791071428571429,1,1
1775926723.176686,2026-04-11T18:58:43.176686,137.4495625,103.78,33.6695625,2.9517857142857147,1,1
1775926724.6883416,2026-04-11T18:58:44.688342,138.63831249999998,103.0,35.6383125,5.630357142857143,1,1
1775926726.4588766,2026-04-11T18:58:46.458877,136.50900000000001,102.51,33.999,3.4,1,1
1775926727.9754782,2026-04-11T18:58:47.975478,137.2206875,103.58,33.6406875,2.9125,1,1
1775926729.48034,2026-04-11T18:58:49.480340,136.813875,103.08,33.733875,3.039285714285714,0,1
1775926730.960114,2026-04-11T18:58:50.960114,138.13218750000001,104.46000000000001,33.6721875,2.955357142857143,1,1
1775926732.4651074,2026-04-11T18:58:52.465107,139.6885,103.39,36.298500000000004,6.528571428571429,0,1
1775926734.147007,2026-04-11T18:58:54.147007,137.0293125,103.47,33.5593125,2.8017857142857143,1,1
1775926735.6340714,2026-04-11T18:58:55.634071,138.9911875,103.66,35.3311875,5.2124999999999995,1,1
1775926737.337019,2026-04-11T18:58:57.337019,136.6845625,102.7,33.9845625,3.380357142857143,1,1
1775926738.8575468,2026-04-11T18:58:58.857547,137.034875,103.49,33.544875,2.7821428571428575,1,1
1775926740.3627954,2026-04-11T18:59:00.362795,136.613125,102.79,33.823125,3.1607142857142856,1,1
1775926741.8434846,2026-04-11T18:59:01.843485,138.44774999999998,104.16,34.28775,3.792857142857143,1,1
1775926743.3935053,2026-04-11T18:59:03.393505,139.124375,103.49,35.634375,5.625,0,1
1775926747.7802138,2026-04-11T18:59:07.780214,137.30025,103.59,33.71025,3.007142857142857,1,1
1775926749.27245,2026-04-11T18:59:09.272450,136.6516875,102.99000000000001,33.6616875,2.9410714285714286,1,1
1775926750.7631757,2026-04-11T18:59:10.763176,137.4963125,103.37,34.1263125,3.5732142857142857,1,1
1775926752.2973247,2026-04-11T18:59:12.297325,136.8543125,103.19,33.6643125,2.944642857142857,1,1
1775926753.8173487,2026-04-11T18:59:13.817349,139.5616875,103.38,36.1816875,6.369642857142857,0,1
1775926758.1902628,2026-04-11T18:59:18.190263,137.38162499999999,103.17,34.211625,3.689285714285714,1,1
1775926759.7016232,2026-04-11T18:59:19.701623,140.5760625,103.2,37.3760625,7.994642857142857,1,1
1775926761.526073,2026-04-11T18:59:21.526073,137.002375,103.09,33.912375,3.2821428571428575,1,1
1775926763.0188284,2026-04-11T18:59:23.018828,138.5429375,104.75,33.7929375,3.119642857142857,1,1
1775926764.537549,2026-04-11T18:59:24.537549,137.1543125,103.07,34.0843125,3.5160714285714287,1,1
1775926766.033805,2026-04-11T18:59:26.033805,138.373625,104.75,33.623625000000004,2.8892857142857147,1,1
1775926767.552243,2026-04-11T18:59:27.552243,139.1695,103.27,35.8995,5.985714285714286,0,1
1775926771.9978256,2026-04-11T18:59:31.997826,137.3323125,103.71,33.6223125,2.8874999999999997,1,1
1775926773.485693,2026-04-11T18:59:33.485693,138.1270625,104.09,34.0370625,3.4517857142857147,1,1
1775926774.994483,2026-04-11T18:59:34.994483,137.9046875,103.97,33.9346875,3.3125,1,1
1775926776.4856195,2026-04-11T18:59:36.485620,137.706625,103.39,34.316625,3.832142857142857,1,1
1775926778.0139418,2026-04-11T18:59:38.013942,139.4541875,102.8,36.6541875,7.0125,0,1
1775926782.6725852,2026-04-11T18:59:42.672585,139.0355625,105.24,33.7955625,3.123214285714286,1,1
1775926784.1572747,2026-04-11T18:59:44.157275,142.11075,103.98,38.13075,9.02142857142857,1,1
1775926786.057368,2026-04-11T18:59:46.057368,138.19718749999998,104.63,33.5671875,2.8125,1,1
1775926787.5733404,2026-04-11T18:59:47.573340,136.3866875,102.2,34.1866875,3.6553571428571425,1,1
1775926789.0700743,2026-04-11T18:59:49.070074,137.939,104.36,33.579,2.8285714285714287,0,1
1775926790.584627,2026-04-11T18:59:50.584627,136.9595625,103.08,33.8795625,3.2375000000000003,1,1
1775926792.062848,2026-04-11T18:59:52.062848,150.6624375,103.86,46.802437499999996,20.819642857142856,0,1
1775926793.6893094,2026-04-11T18:59:53.689309,140.089125,106.14,33.949125,3.332142857142857,1,1
1775926795.1723735,2026-04-11T18:59:55.172374,138.69243749999998,102.6,36.0924375,6.248214285714285,1,1
1775926796.936452,2026-04-11T18:59:56.936452,137.8405625,104.15,33.6905625,2.980357142857143,1,1
1775926798.4158163,2026-04-11T18:59:58.415816,139.6510625,102.8,36.8510625,7.2803571428571425,1,1
1775926800.2126503,2026-04-11T19:00:00.212650,138.7111875,105.06,33.6511875,2.9267857142857143,1,1
1775926801.7313995,2026-04-11T19:00:01.731400,137.93775,103.86,34.07775,3.507142857142857,1,1
1775926803.2529676,2026-04-11T19:00:03.252968,136.4525,102.59,33.8625,3.2142857142857144,1,1
1775926804.7935538,2026-04-11T19:00:04.793554,136.9559375,103.1,33.8559375,3.205357142857143,1,1
1775926806.3495238,2026-04-11T19:00:06.349524,135.5145625,101.95,33.5645625,2.8089285714285714,0,1
1775926807.9495895,2026-04-11T19:00:07.949589,136.5459375,102.9,33.6459375,2.919642857142857,1,1
1775926809.473928,2026-04-11T19:00:09.473928,139.02381250000002,102.01,37.0138125,7.501785714285715,1,1
1775926811.2448137,2026-04-11T19:00:11.244814,137.0225,103.37,33.6525,2.9285714285714284,1,1
1775926812.736156,2026-04-11T19:00:12.736156,140.120375,104.36,35.760375,5.796428571428572,1,1
1775926814.5325108,2026-04-11T19:00:14.532511,137.66275000000002,103.48,34.18275,3.65,1,1
1775926816.060662,2026-04-11T19:00:16.060662,138.366625,104.26,34.106625,3.5464285714285713,1,1
1775926817.542897,2026-04-11T19:00:17.542897,137.76325,103.57,34.19325,3.664285714285714,0,1
1775926819.063273,2026-04-11T19:00:19.063273,138.35875,104.47,33.88875,3.25,1,1
1775926820.5794337,2026-04-11T19:00:20.579434,148.2408125,101.42,46.8208125,20.844642857142855,0,1
1775926822.4308321,2026-04-11T19:00:22.430832,136.4144375,102.8,33.6144375,2.876785714285714,1,1
1775926823.9101307,2026-04-11T19:00:23.910131,149.1286875,104.19,44.9386875,18.28392857142857,1,1
1775926825.714675,2026-04-11T19:00:25.714675,137.27137499999998,103.38,33.891375,3.2535714285714286,1,1
1775926827.236094,2026-04-11T19:00:27.236094,137.73375,103.95,33.78375,3.107142857142857,1,1
1775926828.786713,2026-04-11T19:00:28.786713,137.4795625,103.39,34.0895625,3.523214285714286,1,1
1775926830.3041396,2026-04-11T19:00:30.304140,137.4423125,103.4,34.0423125,3.4589285714285714,1,1
1775926831.838974,2026-04-11T19:00:31.838974,149.9009375,103.97,45.9309375,19.633928571428573,0,1
1775926833.4248445,2026-04-11T19:00:33.424845,136.682875,102.97,33.712875,3.0107142857142857,1,1
1775926834.925482,2026-04-11T19:00:34.925482,138.50575,102.37,36.13575,6.307142857142857,1,1
1775926836.7443643,2026-04-11T19:00:36.744364,138.37843750000002,104.26,34.1184375,3.5625,1,1
1775926838.3075778,2026-04-11T19:00:38.307578,138.7839375,103.08,35.7039375,5.7196428571428575,1,1
1775926840.0743608,2026-04-11T19:00:40.074361,139.355,105.44,33.915,3.2857142857142856,1,1
1775926841.5814326,2026-04-11T19:00:41.581433,137.8684375,103.96000000000001,33.9084375,3.2767857142857144,1,1
1775926843.126506,2026-04-11T19:00:43.126506,137.55849999999998,103.57,33.9885,3.3857142857142857,1,1
1775926844.6268075,2026-04-11T19:00:44.626807,137.1165,103.38,33.7365,3.042857142857143,1,1
1775926846.1570745,2026-04-11T19:00:46.157074,140.400125,103.28,37.120125,7.646428571428571,0,1
1775926850.217758,2026-04-11T19:00:50.217758,136.73275,102.97,33.76275,3.0785714285714287,1,1
1775926851.6983032,2026-04-11T19:00:51.698303,137.87525,104.06,33.81525,3.15,1,1
1775926853.1807797,2026-04-11T19:00:53.180780,137.5359375,103.47,34.0659375,3.4910714285714284,1,1
1775926854.6623273,2026-04-11T19:00:54.662327,136.8881875,102.88,34.0081875,3.4125,1,1
1775926856.1615992,2026-04-11T19:00:56.161599,148.6645,104.05,44.61450000000001,17.842857142857145,0,1
1775926857.792232,2026-04-11T19:00:57.792232,139.721625,105.50999999999999,34.211625,3.689285714285714,1,1
1775926859.2766557,2026-04-11T19:00:59.276656,141.0728125,104.92,36.1528125,6.330357142857143,1,1
1775926860.9443376,2026-04-11T19:01:00.944338,138.536375,104.75,33.786375,3.1107142857142853,1,1
1775926862.5102792,2026-04-11T19:01:02.510279,137.188,103.0,34.188,3.6571428571428575,1,1
1775926863.9933672,2026-04-11T19:01:03.993367,138.4259375,104.36,34.0659375,3.4910714285714284,1,1
1775926865.5066414,2026-04-11T19:01:05.506641,136.9055,103.19,33.7155,3.0142857142857147,1,1
1775926867.0151072,2026-04-11T19:01:07.015107,150.14325,103.56,46.58325,20.521428571428572,0,1
1775926868.6115584,2026-04-11T19:01:08.611558,137.9709375,103.59,34.3809375,3.919642857142857,1,1
1775926870.0893095,2026-04-11T19:01:10.089309,138.7906875,103.47,35.3206875,5.198214285714286,1,1
1775926871.7838335,2026-04-11T19:01:11.783834,137.8634375,104.06,33.8034375,3.1339285714285716,1,1
1775926873.3700962,2026-04-11T19:01:13.370096,137.6096875,103.78,33.8296875,3.169642857142857,1,1
1775926874.8715446,2026-04-11T19:01:14.871545,137.143875,103.2,33.943875,3.3249999999999997,1,1
1775926876.35009,2026-04-11T19:01:16.350090,137.2349375,103.19,34.0449375,3.4625,1,1
1775926877.904501,2026-04-11T19:01:17.904501,135.45387499999998,101.72,33.733875,3.039285714285714,0,1
1775926879.533935,2026-04-11T19:01:19.533935,137.650125,103.68,33.970125,3.3607142857142853,1,1
1775926881.014344,2026-04-11T19:01:21.014344,138.6399375,102.39,36.2499375,6.4624999999999995,1,1
1775926882.8474486,2026-04-11T19:01:22.847449,138.66775,104.8,33.86775,3.2214285714285715,1,1
1775926884.3290365,2026-04-11T19:01:24.329036,137.559875,103.7,33.859875,3.210714285714286,1,1
1775926886.0769563,2026-04-11T19:01:26.076956,136.8593125,103.3,33.5593125,2.8017857142857143,1,1
1775926887.5630329,2026-04-11T19:01:27.563033,137.660375,103.58,34.080375000000004,3.5107142857142857,1,1
1775926889.049269,2026-04-11T19:01:29.049269,137.6721875,103.58,34.0921875,3.5267857142857144,1,1
1775926890.5298567,2026-04-11T19:01:30.529857,137.6084375,103.28,34.3284375,3.8482142857142856,1,1
1775926892.0504966,2026-04-11T19:01:32.050497,138.59125,101.92,36.67125,7.035714285714286,0,1
1775926896.41415,2026-04-11T19:01:36.414150,139.420125,105.24000000000001,34.180125,3.6464285714285714,1,1
1775926897.939623,2026-04-11T19:01:37.939623,137.7491875,103.3,34.4491875,4.0125,1,1
1775926899.441634,2026-04-11T19:01:39.441634,137.45775,103.59,33.86775,3.2214285714285715,1,1
1775926900.95978,2026-04-11T19:01:40.959780,137.1369375,103.47,33.6669375,2.9482142857142857,1,1
1775926902.4748569,2026-04-11T19:01:42.474857,138.89218749999998,102.49,36.4021875,6.669642857142857,0,1
1775926906.991657,2026-04-11T19:01:46.991657,137.71625,103.88,33.83625,3.1785714285714284,1,1
1775926908.4908655,2026-04-11T19:01:48.490865,138.2359375,102.91,35.3259375,5.205357142857143,1,1
1775926910.3319356,2026-04-11T19:01:50.331936,136.596375,102.6,33.996375,3.3964285714285714,1,1
1775926911.8252542,2026-04-11T19:01:51.825254,137.7808125,103.98,33.8008125,3.130357142857143,1,1
1775926913.3083072,2026-04-11T19:01:53.308307,137.0121875,102.71000000000001,34.3021875,3.8125,0,1
1775926914.8220968,2026-04-11T19:01:54.822097,137.2923125,103.67,33.6223125,2.8874999999999997,1,1
1775926916.3083823,2026-04-11T19:01:56.308382,148.45862499999998,102.97,45.488625,19.032142857142855,0,1
1775926917.9042604,2026-04-11T19:01:57.904260,137.6005,103.57,34.0305,3.442857142857143,1,1
1775926919.415624,2026-04-11T19:01:59.415624,140.632375,105.03999999999999,35.592375000000004,5.567857142857143,1,1
1775926921.1106005,2026-04-11T19:02:01.110600,137.5871875,103.39,34.1971875,3.669642857142857,1,1
1775926922.586047,2026-04-11T19:02:02.586047,136.1991875,102.8,33.3991875,2.5839285714285714,1,1
1775926924.0607393,2026-04-11T19:02:04.060739,137.31437499999998,103.57,33.744375,3.0535714285714284,0,1
1775926925.5438004,2026-04-11T19:02:05.543800,136.3609375,102.61,33.7509375,3.0625,1,1
1775926927.0513663,2026-04-11T19:02:07.051366,150.74962499999998,103.77,46.979625,21.060714285714287,0,1
1775926928.6381588,2026-04-11T19:02:08.638159,137.6794375,103.96000000000001,33.7194375,3.019642857142857,1,1
1775926930.1675,2026-04-11T19:02:10.167500,140.225625,102.99000000000001,37.235625,7.803571428571429,1,1
1775926931.8831124,2026-04-11T19:02:11.883112,136.867375,103.48,33.387375,2.567857142857143,1,1
1775926933.387142,2026-04-11T19:02:13.387142,137.931375,104.46,33.471375,2.682142857142857,1,1
1775926934.882581,2026-04-11T19:02:14.882581,138.2755625,104.27,34.0055625,3.4089285714285715,1,1
1775926936.4072895,2026-04-11T19:02:16.407290,137.3719375,103.39,33.9819375,3.376785714285714,1,1
1775926937.9491045,2026-04-11T19:02:17.949105,140.410875,103.59,36.820875,7.239285714285714,0,1
1775926942.4781916,2026-04-11T19:02:22.478192,139.7175,105.54,34.1775,3.642857142857143,1,1
1775926943.9990697,2026-04-11T19:02:23.999070,147.47675,102.71000000000001,44.76675,18.05,1,1
1775926945.6482623,2026-04-11T19:02:25.648262,138.2798125,104.08,34.1998125,3.6732142857142853,1,1
1775926947.1351612,2026-04-11T19:02:27.135161,136.291375,102.39999999999999,33.891375,3.2535714285714286,1,1
1775926948.6582165,2026-04-11T19:02:28.658216,137.207875,103.39,33.817875,3.1535714285714285,0,1
1775926950.1421535,2026-04-11T19:02:30.142154,136.4146875,102.48,33.9346875,3.3125,1,1
1775926951.6535428,2026-04-11T19:02:31.653543,149.436125,102.32000000000001,47.116125,21.24642857142857,0,1
1775926953.4509058,2026-04-11T19:02:33.450906,138.01431250000002,104.56,33.4543125,2.6589285714285715,1,1
1775926954.9411721,2026-04-11T19:02:34.941172,139.7441875,103.3,36.4441875,6.726785714285714,1,1
1775926956.544281,2026-04-11T19:02:36.544281,137.74775,103.88,33.86775,3.2214285714285715,1,1
1775926958.0270267,2026-04-11T19:02:38.027027,137.37675000000002,103.32000000000001,34.05675,3.4785714285714286,1,1
1775926959.5022552,2026-04-11T19:02:39.502255,136.81787500000002,103.0,33.817875,3.1535714285714285,1,1
1775926961.0219364,2026-04-11T19:02:41.021936,136.371375,102.9,33.471375,2.682142857142857,1,1
1775926962.5485559,2026-04-11T19:02:42.548556,139.9286875,103.17999999999999,36.7486875,7.141071428571428,0,1
1775926967.0621042,2026-04-11T19:02:47.062104,138.3936875,104.27,34.1236875,3.569642857142857,1,1
1775926968.549117,2026-04-11T19:02:48.549117,136.69343750000002,102.89,33.8034375,3.1339285714285716,1,1
1775926970.044083,2026-04-11T19:02:50.044083,137.624125,103.78,33.844125,3.189285714285714,0,1
1775926971.5515378,2026-04-11T19:02:51.551538,136.859125,102.91,33.949125,3.332142857142857,1,1
1775926973.0655878,2026-04-11T19:02:53.065588,150.2525,103.37,46.8825,20.928571428571427,0,1
1775926974.6329596,2026-04-11T19:02:54.632960,137.3860625,103.58,33.8060625,3.1374999999999997,1,1
1775926976.126916,2026-04-11T19:02:56.126916,140.6270625,103.86,36.7670625,7.166071428571429,1,1
1775926977.8045068,2026-04-11T19:02:57.804507,137.5808125,103.78,33.8008125,3.130357142857143,1,1
1775926979.349868,2026-04-11T19:02:59.349868,138.800375,105.14,33.660375,2.939285714285714,1,1
1775926980.8624825,2026-04-11T19:03:00.862483,137.233875,103.29,33.943875,3.3249999999999997,1,1
1775926982.3915482,2026-04-11T19:03:02.391548,137.23775,103.58,33.65775,2.935714285714286,1,1
1775926983.9219224,2026-04-11T19:03:03.921922,138.5846875,102.97,35.6146875,5.598214285714286,0,1
1775926985.6032057,2026-04-11T19:03:05.603206,136.0023125,102.8,33.2023125,2.3160714285714286,1,1
1775926987.1155202,2026-04-11T19:03:07.115520,147.8185,103.96,43.8585,16.814285714285713,1,1
1775926988.7986796,2026-04-11T19:03:08.798680,136.1010625,102.4,33.7010625,2.994642857142857,1,1
1775926990.3001258,2026-04-11T19:03:10.300126,138.69774999999998,105.25,33.44775,2.65,1,1
1775926991.7854288,2026-04-11T19:03:11.785429,137.3325625,103.39,33.9425625,3.3232142857142857,1,1
1775926993.2608743,2026-04-11T19:03:13.260874,137.8808125,103.87,34.0108125,3.4160714285714286,1,1
1775926994.7332466,2026-04-11T19:03:14.733247,137.66218750000002,103.78,33.8821875,3.2410714285714284,0,1
1775926996.412188,2026-04-11T19:03:16.412188,137.17112500000002,103.39,33.781125,3.1035714285714286,1,1
1775926997.9052372,2026-04-11T19:03:17.905237,142.32725,105.53,36.79725,7.207142857142857,1,1
1775926999.552201,2026-04-11T19:03:19.552201,138.848,104.66,34.188,3.6571428571428575,1,1
1775927001.0331721,2026-04-11T19:03:21.033172,136.23668750000002,102.89,33.3466875,2.5124999999999997,1,1
1775927002.5543585,2026-04-11T19:03:22.554358,137.798875,104.17,33.628875,2.8964285714285714,1,1
1775927004.0553532,2026-04-11T19:03:24.055353,137.8280625,103.77,34.0580625,3.480357142857143,1,1
1775927005.544065,2026-04-11T19:03:25.544065,137.912125,104.32,33.592125,2.8464285714285715,0,1
1775927007.193444,2026-04-11T19:03:27.193444,136.3021875,102.42,33.8821875,3.2410714285714284,1,1
1775927008.6830223,2026-04-11T19:03:28.683022,137.614125,101.03999999999999,36.574125,6.903571428571429,1,1
1775927010.5083652,2026-04-11T19:03:30.508365,137.78425000000001,103.57000000000001,34.21425,3.692857142857143,1,1
1775927012.0593708,2026-04-11T19:03:32.059371,150.082625,102.62,47.462625,21.717857142857145,0,1
1775927013.8505971,2026-04-11T19:03:33.850597,137.7808125,103.77,34.0108125,3.4160714285714286,1,1
1775927015.3390858,2026-04-11T19:03:35.339086,141.5115625,104.86,36.6515625,7.008928571428571,1,1
1775927017.3288417,2026-04-11T19:03:37.328842,140.2769375,106.4,33.8769375,3.2339285714285713,1,1
1775927018.8601482,2026-04-11T19:03:38.860148,139.898625,103.65,36.248625000000004,6.460714285714286,1,1
1775927020.8040402,2026-04-11T19:03:40.804040,137.1590625,103.29,33.8690625,3.2232142857142856,1,1
1775927022.3084707,2026-04-11T19:03:42.308471,140.746,104.08,36.666000000000004,7.028571428571429,1,1
1775927024.1701033,2026-04-11T19:03:44.170103,137.8255,103.69,34.1355,3.585714285714286,1,1
1775927025.7241302,2026-04-11T19:03:45.724130,138.0106875,104.16,33.8506875,3.1982142857142857,1,1
1775927027.20695,2026-04-11T19:03:47.206950,136.8483125,102.89,33.9583125,3.3446428571428575,1,1
1775927028.7082326,2026-04-11T19:03:48.708233,137.7443125,103.87,33.8743125,3.230357142857143,1,1
1775927030.2600083,2026-04-11T19:03:50.260008,135.59581250000002,101.9,33.6958125,2.9875000000000003,0,1
1775927031.848448,2026-04-11T19:03:51.848448,136.47637500000002,102.9,33.576375,2.8249999999999997,1,1
1775927033.3412073,2026-04-11T19:03:53.341207,141.672,105.72,35.952,6.057142857142857,1,1
1775927035.1255786,2026-04-11T19:03:55.125579,138.0886875,104.28,33.8086875,3.1410714285714287,1,1
1775927036.6501968,2026-04-11T19:03:56.650197,137.720125,104.17,33.550125,2.789285714285714,1,1
1775927038.161689,2026-04-11T19:03:58.161689,138.49875,105.03,33.46875,2.6785714285714284,1,1
1775927039.6634889,2026-04-11T19:03:59.663489,137.02775,103.58,33.44775,2.65,1,1
1775927041.154714,2026-04-11T19:04:01.154714,137.8144375,103.78,34.0344375,3.4482142857142857,0,1
1775927042.7086926,2026-04-11T19:04:02.708693,137.2068125,103.28,33.9268125,3.3017857142857143,1,1
1775927044.1935976,2026-04-11T19:04:04.193598,139.713125,103.37,36.343125,6.589285714285714,1,1
1775927046.0963924,2026-04-11T19:04:06.096392,137.9105,103.88,34.0305,3.442857142857143,1,1
1775927047.6066875,2026-04-11T19:04:07.606688,140.106,105.54,34.566,4.171428571428572,1,1
1775927049.355118,2026-04-11T19:04:09.355118,137.573625,104.16,33.413625,2.6035714285714286,1,1
1775927050.8753173,2026-04-11T19:04:10.875317,136.966375,103.39,33.576375,2.8249999999999997,1,1
1775927052.3929954,2026-04-11T19:04:12.392995,137.18125,103.66,33.52125,2.75,1,1
1775927053.9028623,2026-04-11T19:04:13.902862,136.5086875,102.7,33.8086875,3.1410714285714287,1,1
1775927055.4529672,2026-04-11T19:04:15.452967,139.83625,103.48,36.35625,6.607142857142857,0,1
1775927059.9121673,2026-04-11T19:04:19.912167,137.46112499999998,103.47,33.991125,3.3892857142857147,1,1
1775927061.4258296,2026-04-11T19:04:21.425830,137.608125,103.68,33.928125,3.3035714285714284,1,1
1775927062.9241436,2026-04-11T19:04:22.924144,137.1006875,103.46,33.6406875,2.9125,1,1
1775927064.4498878,2026-04-11T19:04:24.449888,137.2698125,103.49,33.7798125,3.101785714285714,1,1
1775927065.9221783,2026-04-11T19:04:25.922178,147.90525,103.17,44.73525,18.007142857142856,0,1
1775927067.5457914,2026-04-11T19:04:27.545791,136.3958125,102.7,33.6958125,2.9875000000000003,1,1
1775927069.0349107,2026-04-11T19:04:29.034911,136.4469375,102.99,33.4569375,2.6625,1,1
1775927070.4935944,2026-04-11T19:04:30.493594,138.1875625,104.56,33.627562499999996,2.894642857142857,1,1
1775927072.0117512,2026-04-11T19:04:32.011751,137.279,103.49,33.789,3.1142857142857143,1,1
1775927073.5160177,2026-04-11T19:04:33.516018,139.0031875,103.0,36.0031875,6.126785714285715,0,1
1775927075.1801689,2026-04-11T19:04:35.180169,137.0204375,103.49000000000001,33.5304375,2.7624999999999997,1,1
1775927076.6611862,2026-04-11T19:04:36.661186,140.9756875,105.13,35.8456875,5.9125000000000005,1,1
1775927078.3938668,2026-04-11T19:04:38.393867,138.27525,104.46000000000001,33.81525,3.15,1,1
1775927079.9443567,2026-04-11T19:04:39.944357,136.874,103.19,33.684,2.9714285714285715,1,1
1775927081.42163,2026-04-11T19:04:41.421630,138.31743749999998,104.85,33.4674375,2.6767857142857143,1,1
1775927082.9513862,2026-04-11T19:04:42.951386,136.94356249999998,103.19,33.7535625,3.0660714285714286,1,1
1775927084.5243666,2026-04-11T19:04:44.524367,138.97118749999998,102.8,36.1711875,6.355357142857143,0,1
1775927088.9516408,2026-04-11T19:04:48.951641,137.1580625,103.1,34.0580625,3.480357142857143,1,1
1775927090.46923,2026-04-11T19:04:50.469230,136.5315,102.69,33.8415,3.185714285714286,1,1
1775927091.9672458,2026-04-11T19:04:51.967246,136.4091875,102.8,33.6091875,2.869642857142857,1,1
1775927093.475226,2026-04-11T19:04:53.475226,136.66981249999998,103.1,33.5698125,2.8160714285714286,1,1
1775927094.9868593,2026-04-11T19:04:54.986859,147.382375,103.17999999999999,44.202374999999996,17.282142857142855,0,1
1775927096.6271782,2026-04-11T19:04:56.627178,137.2495625,103.79,33.4595625,2.6660714285714286,1,1
1775927098.1805797,2026-04-11T19:04:58.180580,140.41,104.08,36.33,6.571428571428571,1,1
1775927100.1537201,2026-04-11T19:05:00.153720,136.251125,102.89,33.361125,2.5321428571428575,1,1
1775927101.637682,2026-04-11T19:05:01.637682,139.4925,102.9,36.5925,6.928571428571429,1,1
1775927103.4824932,2026-04-11T19:05:03.482493,137.1926875,103.09,34.1026875,3.5410714285714286,1,1
1775927104.9653049,2026-04-11T19:05:04.965305,136.2459375,102.6,33.6459375,2.919642857142857,1,1
1775927106.4343696,2026-04-11T19:05:06.434370,136.48193750000002,102.71000000000001,33.7719375,3.0910714285714285,0,1
1775927107.9885988,2026-04-11T19:05:07.988599,136.8356875,103.09,33.7456875,3.055357142857143,1,1
1775927109.533168,2026-04-11T19:05:09.533168,139.17025,102.52,36.65025,7.007142857142858,0,1
1775927111.2241447,2026-04-11T19:05:11.224145,137.8295625,104.16,33.6695625,2.9517857142857147,1,1
1775927112.7136242,2026-04-11T19:05:12.713624,141.61237500000001,106.02000000000001,35.592375000000004,5.567857142857143,1,1
1775927114.7229307,2026-04-11T19:05:14.722931,138.330125,104.36,33.970125,3.3607142857142853,1,1
1775927116.215641,2026-04-11T19:05:16.215641,147.2801875,103.57,43.7101875,16.6125,1,1
1775927117.6354363,2026-04-11T19:05:17.635436,137.8356875,103.67,34.1656875,3.626785714285714,1,1
1775927119.1232812,2026-04-11T19:05:19.123281,137.3008125,103.29,34.0108125,3.4160714285714286,1,1
1775927120.673571,2026-04-11T19:05:20.673571,138.6786875,102.56,36.1186875,6.283928571428571,0,1
1775927125.197154,2026-04-11T19:05:25.197154,136.88,103.07,33.81,3.142857142857143,1,1
1775927126.706438,2026-04-11T19:05:26.706438,136.4418125,102.41,34.0318125,3.444642857142857,1,1
1775927128.1886344,2026-04-11T19:05:28.188634,136.63887499999998,102.8,33.838875,3.182142857142857,0,1
1775927129.6730585,2026-04-11T19:05:29.673059,137.685125,103.4,34.285125,3.789285714285714,1,1
1775927131.163469,2026-04-11T19:05:31.163469,143.2979375,102.68,40.6179375,12.405357142857142,0,1
1775927132.7872212,2026-04-11T19:05:32.787221,137.55175,103.39,34.16175,3.6214285714285714,1,1
1775927134.2769854,2026-04-11T19:05:34.276985,148.60231249999998,104.27,44.3323125,17.45892857142857,1,1
1775927135.9332592,2026-04-11T19:05:35.933259,137.165375,102.98,34.185375,3.6535714285714285,1,1
1775927137.4169483,2026-04-11T19:05:37.416948,138.08525,104.27,33.81525,3.15,1,1
1775927138.9077647,2026-04-11T19:05:38.907765,137.55543749999998,103.28999999999999,34.2654375,3.7624999999999997,0,1
1775927140.3996835,2026-04-11T19:05:40.399683,137.6810625,103.56,34.1210625,3.5660714285714286,1,1
1775927141.8898578,2026-04-11T19:05:41.889858,148.8814375,102.52000000000001,46.3614375,20.219642857142855,0,1
1775927143.670421,2026-04-11T19:05:43.670421,138.9508125,105.15,33.8008125,3.130357142857143,1,1
1775927145.1725962,2026-04-11T19:05:45.172596,139.1875,102.7,36.4875,6.785714285714286,1,1
1775927146.9004338,2026-04-11T19:05:46.900434,137.857,103.48,34.377,3.914285714285714,1,1
1775927148.4417703,2026-04-11T19:05:48.441770,137.1194375,103.19,33.9294375,3.305357142857143,1,1
1775927149.9889765,2026-04-11T19:05:49.988976,137.4483125,103.28,34.1683125,3.630357142857143,1,1
1775927151.5221777,2026-04-11T19:05:51.522178,139.088875,105.25,33.838875,3.182142857142857,1,1
1775927153.008025,2026-04-11T19:05:53.008025,134.76068750000002,101.12,33.6406875,2.9125,0,1
1775927154.6071086,2026-04-11T19:05:54.607109,136.8615,102.60000000000001,34.2615,3.757142857142857,1,1
1775927156.135689,2026-04-11T19:05:56.135689,148.5135625,101.95,46.5635625,20.494642857142857,0,1
1775927157.9835246,2026-04-11T19:05:57.983525,137.1858125,103.49,33.6958125,2.9875000000000003,1,1
1775927159.4671347,2026-04-11T19:05:59.467135,139.03175,102.77,36.26175,6.478571428571429,1,1
1775927161.0880527,2026-04-11T19:06:01.088053,138.2405625,104.55,33.6905625,2.980357142857143,1,1
1775927162.6072884,2026-04-11T19:06:02.607288,137.1606875,103.52,33.6406875,2.9125,1,1
1775927164.0989,2026-04-11T19:06:04.098900,137.97525000000002,104.37,33.60525,2.8642857142857143,1,1
1775927165.580046,2026-04-11T19:06:05.580046,137.0343125,103.37,33.6643125,2.944642857142857,1,1
1775927167.0915823,2026-04-11T19:06:07.091582,138.4796875,101.71000000000001,36.7696875,7.169642857142857,0,1
1775927171.6174252,2026-04-11T19:06:11.617425,137.11,103.09,34.019999999999996,3.4285714285714284,1,1
1775927173.1187413,2026-04-11T19:06:13.118741,137.0569375,103.17999999999999,33.8769375,3.2339285714285713,1,1
1775927174.602528,2026-04-11T19:06:14.602528,136.0991875,102.7,33.3991875,2.5839285714285714,1,1
1775927176.0981758,2026-04-11T19:06:16.098176,137.91693750000002,104.25,33.6669375,2.9482142857142857,1,1
1775927177.5904498,2026-04-11T19:06:17.590450,147.50912499999998,102.22,45.289125,18.760714285714283,0,1
1775927179.3686337,2026-04-11T19:06:19.368634,136.53075,102.60000000000001,33.93075,3.307142857142857,1,1
1775927180.852664,2026-04-11T19:06:20.852664,149.953375,105.94,44.013374999999996,17.025,1,1
1775927182.4705834,2026-04-11T19:06:22.470583,137.808875,103.76,34.048875,3.4678571428571425,1,1
1775927183.966372,2026-04-11T19:06:23.966372,137.4394375,103.3,34.1394375,3.5910714285714285,1,1
1775927185.4541593,2026-04-11T19:06:25.454159,137.6795625,103.59,34.0895625,3.523214285714286,0,1
1775927186.9499865,2026-04-11T19:06:26.949986,137.0094375,103.29,33.7194375,3.019642857142857,1,1
1775927188.4303627,2026-04-11T19:06:28.430363,147.9128125,103.57,44.3428125,17.473214285714285,0,1
1775927190.0612798,2026-04-11T19:06:30.061280,136.4134375,102.61,33.8034375,3.1339285714285716,1,1
1775927191.5461955,2026-04-11T19:06:31.546196,138.387625,103.0,35.387625,5.289285714285714,1,1
1775927193.3303406,2026-04-11T19:06:33.330341,138.5708125,104.56,34.0108125,3.4160714285714286,1,1
1775927194.8308096,2026-04-11T19:06:34.830810,137.450375,103.58,33.870375,3.225,1,1
1775927196.3274755,2026-04-11T19:06:36.327476,140.467875,106.02,34.447874999999996,4.010714285714285,0,1
1775927197.8079076,2026-04-11T19:06:37.807908,137.0734375,103.27,33.8034375,3.1339285714285716,1,1
1775927199.295769,2026-04-11T19:06:39.295769,149.22075,103.95,45.27075000000001,18.735714285714288,0,1
1775927200.9070857,2026-04-11T19:06:40.907086,139.17624999999998,105.13,34.04625,3.4642857142857144,1,1
1775927202.4200892,2026-04-11T19:06:42.420089,149.2918125,101.61,47.6818125,22.01607142857143,0,1
1775927204.3056037,2026-04-11T19:06:44.305604,138.349375,104.08,34.269375,3.767857142857143,1,1
1775927205.7853818,2026-04-11T19:06:45.785382,140.7530625,103.86,36.8930625,7.3374999999999995,1,1
1775927207.4815333,2026-04-11T19:06:47.481533,137.5369375,103.66,33.8769375,3.2339285714285713,1,1
1775927209.0035403,2026-04-11T19:06:49.003540,136.7446875,103.23,33.5146875,2.7410714285714284,1,1
1775927210.4586606,2026-04-11T19:06:50.458661,136.4365,102.28,34.1565,3.6142857142857143,1,1
1775927211.9836977,2026-04-11T19:06:51.983698,137.5941875,103.88,33.7141875,3.0124999999999997,1,1
1775927213.4990294,2026-04-11T19:06:53.499029,140.318,101.93,38.388,9.37142857142857,0,1
1775927215.1030788,2026-04-11T19:06:55.103079,137.1270625,103.3,33.8270625,3.1660714285714286,1,1
1775927216.5774918,2026-04-11T19:06:56.577492,138.6148125,102.42,36.1948125,6.3875,1,1
1775927218.4146442,2026-04-11T19:06:58.414644,137.149,103.57,33.579,2.8285714285714287,1,1
1775927219.9025607,2026-04-11T19:06:59.902561,141.774,106.62,35.153999999999996,4.971428571428571,1,1
1775927221.6601853,2026-04-11T19:07:01.660185,136.8175625,103.19,33.627562499999996,2.894642857142857,1,1
1775927223.1594265,2026-04-11T19:07:03.159426,137.54424999999998,103.96,33.58425,2.835714285714286,1,1
1775927224.662988,2026-04-11T19:07:04.662988,137.73175,103.78,33.95175,3.335714285714286,1,1
1775927226.148006,2026-04-11T19:07:06.148006,136.6225,102.97,33.6525,2.9285714285714284,1,1
1775927227.6326044,2026-04-11T19:07:07.632604,149.8803125,103.49000000000001,46.3903125,20.258928571428573,0,1
1775927229.1868181,2026-04-11T19:07:09.186818,137.303625,103.68,33.623625000000004,2.8892857142857147,1,1
1775927230.732482,2026-04-11T19:07:10.732482,140.921375,105.14,35.781375,5.825,1,1
1775927232.407967,2026-04-11T19:07:12.407967,137.52675,103.68,33.84675,3.1928571428571426,1,1
1775927233.911677,2026-04-11T19:07:13.911677,136.0898125,102.52,33.5698125,2.8160714285714286,1,1
1775927235.4021578,2026-04-11T19:07:15.402158,138.53356250000002,104.36,34.1735625,3.6374999999999997,0,1
1775927236.8832479,2026-04-11T19:07:16.883248,138.8933125,104.83,34.0633125,3.4875000000000003,1,1
1775927238.4129517,2026-04-11T19:07:18.412952,148.3055625,102.33,45.975562499999995,19.694642857142856,0,1
1775927240.2318532,2026-04-11T19:07:20.231853,137.554375,103.60000000000001,33.954375,3.3392857142857144,1,1
1775927241.7677116,2026-04-11T19:07:21.767712,142.402,106.03,36.372,6.628571428571428,1,1
1775927243.518551,2026-04-11T19:07:23.518551,136.6645625,103.1,33.5645625,2.8089285714285714,1,1
1775927245.070265,2026-04-11T19:07:25.070265,137.0774375,102.98,34.0974375,3.5339285714285715,1,1
1775927246.5540452,2026-04-11T19:07:26.554045,136.322875,102.61,33.712875,3.0107142857142857,0,1
1775927248.0377927,2026-04-11T19:07:28.037793,137.19343750000002,103.39,33.8034375,3.1339285714285716,1,1
1775927249.537385,2026-04-11T19:07:29.537385,149.0889375,103.2,45.8889375,19.576785714285712,0,1
1775927251.2848628,2026-04-11T19:07:31.284863,136.5819375,102.81,33.7719375,3.0910714285714285,1,1
1775927252.7647312,2026-04-11T19:07:32.764731,139.275625,103.09,36.185625,6.375,1,1
1775927254.4932578,2026-04-11T19:07:34.493258,136.6545625,103.3,33.3545625,2.523214285714286,1,1
1775927256.0075946,2026-04-11T19:07:36.007595,137.9285625,104.07,33.8585625,3.2089285714285714,1,1
1775927257.4716258,2026-04-11T19:07:37.471626,137.1874375,103.09,34.0974375,3.5339285714285715,1,1
1775927258.965247,2026-04-11T19:07:38.965247,141.1160625,106.89,34.2260625,3.7089285714285714,1,1
1775927260.5317118,2026-04-11T19:07:40.531712,140.9405625,103.68,37.2605625,7.8374999999999995,0,1
1775927264.8975632,2026-04-11T19:07:44.897563,137.3031875,103.19,34.1131875,3.555357142857143,1,1
1775927266.404448,2026-04-11T19:07:46.404448,138.052375,104.56,33.492375,2.710714285714286,1,1
1775927267.867811,2026-04-11T19:07:47.867811,137.344875,103.59,33.754875,3.067857142857143,1,1
1775927269.4118373,2026-04-11T19:07:49.411837,138.477625,104.56,33.917625,3.289285714285714,1,1
1775927270.9310546,2026-04-11T19:07:50.931055,137.24906249999998,103.38,33.8690625,3.2232142857142856,0,1
1775927272.4505577,2026-04-11T19:07:52.450558,138.437375,105.05,33.387375,2.567857142857143,1,1
1775927273.9409046,2026-04-11T19:07:53.940905,142.5774375,104.07000000000001,38.5074375,9.533928571428572,1,1
1775927275.7592318,2026-04-11T19:07:55.759232,135.34412500000002,101.92,33.424125000000004,2.617857142857143,1,1
1775927277.2710915,2026-04-11T19:07:57.271091,136.74525,102.93,33.81525,3.15,1,1
1775927278.7451339,2026-04-11T19:07:58.745134,137.695125,103.41,34.285125,3.789285714285714,1,1
1775927280.2646136,2026-04-11T19:08:00.264614,137.3233125,103.89,33.4333125,2.630357142857143,1,1
1775927281.781852,2026-04-11T19:08:01.781852,150.19512500000002,102.89,47.305125000000004,21.50357142857143,0,1
1775927283.5494275,2026-04-11T19:08:03.549428,136.923875,103.19,33.733875,3.039285714285714,1,1
1775927285.0549881,2026-04-11T19:08:05.054988,138.498625,103.09,35.408625,5.317857142857143,1,1
1775927286.859487,2026-04-11T19:08:06.859487,136.9994375,103.28,33.7194375,3.019642857142857,1,1
1775927288.341332,2026-04-11T19:08:08.341332,136.04706249999998,102.22,33.8270625,3.1660714285714286,1,1
1775927289.8166292,2026-04-11T19:08:09.816629,137.9760625,104.17,33.8060625,3.1374999999999997,0,1
1775927291.2988176,2026-04-11T19:08:11.298818,137.376375,103.38,33.996375,3.3964285714285714,1,1
1775927292.8163807,2026-04-11T19:08:12.816381,150.553,103.66,46.893,20.942857142857143,0,1
1775927294.5616758,2026-04-11T19:08:14.561676,136.5094375,103.0,33.5094375,2.7339285714285713,1,1
1775927296.0665917,2026-04-11T19:08:16.066592,138.5546875,102.52,36.0346875,6.169642857142857,1,1
1775927297.6950989,2026-04-11T19:08:17.695099,137.3843125,103.3,34.0843125,3.5160714285714287,1,1
1775927299.1848822,2026-04-11T19:08:19.184882,136.376375,102.8,33.576375,2.8249999999999997,1,1
1775927300.7050269,2026-04-11T19:08:20.705027,137.1131875,103.0,34.1131875,3.555357142857143,1,1
1775927302.2398407,2026-04-11T19:08:22.239841,138.4023125,104.36,34.0423125,3.4589285714285714,1,1
1775927303.7270968,2026-04-11T19:08:23.727097,149.888125,102.31,47.578125,21.875,0,1
1775927305.3038983,2026-04-11T19:08:25.303898,137.1146875,103.39,33.7246875,3.0267857142857144,1,1
1775927306.78021,2026-04-11T19:08:26.780210,138.94774999999998,102.77,36.17775,6.364285714285714,1,1
1775927308.415313,2026-04-11T19:08:28.415313,137.49425,103.7,33.79425,3.1214285714285714,1,1
1775927309.9708698,2026-04-11T19:08:29.970870,136.739375,103.10000000000001,33.639375,2.9107142857142856,1,1
1775927311.4336696,2026-04-11T19:08:31.433670,137.5165,103.78,33.7365,3.042857142857143,1,1
1775927312.917429,2026-04-11T19:08:32.917429,136.9070625,103.08,33.8270625,3.1660714285714286,1,1
1775927314.3968441,2026-04-11T19:08:34.396844,135.662625,101.43,34.232625,3.7178571428571425,0,1
1775927315.9623919,2026-04-11T19:08:35.962392,136.001875,102.31,33.691875,2.982142857142857,1,1
1775927317.436173,2026-04-11T19:08:37.436173,137.9585625,102.42,35.5385625,5.494642857142857,1,1
1775927319.2274537,2026-04-11T19:08:39.227454,137.23175,103.28,33.95175,3.335714285714286,1,1
1775927320.7184494,2026-04-11T19:08:40.718449,140.12981249999999,104.46,35.6698125,5.673214285714286,1,1
1775927322.5537229,2026-04-11T19:08:42.553723,137.664,103.77,33.894,3.257142857142857,1,1
1775927324.050577,2026-04-11T19:08:44.050577,137.0998125,102.9,34.1998125,3.6732142857142853,1,1
1775927325.5411096,2026-04-11T19:08:45.541110,139.336625,105.44,33.896625,3.2607142857142857,1,1
1775927327.0171301,2026-04-11T19:08:47.017130,137.8095625,104.35,33.4595625,2.6660714285714286,1,1
1775927328.5245738,2026-04-11T19:08:48.524574,148.24256250000002,102.12,46.1225625,19.894642857142856,0,1
1775927330.273334,2026-04-11T19:08:50.273334,139.09862500000003,104.74000000000001,34.358625,3.8892857142857147,1,1
1775927331.7846305,2026-04-11T19:08:51.784631,138.97725,102.17999999999999,36.79725,7.207142857142857,1,1
1775927333.6500497,2026-04-11T19:08:53.650050,136.4480625,102.81,33.638062500000004,2.9089285714285715,1,1
1775927335.1340003,2026-04-11T19:08:55.134000,139.8959375,104.15,35.7459375,5.776785714285714,1,1
1775927336.9360733,2026-04-11T19:08:56.936073,137.9685625,103.89999999999999,34.0685625,3.494642857142857,1,1
1775927338.4530172,2026-04-11T19:08:58.453017,138.115875,103.28999999999999,34.825875,4.525,1,1
1775927340.2236338,2026-04-11T19:09:00.223634,136.3244375,102.92,33.4044375,2.5910714285714285,1,1
1775927341.732334,2026-04-11T19:09:01.732334,137.08056249999998,103.39,33.6905625,2.980357142857143,1,1
1775927343.258144,2026-04-11T19:09:03.258144,139.3315,103.18,36.1515,6.328571428571428,0,1
1775927347.586777,2026-04-11T19:09:07.586777,137.7144375,103.68,34.0344375,3.4482142857142857,1,1
1775927349.0710523,2026-04-11T19:09:09.071052,138.8721875,104.36,34.5121875,4.098214285714286,1,1
1775927350.581846,2026-04-11T19:09:10.581846,138.1958125,104.08,34.1158125,3.5589285714285714,1,1
1775927352.115102,2026-04-11T19:09:12.115102,139.115625,105.03,34.085625,3.517857142857143,1,1
1775927353.644562,2026-04-11T19:09:13.644562,136.8495625,103.17999999999999,33.6695625,2.9517857142857147,0,1
1775927355.2847407,2026-04-11T19:09:15.284741,137.6046875,103.88,33.7246875,3.0267857142857144,1,1
1775927356.7624955,2026-04-11T19:09:16.762496,138.0229375,102.13,35.8929375,5.976785714285714,1,1
1775927358.6317227,2026-04-11T19:09:18.631723,137.7186875,103.49,34.2286875,3.7125,1,1
1775927360.1776242,2026-04-11T19:09:20.177624,140.33187500000003,103.49000000000001,36.841875,7.267857142857143,1,1
1775927362.0725951,2026-04-11T19:09:22.072595,136.9105,103.09,33.8205,3.1571428571428575,1,1
1775927363.5787482,2026-04-11T19:09:23.578748,137.46675,103.41,34.05675,3.4785714285714286,1,1
1775927365.0669568,2026-04-11T19:09:25.066957,137.088,102.69,34.397999999999996,3.9428571428571426,1,1
1775927366.5798144,2026-04-11T19:09:26.579814,137.191,103.78,33.411,2.6,1,1
1775927368.090099,2026-04-11T19:09:28.090099,136.2989375,102.8,33.4989375,2.7196428571428575,0,1
1775927369.719269,2026-04-11T19:09:29.719269,137.08025,103.58,33.50025,2.7214285714285715,1,1
1775927371.1963334,2026-04-11T19:09:31.196333,148.2408125,104.15,44.0908125,17.130357142857143,1,1
1775927372.622164,2026-04-11T19:09:32.622164,137.429125,103.69,33.739125,3.0464285714285713,1,1
1775927374.116253,2026-04-11T19:09:34.116253,138.6870625,104.64999999999999,34.0370625,3.4517857142857147,1,1
1775927375.6216667,2026-04-11T19:09:35.621667,140.0295625,104.05,35.9795625,6.0946428571428575,0,1
1775927377.3207433,2026-04-11T19:09:37.320743,137.1858125,103.49000000000001,33.6958125,2.9875000000000003,1,1
1775927378.7941833,2026-04-11T19:09:38.794183,139.318375,103.39,35.928375,6.0249999999999995,1,1
1775927380.2255843,2026-04-11T19:09:40.225584,137.2020625,103.48,33.7220625,3.023214285714286,1,1
1775927381.7399457,2026-04-11T19:09:41.739946,136.845125,103.19,33.655125,2.932142857142857,1,1
1775927383.2539425,2026-04-11T19:09:43.253942,138.99224999999998,102.50999999999999,36.48225,6.778571428571429,0,1
1775927387.6792057,2026-04-11T19:09:47.679206,137.3223125,103.28,34.0423125,3.4589285714285714,1,1
1775927389.1928499,2026-04-11T19:09:49.192850,137.58275,103.19,34.39275,3.935714285714286,1,1
1775927390.7051132,2026-04-11T19:09:50.705113,137.307625,103.39,33.917625,3.289285714285714,1,1
1775927392.217805,2026-04-11T19:09:52.217805,138.4846875,104.55,33.9346875,3.3125,1,1
1775927393.7361772,2026-04-11T19:09:53.736177,136.6625,102.8,33.8625,3.2142857142857144,0,1
1775927395.3417547,2026-04-11T19:09:55.341755,137.2584375,103.56,33.6984375,2.9910714285714284,1,1
1775927396.8611057,2026-04-11T19:09:56.861106,137.1365,101.51,35.6265,5.614285714285714,1,1
1775927398.4276135,2026-04-11T19:09:58.427613,137.0985625,102.61,34.4885625,4.066071428571428,1,1
1775927399.934695,2026-04-11T19:09:59.934695,138.471375,104.37,34.101375,3.539285714285714,1,1
1775927401.4444797,2026-04-11T19:10:01.444480,137.288,103.1,34.188,3.6571428571428575,1,1
1775927402.9739745,2026-04-11T19:10:02.973974,138.4836875,104.36,34.1236875,3.569642857142857,1,1
1775927404.4882622,2026-04-11T19:10:04.488262,149.0035,101.89,47.1135,21.24285714285714,0,1
1775927406.044641,2026-04-11T19:10:06.044641,137.29287499999998,103.58,33.712875,3.0107142857142857,1,1
1775927407.5654678,2026-04-11T19:10:07.565468,138.9625625,102.92,36.0425625,6.180357142857143,1,1
1775927409.4342601,2026-04-11T19:10:09.434260,135.91775,102.47,33.44775,2.65,1,1
1775927410.9217122,2026-04-11T19:10:10.921712,137.0816875,103.0,34.0816875,3.5124999999999997,1,1
1775927412.6377873,2026-04-11T19:10:12.637787,136.7533125,102.9,33.8533125,3.2017857142857147,1,1
1775927414.1851575,2026-04-11T19:10:14.185158,137.7315,103.68,34.0515,3.4714285714285715,1,1
1775927415.679518,2026-04-11T19:10:15.679518,139.494125,105.44,34.054125,3.475,1,1
1775927417.2067385,2026-04-11T19:10:17.206738,139.175125,105.31,33.865125,3.2178571428571425,1,1
1775927418.7322848,2026-04-11T19:10:18.732285,138.312875,102.5,35.812875,5.867857142857143,0,1
1775927423.0956008,2026-04-11T19:10:23.095601,136.887625,103.18,33.707625,3.0035714285714286,1,1
1775927424.5797071,2026-04-11T19:10:24.579707,137.626375,104.26,33.366375,2.539285714285714,1,1
1775927426.1416888,2026-04-11T19:10:26.141689,137.1031875,103.2,33.9031875,3.269642857142857,1,1
1775927427.629524,2026-04-11T19:10:27.629524,137.5130625,103.98,33.5330625,2.7660714285714287,1,1
1775927429.1182764,2026-04-11T19:10:29.118276,135.7081875,102.12,33.588187500000004,2.8410714285714285,0,1
1775927430.6946878,2026-04-11T19:10:30.694688,138.78831250000002,105.04,33.7483125,3.0589285714285714,1,1
1775927432.2555494,2026-04-11T19:10:32.255549,148.216875,101.82,46.396875,20.267857142857142,0,1
1775927434.093357,2026-04-11T19:10:34.093357,136.5748125,102.9,33.6748125,2.9589285714285714,1,1
1775927435.6083107,2026-04-11T19:10:35.608311,138.758125,102.31,36.448125,6.732142857142857,1,1
1775927437.3902874,2026-04-11T19:10:37.390287,138.992875,104.65,34.342875,3.867857142857143,1,1
1775927438.8961134,2026-04-11T19:10:38.896113,139.3785,103.29,36.088499999999996,6.242857142857143,1,1
1775927440.716323,2026-04-11T19:10:40.716323,138.4734375,104.67,33.8034375,3.1339285714285716,1,1
1775927442.2194977,2026-04-11T19:10:42.219498,137.498875,103.87,33.628875,2.8964285714285714,1,1
1775927443.7116487,2026-04-11T19:10:43.711649,136.785375,102.6,34.185375,3.6535714285714285,1,1
1775927445.186359,2026-04-11T19:10:45.186359,137.4645,103.56,33.9045,3.2714285714285714,1,1
1775927446.6661146,2026-04-11T19:10:46.666115,136.3249375,102.28,34.0449375,3.4625,0,1
1775927448.3108299,2026-04-11T19:10:48.310830,137.46325000000002,103.48,33.98325,3.3785714285714286,1,1
1775927449.834638,2026-04-11T19:10:49.834638,151.9428125,104.45,47.4928125,21.758928571428573,0,1
1775927451.692229,2026-04-11T19:10:51.692229,136.0471875,102.69,33.3571875,2.5267857142857144,1,1
1775927453.2041957,2026-04-11T19:10:53.204196,137.27275,101.62,35.65275,5.6499999999999995,1,1
1775927455.0136666,2026-04-11T19:10:55.013667,137.656125,103.77000000000001,33.886125,3.2464285714285714,1,1
1775927456.5214896,2026-04-11T19:10:56.521490,138.2760625,103.0,35.2760625,5.1375,1,1
1775927458.2882688,2026-04-11T19:10:58.288269,136.635375,103.08,33.555375,2.7964285714285713,1,1
1775927459.763763,2026-04-11T19:10:59.763763,137.3075,103.76,33.5475,2.7857142857142856,1,1
1775927461.2789903,2026-04-11T19:11:01.278990,137.7818125,104.17,33.6118125,2.873214285714286,1,1
1775927462.790495,2026-04-11T19:11:02.790495,137.202875,103.49,33.712875,3.0107142857142857,1,1
1775927464.3016016,2026-04-11T19:11:04.301602,135.92525,102.11,33.81525,3.15,0,1
1775927465.9456346,2026-04-11T19:11:05.945635,136.581375,103.11,33.471375,2.682142857142857,1,1
1775927467.4526234,2026-04-11T19:11:07.452623,139.039,102.94,36.099000000000004,6.257142857142857,1,1
1775927469.294499,2026-04-11T19:11:09.294499,138.1409375,103.97,34.1709375,3.6339285714285716,1,1
1775927470.8115947,2026-04-11T19:11:10.811595,138.8783125,104.08,34.7983125,4.4875,1,1
1775927472.5797434,2026-04-11T19:11:12.579743,136.1868125,102.89,33.2968125,2.444642857142857,1,1
1775927474.1001258,2026-04-11T19:11:14.100126,137.7024375,103.28999999999999,34.4124375,3.9625,1,1
1775927475.5937803,2026-04-11T19:11:15.593780,137.01206249999998,103.28999999999999,33.7220625,3.023214285714286,1,1
1775927477.1085432,2026-04-11T19:11:17.108543,137.528875,103.69,33.838875,3.182142857142857,1,1
1775927478.5934498,2026-04-11T19:11:18.593450,136.32625,102.91,33.41625,2.607142857142857,0,1
1775927480.1301556,2026-04-11T19:11:20.130156,137.00900000000001,102.8,34.209,3.685714285714286,1,1
1775927481.6273153,2026-04-11T19:11:21.627315,138.3550625,102.89,35.4650625,5.394642857142857,0,1
1775927483.3159616,2026-04-11T19:11:23.315962,138.22593750000001,104.37,33.8559375,3.205357142857143,1,1
1775927484.8214357,2026-04-11T19:11:24.821436,137.0923125,103.47,33.6223125,2.8874999999999997,1,1
1775927486.5506954,2026-04-11T19:11:26.550695,136.565,103.07,33.495,2.7142857142857144,1,1
1775927488.028747,2026-04-11T19:11:28.028747,150.6315,103.77,46.8615,20.900000000000002,1,1
1775927489.8793583,2026-04-11T19:11:29.879358,136.70525,102.89,33.81525,3.15,1,1
1775927491.3574462,2026-04-11T19:11:31.357446,136.0795625,102.41,33.6695625,2.9517857142857147,1,1
1775927492.854094,2026-04-11T19:11:32.854094,137.4844375,103.66,33.8244375,3.1625,0,1
1775927494.3413525,2026-04-11T19:11:34.341352,137.225125,103.36,33.865125,3.2178571428571425,1,1
1775927495.8564544,2026-04-11T19:11:35.856454,150.23193750000002,103.86,46.3719375,20.23392857142857,0,1
1775927497.4739773,2026-04-11T19:11:37.473977,137.454,103.77,33.684,2.9714285714285715,1,1
1775927498.951156,2026-04-11T19:11:38.951156,140.3065,104.25999999999999,36.0465,6.185714285714285,1,1
1775927500.6292791,2026-04-11T19:11:40.629279,137.11068749999998,103.47,33.6406875,2.9125,1,1
1775927502.112868,2026-04-11T19:11:42.112868,137.43225,103.89,33.54225,2.7785714285714285,1,1
1775927503.6309624,2026-04-11T19:11:43.630962,137.3655625,103.57,33.7955625,3.123214285714286,1,1
1775927505.117126,2026-04-11T19:11:45.117126,136.9555625,103.37,33.5855625,2.8375,1,1
1775927506.5934682,2026-04-11T19:11:46.593468,135.305375,101.33,33.975375,3.367857142857143,0,1
1775927508.2028127,2026-04-11T19:11:48.202813,136.6094375,102.89,33.7194375,3.019642857142857,1,1
1775927509.752662,2026-04-11T19:11:49.752662,138.433,102.88,35.553,5.514285714285714,1,1
1775927511.6803286,2026-04-11T19:11:51.680329,137.9774375,103.88,34.0974375,3.5339285714285715,1,1
1775927513.2212014,2026-04-11T19:11:53.221201,138.697875,102.99,35.707875,5.7250000000000005,1,1
1775927515.037427,2026-04-11T19:11:55.037427,139.44718749999998,105.03999999999999,34.4071875,3.955357142857143,1,1
1775927516.5348854,2026-04-11T19:11:56.534885,137.51625,103.68,33.83625,3.1785714285714284,1,1
1775927518.024588,2026-04-11T19:11:58.024588,137.7960625,103.99000000000001,33.8060625,3.1375,1,1
1775927519.5391593,2026-04-11T19:11:59.539159,136.8269375,103.37,33.4569375,2.6625,1,1
1775927521.048621,2026-04-11T19:12:01.048621,148.9020625,105.52,43.382062499999996,16.166071428571428,0,1
1775927522.7261605,2026-04-11T19:12:02.726161,136.902375,102.99000000000001,33.912375,3.2821428571428575,1,1
1775927524.238189,2026-04-11T19:12:04.238189,138.597875,102.89,35.707875,5.7250000000000005,1,1
1775927525.9986212,2026-04-11T19:12:05.998621,136.33175,102.8,33.53175,2.7642857142857147,1,1
1775927527.485267,2026-04-11T19:12:07.485267,138.1631875,104.05,34.1131875,3.555357142857143,1,1
1775927528.9940367,2026-04-11T19:12:08.994037,136.1948125,102.31,33.8848125,3.244642857142857,1,1
1775927530.5144398,2026-04-11T19:12:10.514440,137.2168125,103.29,33.9268125,3.3017857142857143,1,1
1775927531.9947221,2026-04-11T19:12:11.994722,149.2569375,101.52000000000001,47.736937499999996,22.09107142857143,0,1
1775927533.5192792,2026-04-11T19:12:13.519279,137.239125,103.08,34.159125,3.617857142857143,1,1
1775927535.0319288,2026-04-11T19:12:15.031929,137.9415,102.0,35.9415,6.042857142857143,1,1
1775927536.8496845,2026-04-11T19:12:16.849684,136.692625,103.3,33.392625,2.5749999999999997,1,1
1775927538.3400931,2026-04-11T19:12:18.340093,137.83443749999998,103.38,34.4544375,4.019642857142857,1,1
1775927540.128199,2026-04-11T19:12:20.128199,137.3848125,103.5,33.8848125,3.244642857142857,1,1
1775927541.6112647,2026-04-11T19:12:21.611265,138.2761875,103.67999999999999,34.5961875,4.2125,1,1
1775927543.0918996,2026-04-11T19:12:23.091900,138.257625,104.55,33.707625,3.0035714285714286,1,1
1775927544.5760767,2026-04-11T19:12:24.576077,137.3159375,103.88,33.4359375,2.6339285714285716,1,1
1775927546.1124847,2026-04-11T19:12:26.112485,136.445125,102.58,33.865125,3.2178571428571425,0,1
1775927547.751507,2026-04-11T19:12:27.751507,137.5115,103.67,33.8415,3.185714285714286,1,1
1775927549.3141923,2026-04-11T19:12:29.314192,149.0785625,102.62,46.4585625,20.351785714285715,0,1
1775927551.159176,2026-04-11T19:12:31.159176,137.434375,103.48,33.954375,3.3392857142857144,1,1
1775927552.6399806,2026-04-11T19:12:32.639981,138.5055625,102.82,35.6855625,5.694642857142857,1,1
1775927554.4488733,2026-04-11T19:12:34.448873,136.4934375,102.9,33.5934375,2.8482142857142856,1,1
1775927555.9719107,2026-04-11T19:12:35.971911,137.386375,103.39,33.996375,3.3964285714285714,1,1
1775927557.4641826,2026-04-11T19:12:37.464183,136.85649999999998,102.91,33.9465,3.3285714285714287,0,1
1775927558.9822946,2026-04-11T19:12:38.982295,137.1231875,103.00999999999999,34.1131875,3.555357142857143,1,1
1775927560.4644525,2026-04-11T19:12:40.464453,136.2513125,102.23,34.0213125,3.430357142857143,0,1
1775927562.0644476,2026-04-11T19:12:42.064448,136.1645625,102.6,33.5645625,2.8089285714285714,1,1
1775927563.5878737,2026-04-11T19:12:43.587874,139.720875,102.69,37.030875,7.5249999999999995,1,1
1775927565.3626554,2026-04-11T19:12:45.362655,138.173,103.88,34.293,3.8000000000000003,1,1
1775927566.9403453,2026-04-11T19:12:46.940345,149.22956250000001,102.12,47.1095625,21.2375,0,1
1775927568.8143244,2026-04-11T19:12:48.814324,137.341125,103.56,33.781125,3.1035714285714286,1,1
1775927570.3509612,2026-04-11T19:12:50.350961,138.1619375,102.28999999999999,35.8719375,5.948214285714286,1,1
1775927572.1722348,2026-04-11T19:12:52.172235,138.0396875,103.58,34.4596875,4.026785714285714,1,1
1775927573.696529,2026-04-11T19:12:53.696529,138.0971875,102.22,35.8771875,5.955357142857143,0,1
1775927575.3524675,2026-04-11T19:12:55.352468,137.3394375,103.2,34.1394375,3.5910714285714285,1,1
1775927576.8622253,2026-04-11T19:12:56.862225,140.118625,103.66,36.458625,6.746428571428572,1,1
1775927578.5824578,2026-04-11T19:12:58.582458,137.09525,103.28,33.81525,3.15,1,1
1775927580.070376,2026-04-11T19:13:00.070376,136.2569375,102.8,33.4569375,2.6625,1,1
1775927581.5445914,2026-04-11T19:13:01.544591,137.719875,104.07,33.649875,2.9250000000000003,1,1
1775927583.0396328,2026-04-11T19:13:03.039633,136.3456875,102.6,33.7456875,3.055357142857143,1,1
1775927584.5672987,2026-04-11T19:13:04.567299,135.9105,101.88,34.0305,3.442857142857143,0,1
1775927586.1905403,2026-04-11T19:13:06.190540,137.1696875,103.76,33.4096875,2.5982142857142856,1,1
1775927587.726489,2026-04-11T19:13:07.726489,148.9349375,102.5,46.4349375,20.319642857142856,0,1
1775927589.5870352,2026-04-11T19:13:09.587035,137.2656875,103.10000000000001,34.1656875,3.626785714285714,1,1
1775927591.128251,2026-04-11T19:13:11.128251,138.191125,102.52,35.671125,5.675,1,1
1775927592.8673089,2026-04-11T19:13:12.867309,137.1478125,102.99,34.1578125,3.6160714285714284,1,1
1775927594.4227855,2026-04-11T19:13:14.422786,137.60575,103.78,33.82575,3.164285714285714,1,1
1775927596.161386,2026-04-11T19:13:16.161386,138.637625,104.93,33.707625,3.0035714285714286,1,1
1775927597.6970506,2026-04-11T19:13:17.697051,137.92175,103.97,33.95175,3.335714285714286,1,1
1775927599.177016,2026-04-11T19:13:19.177016,138.62275,104.65,33.97275,3.3642857142857143,0,1
1775927600.6874704,2026-04-11T19:13:20.687470,137.07549999999998,103.57,33.5055,2.728571428571428,1,1
1775927602.2326066,2026-04-11T19:13:22.232607,148.3135625,101.75,46.5635625,20.494642857142857,0,1
1775927604.0830963,2026-04-11T19:13:24.083096,136.81787500000002,103.0,33.817875,3.1535714285714285,1,1
1775927605.5883088,2026-04-11T19:13:25.588309,139.8306875,103.88,35.9506875,6.055357142857143,1,1
1775927607.4071662,2026-04-11T19:13:27.407166,136.65300000000002,103.2,33.453,2.6571428571428575,1,1
1775927608.9141216,2026-04-11T19:13:28.914122,137.3565,103.2,34.1565,3.6142857142857143,1,1
1775927610.3721778,2026-04-11T19:13:30.372178,137.67375,103.68,33.99375,3.392857142857143,1,1
1775927611.9109864,2026-04-11T19:13:31.910986,137.749,103.96,33.789,3.1142857142857143,1,1
1775927613.4140122,2026-04-11T19:13:33.414012,139.1001875,103.37,35.7301875,5.755357142857143,0,1
1775927617.8934867,2026-04-11T19:13:37.893487,136.55425,102.97,33.58425,2.835714285714286,1,1
1775927619.381449,2026-04-11T19:13:39.381449,137.9910625,104.08,33.9110625,3.2803571428571425,1,1
1775927620.8858235,2026-04-11T19:13:40.885823,136.2984375,102.18,34.1184375,3.5625,0,1
1775927622.3737535,2026-04-11T19:13:42.373754,138.8335625,104.66,34.1735625,3.6374999999999997,1,1
1775927623.9153783,2026-04-11T19:13:43.915378,138.0055625,102.32000000000001,35.6855625,5.694642857142857,0,1
1775927625.6304626,2026-04-11T19:13:45.630463,137.4161875,103.87,33.5461875,2.7839285714285715,1,1
1775927627.1258721,2026-04-11T19:13:47.125872,140.3864375,104.42,35.9664375,6.076785714285714,1,1
1775927628.8109705,2026-04-11T19:13:48.810971,136.9383125,103.19,33.7483125,3.0589285714285714,1,1
1775927630.3237863,2026-04-11T19:13:50.323786,136.1470625,102.32000000000001,33.8270625,3.1660714285714286,1,1
1775927631.8009346,2026-04-11T19:13:51.800935,138.296625,103.98,34.316625,3.832142857142857,1,1
1775927633.293556,2026-04-11T19:13:53.293556,137.62843750000002,103.51,34.1184375,3.5625,1,1
1775927634.7770793,2026-04-11T19:13:54.777079,143.067375,103.17,39.897375,11.424999999999999,0,1
1775927636.5520668,2026-04-11T19:13:56.552067,138.1556875,103.99,34.1656875,3.626785714285714,1,1
1775927638.055598,2026-04-11T19:13:58.055598,138.0058125,103.89,34.1158125,3.5589285714285714,1,1
1775927639.51521,2026-04-11T19:13:59.515210,138.2533125,103.98,34.2733125,3.773214285714286,0,1
1775927641.00427,2026-04-11T19:14:01.004270,138.2259375,104.16,34.0659375,3.4910714285714284,1,1
1775927642.5587163,2026-04-11T19:14:02.558716,149.4436875,102.3,47.1436875,21.283928571428568,0,1
1775927644.1222456,2026-04-11T19:14:04.122246,136.9048125,102.81,34.0948125,3.5303571428571425,1,1
1775927645.6316116,2026-04-11T19:14:05.631612,138.61125,103.2,35.41125,5.321428571428571,1,1
1775927647.4351566,2026-04-11T19:14:07.435157,137.0509375,103.09,33.9609375,3.3482142857142856,1,1
1775927648.9625158,2026-04-11T19:14:08.962516,137.828125,103.69,34.138125,3.5892857142857144,1,1
1775927650.4688385,2026-04-11T19:14:10.468838,137.31968750000001,103.49000000000001,33.8296875,3.169642857142857,0,1
1775927651.9609754,2026-04-11T19:14:11.960975,136.9154375,103.28,33.6354375,2.9053571428571425,1,1
1775927653.455154,2026-04-11T19:14:13.455154,138.939125,102.67999999999999,36.259125,6.4750000000000005,1,1
1775927655.2728944,2026-04-11T19:14:15.272894,138.3408125,104.33,34.0108125,3.4160714285714286,1,1
1775927656.793915,2026-04-11T19:14:16.793915,139.07025,103.26,35.810249999999996,5.864285714285714,1,1
1775927658.5084624,2026-04-11T19:14:18.508462,136.7094375,102.99000000000001,33.7194375,3.019642857142857,1,1
1775927660.062618,2026-04-11T19:14:20.062618,137.2515625,103.54,33.7115625,3.0089285714285716,1,1
1775927661.546534,2026-04-11T19:14:21.546534,137.89081249999998,103.88,34.0108125,3.4160714285714286,1,1
1775927663.0844567,2026-04-11T19:14:23.084457,137.7144375,103.68,34.0344375,3.4482142857142857,1,1
1775927664.5962143,2026-04-11T19:14:24.596214,136.6605,102.21000000000001,34.4505,4.014285714285714,0,1
1775927666.1810505,2026-04-11T19:14:26.181051,136.5970625,103.4,33.1970625,2.3089285714285714,1,1
1775927667.687447,2026-04-11T19:14:27.687447,138.342375,102.12,36.222375,6.425,1,1
1775927669.4976845,2026-04-11T19:14:29.497684,138.0555625,103.84,34.2155625,3.694642857142857,1,1
1775927671.0113616,2026-04-11T19:14:31.011362,139.04118749999998,103.71,35.3311875,5.2124999999999995,1,1
1775927672.7619843,2026-04-11T19:14:32.761984,136.3044375,102.69,33.6144375,2.876785714285714,1,1
1775927674.2788699,2026-04-11T19:14:34.278870,137.819875,104.17,33.649875,2.9250000000000003,1,1
1775927675.7660425,2026-04-11T19:14:35.766042,135.159875,101.51,33.649875,2.9250000000000003,0,1
1775927677.372485,2026-04-11T19:14:37.372485,136.6246875,102.69,33.9346875,3.3125,1,1
1775927678.862635,2026-04-11T19:14:38.862635,139.41137500000002,102.79,36.621375,6.9678571428571425,1,1
1775927680.7060435,2026-04-11T19:14:40.706043,136.9640625,102.78,34.1840625,3.6517857142857144,1,1
1775927682.186546,2026-04-11T19:14:42.186546,149.418125,102.89,46.528125,20.446428571428573,1,1
1775927683.9918392,2026-04-11T19:14:43.991839,137.4884375,103.79,33.6984375,2.9910714285714284,1,1
1775927685.4762244,2026-04-11T19:14:45.476224,138.3106875,104.46,33.8506875,3.1982142857142857,1,1
1775927687.012767,2026-04-11T19:14:47.012767,137.4770625,103.65,33.8270625,3.1660714285714286,1,1
1775927688.5047212,2026-04-11T19:14:48.504721,137.9634375,104.16,33.8034375,3.1339285714285716,1,1
1775927690.0232618,2026-04-11T19:14:50.023262,135.575,101.03,34.545,4.142857142857143,0,1
1775927691.6163332,2026-04-11T19:14:51.616333,139.439,105.44,33.999,3.4,1,1
1775927693.095388,2026-04-11T19:14:53.095388,147.05475,102.12,44.93475,18.27857142857143,0,1
1775927694.9548101,2026-04-11T19:14:54.954810,137.70081249999998,103.47999999999999,34.2208125,3.7017857142857147,1,1
1775927696.4375036,2026-04-11T19:14:56.437504,138.875875,102.79,36.085875,6.239285714285714,1,1
1775927698.1996875,2026-04-11T19:14:58.199687,136.6123125,103.2,33.4123125,2.601785714285714,1,1
1775927699.6777,2026-04-11T19:14:59.677700,137.2183125,103.47,33.7483125,3.0589285714285714,1,1
1775927701.1960387,2026-04-11T19:15:01.196039,136.397375,102.8,33.597375,2.8535714285714286,1,1
1775927702.6726124,2026-04-11T19:15:02.672612,137.7410625,104.25,33.4910625,2.7089285714285714,1,1
1775927704.2018664,2026-04-11T19:15:04.201866,147.62687499999998,102.49,45.136875,18.553571428571427,0,1
1775927705.8063703,2026-04-11T19:15:05.806370,136.80125,103.28,33.52125,2.75,1,1
1775927707.3324971,2026-04-11T19:15:07.332497,137.571625,103.15,34.421625,3.975,1,1
1775927709.071309,2026-04-11T19:15:09.071309,137.339875,103.69,33.649875,2.9250000000000003,1,1
1775927710.588759,2026-04-11T19:15:10.588759,136.7555625,103.17,33.5855625,2.8375,1,1
1775927712.1098826,2026-04-11T19:15:12.109883,137.9781875,103.97,34.0081875,3.4125,1,1
1775927713.6286378,2026-04-11T19:15:13.628638,137.1078125,103.58,33.5278125,2.7589285714285716,1,1
1775927715.1278648,2026-04-11T19:15:15.127865,137.327,103.37,33.957,3.3428571428571425,0,1
1775927716.7745607,2026-04-11T19:15:16.774561,137.1945,103.28999999999999,33.9045,3.2714285714285714,1,1
1775927718.2979844,2026-04-11T19:15:18.297984,137.2691875,103.87,33.3991875,2.5839285714285714,1,1
1775927719.7717273,2026-04-11T19:15:19.771727,137.455875,103.68,33.775875,3.0964285714285715,0,1
1775927721.2571676,2026-04-11T19:15:21.257168,136.2779375,102.8,33.4779375,2.6910714285714286,1,1
1775927722.767272,2026-04-11T19:15:22.767272,148.6725625,102.97,45.7025625,19.323214285714283,0,1
1775927724.5753515,2026-04-11T19:15:24.575351,136.76175,102.60000000000001,34.16175,3.6214285714285714,1,1
1775927726.0694976,2026-04-11T19:15:26.069498,138.9611875,103.0,35.9611875,6.069642857142857,1,1
1775927727.4901638,2026-04-11T19:15:27.490164,137.692625,103.67,34.022625,3.432142857142857,1,1
1775927728.9600143,2026-04-11T19:15:28.960014,136.39525,102.79,33.60525,2.8642857142857143,1,1
1775927730.4568932,2026-04-11T19:15:30.456893,137.0236875,102.9,34.1236875,3.569642857142857,0,1
1775927732.0988395,2026-04-11T19:15:32.098840,138.6018125,104.36,34.2418125,3.730357142857143,1,1
1775927733.5781784,2026-04-11T19:15:33.578178,147.67925000000002,103.49000000000001,44.18925,17.264285714285712,1,1
1775927734.9926088,2026-04-11T19:15:34.992609,136.966375,103.39,33.576375,2.8249999999999997,1,1
1775927736.4657412,2026-04-11T19:15:36.465741,136.3411875,102.69,33.6511875,2.9267857142857143,1,1
1775927737.9699862,2026-04-11T19:15:37.969986,150.5966875,102.76,47.8366875,22.226785714285715,0,1
1775927739.7576463,2026-04-11T19:15:39.757646,137.2133125,103.57,33.6433125,2.9160714285714286,1,1
1775927741.2701685,2026-04-11T19:15:41.270169,138.496875,102.6,35.896875,5.982142857142857,1,1
1775927743.0157948,2026-04-11T19:15:43.015795,136.7499375,102.81,33.9399375,3.319642857142857,1,1
1775927744.536587,2026-04-11T19:15:44.536587,138.2095625,104.75,33.4595625,2.6660714285714286,1,1
1775927746.082983,2026-04-11T19:15:46.082983,137.5844375,103.76,33.8244375,3.1625,1,1
1775927747.6224995,2026-04-11T19:15:47.622499,136.96875,103.29,33.67875,2.9642857142857144,1,1
1775927749.1288562,2026-04-11T19:15:49.128856,137.477375,103.67,33.807375,3.1392857142857147,1,1
1775927750.6735866,2026-04-11T19:15:50.673587,138.9570625,105.13,33.8270625,3.1660714285714286,1,1
1775927752.1816099,2026-04-11T19:15:52.181610,149.1696875,103.16,46.0096875,19.741071428571427,0,1
1775927753.8144634,2026-04-11T19:15:53.814463,137.34331250000002,103.49000000000001,33.8533125,3.2017857142857147,1,1
1775927755.2967837,2026-04-11T19:15:55.296784,140.59968750000002,104.25,36.3496875,6.598214285714286,1,1
1775927757.162633,2026-04-11T19:15:57.162633,137.3224375,103.75,33.5724375,2.819642857142857,1,1
1775927758.6570327,2026-04-11T19:15:58.657033,146.506,102.49000000000001,44.016,17.02857142857143,1,1
1775927760.4795344,2026-04-11T19:16:00.479534,136.2625,102.61,33.6525,2.9285714285714284,1,1
1775927762.0231485,2026-04-11T19:16:02.023149,136.827375,103.02,33.807375,3.1392857142857147,1,1
1775927763.5426054,2026-04-11T19:16:03.542605,138.4411875,104.16,34.2811875,3.7839285714285715,1,1
1775927765.0423696,2026-04-11T19:16:05.042370,136.69706250000002,102.87,33.8270625,3.1660714285714286,1,1
1775927766.5877802,2026-04-11T19:16:06.587780,137.909875,104.26,33.649875,2.9250000000000003,0,1
1775927768.215719,2026-04-11T19:16:08.215719,138.699875,105.05,33.649875,2.9250000000000003,1,1
1775927769.729036,2026-04-11T19:16:09.729036,148.3785625,101.92,46.4585625,20.351785714285715,0,1
1775927771.5579321,2026-04-11T19:16:11.557932,137.5895625,103.29,34.2995625,3.8089285714285714,1,1
1775927773.1004653,2026-04-11T19:16:13.100465,138.0028125,102.47999999999999,35.5228125,5.473214285714286,1,1
1775927775.0195637,2026-04-11T19:16:15.019564,137.35193750000002,103.37,33.9819375,3.376785714285714,1,1
1775927776.5117679,2026-04-11T19:16:16.511768,147.0729375,102.99,44.0829375,17.119642857142857,1,1
1775927778.4147837,2026-04-11T19:16:18.414784,138.8954375,105.26,33.6354375,2.9053571428571425,1,1
1775927779.9073505,2026-04-11T19:16:19.907351,138.3085625,104.66,33.6485625,2.9232142857142853,1,1
1775927781.405471,2026-04-11T19:16:21.405471,137.4325,103.78,33.6525,2.9285714285714284,1,1
1775927782.9013686,2026-04-11T19:16:22.901369,139.14881250000002,104.76,34.3888125,3.930357142857143,1,1
1775927784.3970795,2026-04-11T19:16:24.397079,149.5404375,102.99000000000001,46.5504375,20.476785714285715,0,1
1775927785.978659,2026-04-11T19:16:25.978659,137.9810625,104.07,33.9110625,3.2803571428571425,1,1
1775927787.4581437,2026-04-11T19:16:27.458144,139.0580625,102.69,36.3680625,6.623214285714285,1,1
1775927789.1092653,2026-04-11T19:16:29.109265,137.4894375,103.35000000000001,34.1394375,3.5910714285714285,1,1
1775927790.6093776,2026-04-11T19:16:30.609378,137.4244375,103.39,34.0344375,3.4482142857142857,1,1
1775927792.12814,2026-04-11T19:16:32.128140,137.07556250000002,103.07000000000001,34.0055625,3.4089285714285715,1,1
1775927793.6379693,2026-04-11T19:16:33.637969,137.8791875,104.27,33.6091875,2.869642857142857,1,1
1775927795.1508632,2026-04-11T19:16:35.150863,138.017875,102.1,35.917875,6.010714285714286,0,1
1775927799.7816603,2026-04-11T19:16:39.781660,140.0565,106.11,33.9465,3.3285714285714287,1,1
1775927801.3331828,2026-04-11T19:16:41.333183,138.37537500000002,102.51,35.865375,5.939285714285715,1,1
1775927803.164538,2026-04-11T19:16:43.164538,137.68337499999998,103.96,33.723375,3.025,1,1
1775927804.6976717,2026-04-11T19:16:44.697672,136.8808125,103.5,33.3808125,2.5589285714285714,1,1
1775927806.1933146,2026-04-11T19:16:46.193315,137.2469375,103.37,33.8769375,3.2339285714285713,0,1
1775927807.6800506,2026-04-11T19:16:47.680051,136.75037500000002,103.09,33.660375,2.939285714285714,1,1
1775927809.1958992,2026-04-11T19:16:49.195899,137.5383125,103.58,33.9583125,3.3446428571428575,0,1
1775927810.788973,2026-04-11T19:16:50.788973,138.36431249999998,104.07,34.294312500000004,3.8017857142857143,1,1
1775927812.293166,2026-04-11T19:16:52.293166,138.795625,104.08,34.715625,4.375,1,1
1775927814.0412939,2026-04-11T19:16:54.041294,137.1984375,103.29,33.9084375,3.2767857142857144,1,1
1775927815.5282922,2026-04-11T19:16:55.528292,137.586875,103.58,34.006875,3.4107142857142856,1,1
1775927817.0237248,2026-04-11T19:16:57.023725,138.25324999999998,104.27,33.98325,3.3785714285714286,1,1
1775927818.5120444,2026-04-11T19:16:58.512044,136.7831875,103.09,33.6931875,2.9839285714285713,1,1
1775927820.0019662,2026-04-11T19:17:00.001966,151.1206875,104.25,46.8706875,20.912499999999998,0,1
1775927821.5976167,2026-04-11T19:17:01.597617,138.4275625,103.96,34.4675625,4.0375,1,1
1775927823.0751002,2026-04-11T19:17:03.075100,139.674375,102.78,36.894375,7.339285714285714,1,1
1775927824.7045074,2026-04-11T19:17:04.704507,137.1573125,103.00999999999999,34.1473125,3.601785714285714,1,1
1775927826.2288225,2026-04-11T19:17:06.228822,137.1521875,103.48,33.6721875,2.955357142857143,1,1
1775927827.7127178,2026-04-11T19:17:07.712718,136.44706250000002,102.62,33.8270625,3.1660714285714286,1,1
1775927829.216182,2026-04-11T19:17:09.216182,138.10150000000002,104.26,33.8415,3.185714285714286,1,1
1775927830.7317908,2026-04-11T19:17:10.731791,135.84468750000002,101.7,34.1446875,3.5982142857142856,0,1
1775927832.325367,2026-04-11T19:17:12.325367,138.2946875,104.57,33.7246875,3.0267857142857144,1,1
1775927833.8080819,2026-04-11T19:17:13.808082,138.99824999999998,102.39,36.60825,6.95,1,1
1775927835.6058762,2026-04-11T19:17:15.605876,137.407625,103.28,34.127625,3.5749999999999997,1,1
1775927837.1742449,2026-04-11T19:17:17.174245,138.634625,102.89,35.744625,5.7749999999999995,1,1
1775927838.9276226,2026-04-11T19:17:18.927623,136.121,102.71000000000001,33.411,2.6,1,1
1775927840.4516232,2026-04-11T19:17:20.451623,137.11625,103.28,33.83625,3.1785714285714284,1,1
1775927841.9792726,2026-04-11T19:17:21.979273,138.02375,104.24,33.78375,3.107142857142857,1,1
1775927843.5304422,2026-04-11T19:17:23.530442,137.002625,103.19,33.812625,3.1464285714285714,1,1
1775927845.013335,2026-04-11T19:17:25.013335,136.3530625,102.61,33.7430625,3.0517857142857143,0,1
1775927846.633972,2026-04-11T19:17:26.633972,137.6471875,103.87,33.7771875,3.0982142857142856,1,1
1775927848.1532328,2026-04-11T19:17:28.153233,147.81993749999998,101.91,45.9099375,19.605357142857144,1,1
1775927850.000883,2026-04-11T19:17:30.000883,138.030375,104.16,33.870375,3.225,1,1
1775927851.4829168,2026-04-11T19:17:31.482917,138.4394375,103.67,34.7694375,4.448214285714285,0,1
1775927853.2382684,2026-04-11T19:17:33.238268,137.487625,103.78,33.707625,3.0035714285714286,1,1
1775927854.817358,2026-04-11T19:17:34.817358,138.965375,102.68,36.285375,6.510714285714286,1,1
1775927856.5202038,2026-04-11T19:17:36.520204,139.57575,105.75,33.82575,3.164285714285714,1,1
1775927858.03258,2026-04-11T19:17:38.032580,138.54775,104.47,34.07775,3.507142857142857,1,1
1775927859.5463257,2026-04-11T19:17:39.546326,137.386875,103.38,34.006875,3.4107142857142856,1,1
1775927861.0209372,2026-04-11T19:17:41.020937,136.5130625,103.19,33.3230625,2.480357142857143,1,1
1775927862.5299673,2026-04-11T19:17:42.529967,149.4289375,102.91,46.5189375,20.43392857142857,0,1
1775927864.3495657,2026-04-11T19:17:44.349566,137.059125,103.11,33.949125,3.332142857142857,1,1
1775927865.8583987,2026-04-11T19:17:45.858399,142.418375,106.49,35.928375,6.0249999999999995,1,1
1775927867.5793867,2026-04-11T19:17:47.579387,136.9370625,103.11,33.8270625,3.1660714285714286,1,1
1775927869.0878427,2026-04-11T19:17:49.087843,142.397875,108.58,33.817875,3.1535714285714285,1,1
1775927870.6396937,2026-04-11T19:17:50.639694,136.577625,103.08,33.497625,2.7178571428571425,1,1
1775927872.125671,2026-04-11T19:17:52.125671,136.967625,103.26,33.707625,3.0035714285714286,1,1
1775927873.6100593,2026-04-11T19:17:53.610059,149.914625,103.46,46.454625,20.346428571428568,0,1
1775927875.2381866,2026-04-11T19:17:55.238187,136.81525,103.0,33.81525,3.15,1,1
1775927876.7513924,2026-04-11T19:17:56.751392,139.7575,103.27,36.4875,6.785714285714286,1,1
1775927878.4156933,2026-04-11T19:17:58.415693,137.2345625,103.67,33.5645625,2.8089285714285714,1,1
1775927879.9042284,2026-04-11T19:17:59.904228,139.8615,105.81,34.0515,3.4714285714285715,1,1
1775927881.386363,2026-04-11T19:18:01.386363,139.8959375,105.83,34.0659375,3.4910714285714284,1,1
1775927882.882924,2026-04-11T19:18:02.882924,139.833625,106.42,33.413625,2.6035714285714286,1,1
1775927884.3743167,2026-04-11T19:18:04.374317,146.1865,102.78999999999999,43.3965,16.185714285714287,0,1
1775927885.999077,2026-04-11T19:18:05.999077,137.535875,102.71000000000001,34.825875,4.525,1,1
1775927887.5320818,2026-04-11T19:18:07.532082,138.4800625,102.49,35.9900625,6.108928571428572,1,1
1775927889.4297235,2026-04-11T19:18:09.429724,136.881375,102.99000000000001,33.891375,3.2535714285714286,1,1
1775927890.9215531,2026-04-11T19:18:10.921553,141.680125,106.03,35.650125,5.646428571428571,1,1
1775927892.6895487,2026-04-11T19:18:12.689549,137.595,103.68,33.915,3.2857142857142856,1,1
1775927894.1769233,2026-04-11T19:18:14.176923,136.8795625,103.0,33.8795625,3.2375000000000003,1,1
1775927895.685774,2026-04-11T19:18:15.685774,137.3905625,103.28,34.1105625,3.5517857142857143,1,1
1775927897.200947,2026-04-11T19:18:17.200947,137.387625,103.47,33.917625,3.289285714285714,1,1
1775927898.717712,2026-04-11T19:18:18.717712,150.7239375,103.47,47.2539375,21.43392857142857,0,1
1775927900.3640406,2026-04-11T19:18:20.364041,136.44856249999998,102.8,33.6485625,2.9232142857142853,1,1
1775927901.8495293,2026-04-11T19:18:21.849529,140.0104375,103.75,36.2604375,6.476785714285714,1,1
1775927903.5821798,2026-04-11T19:18:23.582180,138.0610625,104.36,33.7010625,2.994642857142857,1,1
1775927905.0676956,2026-04-11T19:18:25.067696,137.2913125,103.48,33.8113125,3.144642857142857,1,1
1775927906.5771348,2026-04-11T19:18:26.577135,136.597875,103.2,33.397875,2.582142857142857,1,1
1775927908.0988834,2026-04-11T19:18:28.098883,138.20175,104.25,33.95175,3.335714285714286,1,1
1775927909.58908,2026-04-11T19:18:29.589080,150.78025000000002,105.52000000000001,45.26025,18.72142857142857,0,1
1775927911.1748004,2026-04-11T19:18:31.174800,138.09,103.86,34.23,3.7142857142857144,1,1
1775927912.697103,2026-04-11T19:18:32.697103,140.545875,104.25,36.295874999999995,6.5249999999999995,1,1
1775927914.6439967,2026-04-11T19:18:34.643997,136.45543750000002,102.61,33.8454375,3.1910714285714286,1,1
1775927916.161818,2026-04-11T19:18:36.161818,147.0301875,102.9,44.1301875,17.18392857142857,1,1
1775927917.9547346,2026-04-11T19:18:37.954735,138.0846875,104.36,33.7246875,3.0267857142857144,1,1
1775927919.4332416,2026-04-11T19:18:39.433242,137.1283125,103.38,33.7483125,3.0589285714285714,1,1
1775927920.923907,2026-04-11T19:18:40.923907,138.2023125,104.36999999999999,33.8323125,3.1732142857142853,1,1
1775927922.4420807,2026-04-11T19:18:42.442081,137.1110625,103.2,33.9110625,3.2803571428571425,1,1
1775927923.9271972,2026-04-11T19:18:43.927197,149.435,104.18,45.255,18.714285714285715,0,1
1775927925.5450342,2026-04-11T19:18:45.545034,136.728625,103.42,33.308625,2.460714285714286,1,1
1775927927.0563276,2026-04-11T19:18:47.056328,138.3838125,102.0,36.3838125,6.644642857142857,1,1
1775927928.9443839,2026-04-11T19:18:48.944384,137.4846875,103.75999999999999,33.7246875,3.0267857142857144,1,1
1775927930.4327404,2026-04-11T19:18:50.432740,138.3291875,102.41,35.9191875,6.0125,1,1
1775927932.3820584,2026-04-11T19:18:52.382058,137.0058125,103.31,33.6958125,2.9875000000000003,1,1
1775927933.8768585,2026-04-11T19:18:53.876858,137.1745625,103.19,33.9845625,3.380357142857143,1,1
1775927935.3678236,2026-04-11T19:18:55.367824,136.74775,103.3,33.44775,2.65,1,1
1775927936.873114,2026-04-11T19:18:56.873114,137.698875,103.86,33.838875,3.182142857142857,1,1
1775927938.4226844,2026-04-11T19:18:58.422684,147.25737500000002,103.37,43.887375000000006,16.85357142857143,0,1
1775927940.055919,2026-04-11T19:19:00.055919,137.4410625,103.53,33.9110625,3.2803571428571425,1,1
1775927941.5596566,2026-04-11T19:19:01.559657,140.32581249999998,103.69,36.6358125,6.9875,1,1
1775927943.283711,2026-04-11T19:19:03.283711,137.1808125,103.38,33.8008125,3.130357142857143,1,1
1775927944.7805016,2026-04-11T19:19:04.780502,137.26568749999998,103.1,34.1656875,3.626785714285714,1,1
1775927946.2896304,2026-04-11T19:19:06.289630,136.33749999999998,102.78999999999999,33.5475,2.7857142857142856,0,1
1775927947.8284998,2026-04-11T19:19:07.828500,137.3895625,103.3,34.0895625,3.523214285714286,1,1
1775927949.3467636,2026-04-11T19:19:09.346764,138.959875,103.0,35.959875,6.067857142857143,0,1
1775927951.0175998,2026-04-11T19:19:11.017600,138.79025000000001,105.08,33.71025,3.007142857142857,1,1
1775927952.5452602,2026-04-11T19:19:12.545260,143.4035,107.0,36.4035,6.671428571428572,1,1
1775927954.232669,2026-04-11T19:19:14.232669,138.628125,104.07000000000001,34.558125,4.160714285714286,1,1
1775927955.746582,2026-04-11T19:19:15.746582,137.75343750000002,103.95,33.8034375,3.1339285714285716,1,1
1775927957.2953851,2026-04-11T19:19:17.295385,137.1160625,102.68,34.4360625,3.994642857142857,1,1
1775927958.813676,2026-04-11T19:19:18.813676,136.89137499999998,103.0,33.891375,3.2535714285714286,1,1
1775927960.3442626,2026-04-11T19:19:20.344263,137.3333125,103.27,34.0633125,3.4875000000000003,0,1
1775927962.0450811,2026-04-11T19:19:22.045081,137.35175,103.4,33.95175,3.335714285714286,1,1
1775927963.5258665,2026-04-11T19:19:23.525867,139.08043750000002,102.61,36.4704375,6.7625,1,1
1775927965.3914223,2026-04-11T19:19:25.391422,137.79556250000002,103.79,34.0055625,3.4089285714285715,1,1
1775927966.916168,2026-04-11T19:19:26.916168,137.702875,103.78,33.922875,3.2964285714285713,1,1
1775927968.6627543,2026-04-11T19:19:28.662754,137.1444375,102.9,34.244437500000004,3.7339285714285713,1,1
1775927970.1807966,2026-04-11T19:19:30.180797,137.19706250000002,103.37,33.8270625,3.1660714285714286,1,1
1775927971.6765616,2026-04-11T19:19:31.676562,138.7973125,104.86,33.9373125,3.3160714285714286,1,1
1775927973.1935806,2026-04-11T19:19:33.193581,137.30425,103.3,34.00425,3.4071428571428575,1,1
1775927974.6882567,2026-04-11T19:19:34.688257,151.2118125,104.16,47.0518125,21.158928571428568,0,1
1775927976.3247075,2026-04-11T19:19:36.324708,136.472625,103.29,33.182625,2.289285714285714,1,1
1775927977.8136597,2026-04-11T19:19:37.813660,141.2843125,105.52,35.7643125,5.801785714285714,1,1
1775927979.4921544,2026-04-11T19:19:39.492154,136.6059375,103.17,33.4359375,2.6339285714285716,1,1
1775927980.9713395,2026-04-11T19:19:40.971339,138.266875,104.26,34.006875,3.4107142857142856,1,1
1775927982.461604,2026-04-11T19:19:42.461604,135.6235625,102.5,33.1235625,2.2089285714285714,1,1
1775927984.0173242,2026-04-11T19:19:44.017324,137.5781875,103.78,33.7981875,3.126785714285714,1,1
1775927985.5526614,2026-04-11T19:19:45.552661,136.44231249999999,102.39999999999999,34.0423125,3.4589285714285714,0,1
1775927987.2076118,2026-04-11T19:19:47.207612,137.8106875,103.96,33.8506875,3.1982142857142857,1,1
1775927988.7749639,2026-04-11T19:19:48.774964,149.287125,101.94,47.347125,21.560714285714287,0,1
1775927990.638043,2026-04-11T19:19:50.638043,136.92512499999998,103.69,33.235125,2.3607142857142853,1,1
1775927992.1491494,2026-04-11T19:19:52.149149,137.842625,101.92999999999999,35.912625,6.003571428571428,1,1
1775927993.9807718,2026-04-11T19:19:53.980772,137.76218749999998,103.88,33.8821875,3.2410714285714284,1,1
1775927995.5101688,2026-04-11T19:19:55.510169,138.32775,103.2,35.12775,4.935714285714286,1,1
1775927997.3026552,2026-04-11T19:19:57.302655,137.786625,103.67999999999999,34.106625,3.5464285714285713,1,1
1775927998.8236048,2026-04-11T19:19:58.823605,137.8365,103.89,33.9465,3.3285714285714287,1,1
1775928000.3358316,2026-04-11T19:20:00.335832,136.89081249999998,103.3,33.5908125,2.8446428571428575,1,1
1775928001.8605988,2026-04-11T19:20:01.860599,136.9409375,103.19,33.7509375,3.0625,1,1
1775928003.3758676,2026-04-11T19:20:03.375868,150.3051875,103.76,46.5451875,20.469642857142855,0,1
1775928004.9822347,2026-04-11T19:20:04.982235,138.4073125,104.26,34.1473125,3.601785714285714,1,1
1775928006.5029132,2026-04-11T19:20:06.502913,138.2759375,101.9,36.3759375,6.633928571428571,1,1
1775928008.3326864,2026-04-11T19:20:08.332686,137.6170625,103.79,33.8270625,3.1660714285714286,1,1
1775928009.8195615,2026-04-11T19:20:09.819561,142.7603125,104.35,38.4103125,9.401785714285714,1,1
1775928011.6861942,2026-04-11T19:20:11.686194,136.5944375,102.56,34.0344375,3.4482142857142857,1,1
1775928013.1850326,2026-04-11T19:20:13.185033,137.06775,103.2,33.86775,3.2214285714285715,1,1
1775928014.6863058,2026-04-11T19:20:14.686306,136.6493125,102.88,33.7693125,3.0875,1,1
1775928016.1758864,2026-04-11T19:20:16.175886,137.31468750000002,103.38000000000001,33.9346875,3.3125,1,1
1775928017.6639082,2026-04-11T19:20:17.663908,135.6559375,101.8,33.8559375,3.205357142857143,0,1
1775928019.2930565,2026-04-11T19:20:19.293056,136.6984375,103.0,33.6984375,2.9910714285714284,1,1
1775928020.802138,2026-04-11T19:20:20.802138,137.53493749999998,101.6,35.9349375,6.033928571428571,1,1
1775928022.4532707,2026-04-11T19:20:22.453271,137.0683125,103.32000000000001,33.7483125,3.0589285714285714,1,1
1775928023.9416919,2026-04-11T19:20:23.941692,136.7808125,103.19,33.5908125,2.8446428571428575,1,1
1775928025.4156353,2026-04-11T19:20:25.415635,137.8493125,103.87,33.9793125,3.373214285714286,1,1
1775928026.9700897,2026-04-11T19:20:26.970090,137.1859375,102.7,34.4859375,4.0625,1,1
1775928028.499019,2026-04-11T19:20:28.499019,138.9764375,103.01,35.9664375,6.076785714285714,0,1
1775928032.8975499,2026-04-11T19:20:32.897550,137.13575,102.89,34.24575,3.7357142857142853,1,1
1775928034.4196682,2026-04-11T19:20:34.419668,137.83825000000002,103.96000000000001,33.87825,3.2357142857142853,1,1
1775928035.9414856,2026-04-11T19:20:35.941486,136.0433125,102.82000000000001,33.2233125,2.3446428571428575,1,1
1775928037.456629,2026-04-11T19:20:37.456629,138.16581250000002,104.26,33.905812499999996,3.273214285714286,1,1
1775928038.9361758,2026-04-11T19:20:38.936176,135.52406249999999,101.13,34.3940625,3.9375,0,1
1775928040.5771651,2026-04-11T19:20:40.577165,137.15168749999998,103.49,33.6616875,2.9410714285714286,1,1
1775928042.1100392,2026-04-11T19:20:42.110039,137.5683125,101.92999999999999,35.6383125,5.630357142857143,0,1
1775928043.7787964,2026-04-11T19:20:43.778796,138.2305625,104.75,33.4805625,2.694642857142857,1,1
1775928045.293076,2026-04-11T19:20:45.293076,138.950125,103.09,35.860125,5.932142857142857,1,1
1775928047.072233,2026-04-11T19:20:47.072233,137.359,103.78,33.579,2.8285714285714287,1,1
1775928048.5569034,2026-04-11T19:20:48.556903,137.0029375,103.0,34.0029375,3.4053571428571425,1,1
1775928050.0473096,2026-04-11T19:20:50.047310,138.13774999999998,104.27,33.86775,3.2214285714285715,1,1
1775928051.5359445,2026-04-11T19:20:51.535944,136.53887500000002,102.7,33.838875,3.182142857142857,1,1
1775928053.0480669,2026-04-11T19:20:53.048067,138.1868125,104.05,34.1368125,3.5875,0,1
1775928054.656091,2026-04-11T19:20:54.656091,138.0671875,103.87,34.1971875,3.669642857142857,1,1
1775928056.1818268,2026-04-11T19:20:56.181827,139.702,104.17,35.532,5.485714285714286,1,1
1775928057.9685624,2026-04-11T19:20:57.968562,136.6571875,103.3,33.3571875,2.5267857142857144,1,1
1775928059.4621406,2026-04-11T19:20:59.462141,138.91075,104.56,34.35075,3.8785714285714286,1,1
1775928060.9755225,2026-04-11T19:21:00.975523,136.8060625,102.79,34.0160625,3.4232142857142853,1,1
1775928062.48537,2026-04-11T19:21:02.485370,137.377375,103.57,33.807375,3.1392857142857147,1,1
1775928063.980472,2026-04-11T19:21:03.980472,135.8311875,101.34,34.4911875,4.069642857142857,0,1
1775928065.593022,2026-04-11T19:21:05.593022,137.63524999999998,103.39999999999999,34.23525,3.7214285714285715,1,1
1775928067.0976186,2026-04-11T19:21:07.097619,135.807625,102.10000000000001,33.707625,3.0035714285714286,0,1
1775928068.7557673,2026-04-11T19:21:08.755767,137.13675,103.29,33.84675,3.192857142857143,1,1
1775928070.2491505,2026-04-11T19:21:10.249151,138.351,102.21,36.141,6.314285714285714,1,1
1775928072.0455196,2026-04-11T19:21:12.045520,137.54775,103.47,34.07775,3.507142857142857,1,1
1775928073.591188,2026-04-11T19:21:13.591188,149.50475,103.31,46.19475,19.99285714285714,1,1
1775928075.4406128,2026-04-11T19:21:15.440613,137.895125,104.24,33.655125,2.932142857142857,1,1
1775928076.966704,2026-04-11T19:21:16.966704,136.4446875,102.72,33.7246875,3.0267857142857144,1,1
1775928078.4465814,2026-04-11T19:21:18.446581,137.13412499999998,103.28999999999999,33.844125,3.189285714285714,0,1
1775928079.9476416,2026-04-11T19:21:19.947642,137.0798125,103.3,33.7798125,3.101785714285714,1,1
1775928081.4289618,2026-04-11T19:21:21.428962,137.3805,103.56,33.8205,3.1571428571428575,0,1
1775928083.0942907,2026-04-11T19:21:23.094291,138.3794375,104.66,33.7194375,3.019642857142857,1,1
1775928084.6278086,2026-04-11T19:21:24.627809,140.054,103.64,36.414,6.685714285714285,1,1
1775928086.5758796,2026-04-11T19:21:26.575880,136.5931875,102.9,33.6931875,2.9839285714285713,1,1
1775928088.060832,2026-04-11T19:21:28.060832,147.3718125,103.68,43.6918125,16.5875,1,1
1775928089.4747987,2026-04-11T19:21:29.474799,137.96375,104.17999999999999,33.78375,3.107142857142857,1,1
1775928090.9636037,2026-04-11T19:21:30.963604,137.035125,103.59,33.445125,2.6464285714285714,1,1
1775928092.4849372,2026-04-11T19:21:32.484937,137.4008125,103.39,34.0108125,3.4160714285714286,0,1
1775928094.0863447,2026-04-11T19:21:34.086345,137.63431250000002,103.76,33.8743125,3.230357142857143,1,1
1775928095.5710979,2026-04-11T19:21:35.571098,138.148875,102.0,36.148875000000004,6.325,1,1
1775928097.412349,2026-04-11T19:21:37.412349,136.42475000000002,102.62,33.80475,3.1357142857142857,1,1
1775928098.9473782,2026-04-11T19:21:38.947378,138.9468125,102.71,36.2368125,6.444642857142857,1,1
1775928100.6826253,2026-04-11T19:21:40.682625,137.22675,103.59,33.63675,2.9071428571428575,1,1
1775928102.1800919,2026-04-11T19:21:42.180092,137.7931875,103.67999999999999,34.1131875,3.555357142857143,1,1
1775928103.697039,2026-04-11T19:21:43.697039,138.1708125,104.37,33.8008125,3.130357142857143,0,1
1775928105.2265759,2026-04-11T19:21:45.226576,138.02625,104.82,33.20625,2.3214285714285716,1,1
1775928106.7561798,2026-04-11T19:21:46.756180,139.9828125,104.67,35.3128125,5.1875,0,1
1775928108.3791418,2026-04-11T19:21:48.379142,136.7186875,102.7,34.0186875,3.4267857142857143,1,1
1775928109.8610995,2026-04-11T19:21:49.861099,138.444625,102.91,35.534625,5.489285714285714,1,1
1775928111.8690383,2026-04-11T19:21:51.869038,137.5299375,103.38,34.1499375,3.605357142857143,1,1
1775928113.3574789,2026-04-11T19:21:53.357479,148.20325,103.51,44.69325,17.95,1,1
1775928115.1974838,2026-04-11T19:21:55.197484,136.75037500000002,103.09,33.660375,2.939285714285714,1,1
1775928116.731626,2026-04-11T19:21:56.731626,137.305,103.39,33.915,3.2857142857142856,1,1
1775928118.2087326,2026-04-11T19:21:58.208733,136.928625,102.99,33.938625,3.317857142857143,1,1
1775928119.6899178,2026-04-11T19:21:59.689918,138.1475,103.97,34.1775,3.642857142857143,1,1
1775928121.1732004,2026-04-11T19:22:01.173200,135.5615,101.72,33.8415,3.185714285714286,0,1
1775928122.7691653,2026-04-11T19:22:02.769165,137.60693750000002,103.31,34.2969375,3.805357142857143,1,1
1775928124.2640347,2026-04-11T19:22:04.264035,138.950625,103.08,35.870625,5.946428571428571,1,1
1775928125.88095,2026-04-11T19:22:05.880950,136.690125,102.51,34.180125,3.6464285714285714,1,1
1775928127.3690867,2026-04-11T19:22:07.369087,137.32075,103.39,33.93075,3.307142857142857,1,1
1775928128.8709285,2026-04-11T19:22:08.870929,137.01125,103.49,33.52125,2.75,0,1
1775928130.3680813,2026-04-11T19:22:10.368081,137.1335,103.46,33.6735,2.957142857142857,1,1
1775928131.8427935,2026-04-11T19:22:11.842793,137.6735,102.95,34.7235,4.385714285714285,0,1
1775928133.494647,2026-04-11T19:22:13.494647,137.589,103.38,34.209,3.685714285714286,1,1
1775928134.9777145,2026-04-11T19:22:14.977715,141.418375,104.23,37.188375,7.739285714285714,1,1
1775928136.6739428,2026-04-11T19:22:16.673943,136.359,102.57000000000001,33.789,3.1142857142857143,1,1
1775928138.1606643,2026-04-11T19:22:18.160664,138.463875,105.15,33.313875,2.4678571428571425,1,1
1775928139.6515548,2026-04-11T19:22:19.651555,137.391625,103.18,34.211625,3.689285714285714,1,1
1775928141.1305065,2026-04-11T19:22:21.130507,138.1734375,104.37,33.8034375,3.1339285714285716,1,1
1775928142.6467814,2026-04-11T19:22:22.646781,135.3305,101.50999999999999,33.8205,3.1571428571428575,0,1
1775928144.2780397,2026-04-11T19:22:24.278040,136.7755625,102.98,33.7955625,3.123214285714286,1,1
1775928145.808626,2026-04-11T19:22:25.808626,138.2850625,102.4,35.885062500000004,5.966071428571429,1,1
1775928147.646841,2026-04-11T19:22:27.646841,137.07581249999998,103.17,33.905812499999996,3.273214285714286,1,1
1775928149.1287425,2026-04-11T19:22:29.128742,139.1989375,103.39,35.8089375,5.8625,1,1
1775928150.9629776,2026-04-11T19:22:30.962978,137.750625,103.98,33.770625,3.0892857142857144,1,1
1775928152.4879394,2026-04-11T19:22:32.487939,137.7435625,103.57000000000001,34.1735625,3.6374999999999997,1,1
1775928153.9855275,2026-04-11T19:22:33.985528,137.32568750000002,103.79,33.5356875,2.769642857142857,1,1
1775928155.4638836,2026-04-11T19:22:35.463884,137.9895625,103.48,34.5095625,4.0946428571428575,1,1
1775928157.0033853,2026-04-11T19:22:37.003385,138.906125,102.71,36.196125,6.389285714285714,0,1
1775928161.403922,2026-04-11T19:22:41.403922,137.668,103.48,34.188,3.6571428571428575,1,1
1775928162.9901924,2026-04-11T19:22:42.990192,137.5080625,103.66,33.8480625,3.194642857142857,1,1
1775928164.4625223,2026-04-11T19:22:44.462522,137.4120625,103.48,33.9320625,3.3089285714285714,1,1
1775928165.9757016,2026-04-11T19:22:45.975702,139.8190625,105.53,34.2890625,3.794642857142857,1,1
1775928167.4801502,2026-04-11T19:22:47.480150,140.1618125,104.24,35.9218125,6.016071428571428,0,1
1775928171.8987656,2026-04-11T19:22:51.898766,137.365375,103.39,33.975375,3.367857142857143,1,1
1775928173.4107723,2026-04-11T19:22:53.410772,137.776375,103.78,33.996375,3.3964285714285714,1,1
1775928174.881288,2026-04-11T19:22:54.881288,137.19925,103.3,33.89925,3.2642857142857147,1,1
1775928176.3897018,2026-04-11T19:22:56.389702,138.7924375,104.17,34.622437500000004,4.248214285714286,1,1
1775928177.9132354,2026-04-11T19:22:57.913235,135.84525,102.03,33.81525,3.15,0,1
1775928179.519789,2026-04-11T19:22:59.519789,137.044875,103.5,33.544875,2.7821428571428575,1,1
1775928181.045317,2026-04-11T19:23:01.045317,138.0935625,101.82,36.2735625,6.494642857142857,1,1
1775928182.848943,2026-04-11T19:23:02.848943,137.628125,103.28,34.348125,3.875,1,1
1775928184.3650777,2026-04-11T19:23:04.365078,147.93618750000002,106.2,41.7361875,13.926785714285714,1,1
1775928185.7793987,2026-04-11T19:23:05.779399,137.15474999999998,103.77,33.38475,2.564285714285714,1,1
1775928187.2583108,2026-04-11T19:23:07.258311,138.772625,104.75,34.022625,3.432142857142857,1,1
1775928188.806442,2026-04-11T19:23:08.806442,148.086625,101.8,46.286625,20.11785714285714,0,1
1775928190.433114,2026-04-11T19:23:10.433114,138.6758125,104.56,34.1158125,3.5589285714285714,1,1
1775928191.9456506,2026-04-11T19:23:11.945651,137.6689375,102.07,35.5989375,5.576785714285714,1,1
1775928193.593722,2026-04-11T19:23:13.593722,137.2758125,103.58,33.6958125,2.9875000000000003,1,1
1775928195.1423433,2026-04-11T19:23:15.142343,136.44650000000001,102.5,33.9465,3.3285714285714287,1,1
1775928196.6391113,2026-04-11T19:23:16.639111,137.6183125,103.86999999999999,33.7483125,3.0589285714285714,1,1
1775928198.1360462,2026-04-11T19:23:18.136046,136.7859375,102.72,34.0659375,3.4910714285714284,1,1
1775928199.6230958,2026-04-11T19:23:19.623096,137.30962499999998,103.77,33.539625,2.775,0,1
1775928201.2757125,2026-04-11T19:23:21.275712,137.4,103.59,33.81,3.142857142857143,1,1
1775928202.7508788,2026-04-11T19:23:22.750879,144.298125,102.39,41.908125,14.160714285714286,1,1
1775928204.1704469,2026-04-11T19:23:24.170447,136.4588125,102.49,33.9688125,3.3589285714285713,1,1
1775928205.6631083,2026-04-11T19:23:25.663108,136.25818750000002,102.67,33.588187500000004,2.8410714285714285,1,1
1775928207.1867774,2026-04-11T19:23:27.186777,148.7346875,103.46,45.2746875,18.741071428571427,0,1
1775928209.0742123,2026-04-11T19:23:29.074212,137.0970625,103.48,33.6170625,2.880357142857143,1,1
1775928210.5640275,2026-04-11T19:23:30.564028,139.3455625,103.66,35.6855625,5.694642857142858,1,1
1775928212.3450465,2026-04-11T19:23:32.345047,136.5860625,102.99,33.5960625,2.851785714285714,1,1
1775928213.8341286,2026-04-11T19:23:33.834129,137.0734375,103.48,33.5934375,2.8482142857142856,1,1
1775928215.3629785,2026-04-11T19:23:35.362978,136.6070625,102.99000000000001,33.6170625,2.880357142857143,0,1
1775928216.8957388,2026-04-11T19:23:36.895739,136.996125,102.9,34.096125,3.5321428571428575,1,1
1775928218.4184296,2026-04-11T19:23:38.418430,138.11575,103.66,34.45575,4.021428571428571,0,1
1775928220.1214848,2026-04-11T19:23:40.121485,137.6984375,103.58,34.1184375,3.5625,1,1
1775928221.6114168,2026-04-11T19:23:41.611417,142.4129375,103.58,38.8329375,9.976785714285715,1,1
1775928223.4994354,2026-04-11T19:23:43.499435,136.4144375,102.8,33.6144375,2.876785714285714,1,1
1775928225.0395238,2026-04-11T19:23:45.039524,139.8075,105.84,33.9675,3.357142857142857,1,1
1775928226.5293472,2026-04-11T19:23:46.529347,138.06725,103.79,34.27725,3.7785714285714285,0,1
1775928228.0464737,2026-04-11T19:23:48.046474,137.0621875,103.39,33.6721875,2.955357142857143,1,1
1775928229.5311122,2026-04-11T19:23:49.531112,150.73775,103.00999999999999,47.72775,22.07857142857143,0,1
1775928231.371141,2026-04-11T19:23:51.371141,136.6506875,102.8,33.8506875,3.1982142857142857,1,1
1775928232.8414335,2026-04-11T19:23:52.841434,148.3303125,104.46,43.8703125,16.830357142857142,1,1
1775928234.5220726,2026-04-11T19:23:54.522073,136.70712500000002,103.01,33.697125,2.9892857142857143,1,1
1775928236.0571969,2026-04-11T19:23:56.057197,139.3746875,105.44,33.9346875,3.3125,1,1
1775928237.5859313,2026-04-11T19:23:57.585931,138.769875,102.18,36.589875,6.925,0,1
1775928242.405206,2026-04-11T19:24:02.405206,137.88925,103.78,34.10925,3.55,1,1
1775928243.9039407,2026-04-11T19:24:03.903941,137.502125,103.28,34.222125,3.7035714285714287,1,1
1775928245.4116871,2026-04-11T19:24:05.411687,136.517625,102.81,33.707625,3.0035714285714286,1,1
1775928246.9252017,2026-04-11T19:24:06.925202,137.0748125,103.4,33.6748125,2.9589285714285714,1,1
1775928248.4054463,2026-04-11T19:24:08.405446,152.4533125,104.95,47.5033125,21.773214285714285,0,1
1775928250.2289698,2026-04-11T19:24:10.228970,136.38318750000002,102.9,33.4831875,2.6982142857142857,1,1
1775928251.7413971,2026-04-11T19:24:11.741397,139.988625,104.37,35.618625,5.603571428571429,1,1
1775928253.5898895,2026-04-11T19:24:13.589890,137.1341875,103.0,34.1341875,3.5839285714285714,1,1
1775928255.0925207,2026-04-11T19:24:15.092521,138.3135625,104.35,33.9635625,3.351785714285714,1,1
1775928256.586936,2026-04-11T19:24:16.586936,137.36425,103.57,33.79425,3.1214285714285714,1,1
1775928258.132674,2026-04-11T19:24:18.132674,137.3781875,103.78999999999999,33.588187500000004,2.8410714285714285,1,1
1775928259.610748,2026-04-11T19:24:19.610748,137.507375,103.28,34.227375,3.710714285714286,0,1
1775928261.3126345,2026-04-11T19:24:21.312634,138.100625,104.33,33.770625,3.0892857142857144,1,1
1775928262.797754,2026-04-11T19:24:22.797754,139.7334375,102.78,36.9534375,7.419642857142857,1,1
1775928264.629192,2026-04-11T19:24:24.629192,136.403875,103.09,33.313875,2.4678571428571425,1,1
1775928266.174164,2026-04-11T19:24:26.174164,137.2261875,103.47,33.7561875,3.069642857142857,1,1
1775928267.6779275,2026-04-11T19:24:27.677927,137.89862499999998,103.96,33.938625,3.317857142857143,0,1
1775928269.1962779,2026-04-11T19:24:29.196278,136.660125,102.9,33.760125,3.0749999999999997,1,1
1775928270.6951385,2026-04-11T19:24:30.695138,150.145625,102.62,47.525625,21.803571428571427,0,1
1775928272.4998627,2026-04-11T19:24:32.499863,139.7034375,106.11,33.5934375,2.8482142857142856,1,1
1775928273.9868627,2026-04-11T19:24:33.986863,137.82806250000002,102.51,35.3180625,5.194642857142857,1,1
1775928275.7607963,2026-04-11T19:24:35.760796,136.2206875,103.0,33.2206875,2.3410714285714285,1,1
1775928277.252386,2026-04-11T19:24:37.252386,136.902625,103.3,33.602625,2.8607142857142853,1,1
1775928278.772875,2026-04-11T19:24:38.772875,137.26806249999998,103.0,34.2680625,3.7660714285714287,0,1
1775928280.3398552,2026-04-11T19:24:40.339855,137.22750000000002,103.68,33.5475,2.7857142857142856,1,1
1775928281.8419158,2026-04-11T19:24:41.841916,135.91125,102.39,33.52125,2.75,0,1
1775928283.5265896,2026-04-11T19:24:43.526590,139.127375,105.74,33.387375,2.567857142857143,1,1
1775928285.030067,2026-04-11T19:24:45.030067,138.468875,103.58,34.888875,4.610714285714286,1,1
1775928286.8416035,2026-04-11T19:24:46.841604,137.19162500000002,103.4,33.791625,3.117857142857143,1,1
1775928288.3363557,2026-04-11T19:24:48.336356,137.31706250000002,103.7,33.6170625,2.880357142857143,1,1
1775928289.8462229,2026-04-11T19:24:49.846223,138.15831250000002,103.99000000000001,34.1683125,3.630357142857143,0,1
1775928291.347224,2026-04-11T19:24:51.347224,137.164,103.48,33.684,2.9714285714285715,1,1
1775928292.83495,2026-04-11T19:24:52.834950,138.590875,103.45,35.140875,4.953571428571428,0,1
1775928294.572969,2026-04-11T19:24:54.572969,137.14875,103.67999999999999,33.46875,2.6785714285714284,1,1
1775928296.1089616,2026-04-11T19:24:56.108962,137.6159375,103.76,33.8559375,3.205357142857143,1,1
1775928297.8811069,2026-04-11T19:24:57.881107,137.5225,103.87,33.6525,2.9285714285714284,1,1
1775928299.4033432,2026-04-11T19:24:59.403343,137.4805625,103.58,33.9005625,3.2660714285714287,1,1
1775928300.9486506,2026-04-11T19:25:00.948651,138.2619375,104.07,34.1919375,3.6625,0,1
1775928302.4375749,2026-04-11T19:25:02.437575,137.075,103.58,33.495,2.7142857142857144,1,1
1775928303.9281442,2026-04-11T19:25:03.928144,137.006625,102.9,34.106625,3.5464285714285713,0,1
1775928305.6047595,2026-04-11T19:25:05.604759,136.6695,103.08,33.5895,2.8428571428571425,1,1
1775928307.135576,2026-04-11T19:25:07.135576,139.367375,103.67,35.697375,5.710714285714286,1,1
1775928308.9302464,2026-04-11T19:25:08.930246,138.08025,104.37,33.71025,3.007142857142857,1,1
1775928310.4171154,2026-04-11T19:25:10.417115,136.9946875,103.27,33.7246875,3.0267857142857144,1,1
1775928311.8990047,2026-04-11T19:25:11.899005,137.32637499999998,103.75,33.576375,2.8249999999999997,0,1
1775928313.392319,2026-04-11T19:25:13.392319,136.419875,102.98,33.439875,2.6392857142857147,1,1
1775928314.91178,2026-04-11T19:25:14.911780,149.2775,102.5,46.7775,20.785714285714285,0,1
1775928316.7099009,2026-04-11T19:25:16.709901,136.8960625,103.09,33.8060625,3.1374999999999997,1,1
1775928318.20014,2026-04-11T19:25:18.200140,139.7504375,104.33,35.4204375,5.333928571428571,1,1
1775928319.9208705,2026-04-11T19:25:19.920871,137.9551875,103.59,34.3651875,3.898214285714286,1,1
1775928321.4682944,2026-04-11T19:25:21.468294,137.408375,103.58,33.828375,3.167857142857143,1,1
1775928322.953391,2026-04-11T19:25:22.953391,137.88125,104.36,33.52125,2.75,1,1
1775928324.468252,2026-04-11T19:25:24.468252,137.4359375,103.58,33.8559375,3.205357142857143,1,1
1775928325.956898,2026-04-11T19:25:25.956898,138.619375,103.09,35.529375,5.482142857142857,0,1
1775928327.659168,2026-04-11T19:25:27.659168,137.22887500000002,103.39,33.838875,3.182142857142857,1,1
1775928329.1548343,2026-04-11T19:25:29.154834,137.558125,103.0,34.558125,4.160714285714286,1,1
1775928330.8789866,2026-04-11T19:25:30.878987,139.0686875,105.05,34.0186875,3.4267857142857143,1,1
1775928332.3884213,2026-04-11T19:25:32.388421,138.29025000000001,104.16,34.130250000000004,3.5785714285714287,1,1
1775928333.8732688,2026-04-11T19:25:33.873269,135.6671875,102.1,33.5671875,2.8125,0,1
1775928335.3793275,2026-04-11T19:25:35.379328,137.407625,103.49000000000001,33.917625,3.289285714285714,1,1
1775928336.919455,2026-04-11T19:25:36.919455,149.9038125,102.6,47.3038125,21.501785714285713,0,1
1775928338.802891,2026-04-11T19:25:38.802891,137.23306250000002,103.28,33.9530625,3.3375,1,1
1775928340.2863462,2026-04-11T19:25:40.286346,138.42675,102.69,35.73675,5.764285714285714,1,1
1775928342.0433517,2026-04-11T19:25:42.043352,136.65856250000002,103.01,33.6485625,2.9232142857142853,1,1
1775928343.5596476,2026-04-11T19:25:43.559648,137.7808125,103.77,34.0108125,3.416071428571428,1,1
1775928345.0394409,2026-04-11T19:25:45.039441,137.3415,103.28999999999999,34.0515,3.4714285714285715,1,1
1775928346.533496,2026-04-11T19:25:46.533496,137.27275,103.3,33.97275,3.3642857142857143,1,1
1775928348.0676708,2026-04-11T19:25:48.067671,150.5078125,102.7,47.8078125,22.1875,0,1
1775928349.8868833,2026-04-11T19:25:49.886883,136.8931875,102.99,33.9031875,3.269642857142857,1,1
1775928351.3696527,2026-04-11T19:25:51.369653,137.97468750000002,102.99000000000001,34.9846875,4.741071428571429,1,1
1775928353.2070415,2026-04-11T19:25:53.207042,137.5858125,103.89,33.6958125,2.9875000000000003,1,1
1775928354.7006884,2026-04-11T19:25:54.700688,138.1146875,103.97,34.1446875,3.5982142857142856,1,1
1775928356.1911414,2026-04-11T19:25:56.191141,138.1645625,104.17999999999999,33.9845625,3.380357142857143,0,1
1775928357.7121823,2026-04-11T19:25:57.712182,137.0086875,102.99000000000001,34.0186875,3.4267857142857143,1,1
1775928359.2296607,2026-04-11T19:25:59.229661,137.5650625,103.57,33.9950625,3.394642857142857,0,1
1775928360.955573,2026-04-11T19:26:00.955573,138.082875,104.16,33.922875,3.2964285714285713,1,1
1775928362.4414253,2026-04-11T19:26:02.441425,140.8031875,104.17,36.6331875,6.983928571428572,1,1
1775928364.265607,2026-04-11T19:26:04.265607,136.5795,103.2,33.3795,2.557142857142857,1,1
1775928365.8050296,2026-04-11T19:26:05.805030,137.7681875,103.97,33.7981875,3.126785714285714,1,1
1775928367.3117204,2026-04-11T19:26:07.311720,136.9236875,102.59,34.333687499999996,3.855357142857143,0,1
1775928368.803337,2026-04-11T19:26:08.803337,137.59025,103.88,33.71025,3.007142857142857,1,1
1775928370.348481,2026-04-11T19:26:10.348481,137.866625,102.5,35.366625,5.260714285714286,0,1
1775928372.174684,2026-04-11T19:26:12.174684,136.967375,103.58,33.387375,2.567857142857143,1,1
1775928373.7042706,2026-04-11T19:26:13.704271,139.44575,103.94,35.50575,5.45,1,1
1775928375.4751363,2026-04-11T19:26:15.475136,137.607625,103.48,34.127625,3.5749999999999997,1,1
1775928376.988538,2026-04-11T19:26:16.988538,138.4621875,104.37,34.0921875,3.5267857142857144,1,1
1775928378.5107057,2026-04-11T19:26:18.510706,136.427125,102.31,34.117125,3.560714285714286,1,1
1775928379.9993289,2026-04-11T19:26:19.999329,137.994125,104.15,33.844125,3.189285714285714,1,1
1775928381.4836667,2026-04-11T19:26:21.483667,137.9190625,103.0,34.9190625,4.651785714285714,0,1
1775928383.175197,2026-04-11T19:26:23.175197,137.54725,103.69,33.85725,3.207142857142857,1,1
1775928384.683925,2026-04-11T19:26:24.683925,138.54925,104.65,33.89925,3.2642857142857147,1,1
1775928386.44143,2026-04-11T19:26:26.441430,137.75456250000002,103.98,33.7745625,3.0946428571428575,1,1
1775928387.9554625,2026-04-11T19:26:27.955462,137.01206249999998,103.28999999999999,33.7220625,3.023214285714286,1,1
1775928389.438669,2026-04-11T19:26:29.438669,137.3271875,103.34,33.9871875,3.3839285714285716,1,1
1775928390.9387505,2026-04-11T19:26:30.938751,137.145375,103.38,33.765375,3.082142857142857,1,1
1775928392.438445,2026-04-11T19:26:32.438445,149.9863125,102.42,47.566312499999995,21.85892857142857,0,1
1775928394.2761614,2026-04-11T19:26:34.276161,138.9805,105.16,33.8205,3.1571428571428575,1,1
1775928395.7698138,2026-04-11T19:26:35.769814,139.423125,103.08,36.343125,6.589285714285714,1,1
1775928397.4489093,2026-04-11T19:26:37.448909,136.2218125,102.61,33.6118125,2.873214285714286,1,1
1775928398.987168,2026-04-11T19:26:38.987168,137.3058125,103.19,34.1158125,3.5589285714285714,1,1
1775928400.480567,2026-04-11T19:26:40.480567,136.6094375,102.89,33.7194375,3.019642857142857,0,1
1775928401.982692,2026-04-11T19:26:41.982692,136.8323125,103.0,33.8323125,3.1732142857142853,1,1
1775928403.5493581,2026-04-11T19:26:43.549358,148.641875,103.4,45.241875,18.696428571428573,0,1
1775928405.4262033,2026-04-11T19:26:45.426203,136.89425,103.10000000000001,33.79425,3.1214285714285714,1,1
1775928406.9115415,2026-04-11T19:26:46.911541,139.0001875,103.48,35.5201875,5.4696428571428575,1,1
1775928408.6522002,2026-04-11T19:26:48.652200,137.1834375,103.59,33.5934375,2.8482142857142856,1,1
1775928410.152292,2026-04-11T19:26:50.152292,137.385375,103.2,34.185375,3.6535714285714285,1,1
1775928411.6378577,2026-04-11T19:26:51.637858,137.6681875,103.87,33.7981875,3.126785714285714,0,1
1775928413.177544,2026-04-11T19:26:53.177544,136.942,102.88,34.062,3.4857142857142853,1,1
1775928414.7057552,2026-04-11T19:26:54.705755,140.8431875,104.84,36.0031875,6.126785714285715,0,1
1775928416.450364,2026-04-11T19:26:56.450364,137.6598125,104.09,33.5698125,2.8160714285714286,1,1
1775928417.966693,2026-04-11T19:26:57.966693,139.1575,103.3,35.8575,5.928571428571429,1,1
1775928419.82252,2026-04-11T19:26:59.822520,137.7796875,104.58,33.1996875,2.3125,1,1
1775928421.3129733,2026-04-11T19:27:01.312973,138.9670625,105.14,33.8270625,3.1660714285714286,1,1
1775928422.7997575,2026-04-11T19:27:02.799757,137.3433125,103.28,34.0633125,3.4875000000000003,0,1
1775928424.299542,2026-04-11T19:27:04.299542,136.8684375,103.38,33.4884375,2.705357142857143,1,1
1775928425.8372922,2026-04-11T19:27:05.837292,150.97125,103.38,47.59125,21.892857142857142,0,1
1775928427.6349187,2026-04-11T19:27:07.634919,137.92624999999998,103.88,34.04625,3.4642857142857144,1,1
1775928429.174081,2026-04-11T19:27:09.174081,139.0896875,103.58,35.5096875,5.455357142857143,1,1
1775928430.915001,2026-04-11T19:27:10.915001,137.3418125,103.1,34.2418125,3.730357142857143,1,1
1775928432.4019156,2026-04-11T19:27:12.401916,136.607375,102.8,33.807375,3.1392857142857147,1,1
1775928433.9121366,2026-04-11T19:27:13.912137,137.0998125,102.9,34.1998125,3.6732142857142853,0,1
1775928435.399105,2026-04-11T19:27:15.399105,136.8430625,102.89,33.9530625,3.3375,1,1
1775928436.9379702,2026-04-11T19:27:16.937970,149.549875,101.62,47.929874999999996,22.353571428571428,0,1
1775928438.7099376,2026-04-11T19:27:18.709938,137.3719375,103.39,33.9819375,3.376785714285714,1,1
1775928440.223,2026-04-11T19:27:20.223000,138.0836875,102.49,35.5936875,5.569642857142857,1,1
1775928441.9455566,2026-04-11T19:27:21.945557,137.11275,103.56,33.55275,2.792857142857143,1,1
1775928443.4561756,2026-04-11T19:27:23.456176,137.570125,103.39,34.180125,3.6464285714285714,1,1
1775928444.9402113,2026-04-11T19:27:24.940211,137.20025,103.49000000000001,33.71025,3.007142857142857,0,1
1775928446.4544988,2026-04-11T19:27:26.454499,137.55168749999999,103.67999999999999,33.8716875,3.226785714285714,1,1
1775928447.9700928,2026-04-11T19:27:27.970093,137.74906249999998,102.41,35.3390625,5.223214285714286,0,1
1775928449.7293203,2026-04-11T19:27:29.729320,137.3406875,103.28,34.0606875,3.4839285714285713,1,1
1775928451.265705,2026-04-11T19:27:31.265705,139.0534375,103.78,35.2734375,5.133928571428571,1,1
1775928453.0316875,2026-04-11T19:27:33.031687,137.0184375,102.69,34.3284375,3.8482142857142856,1,1
1775928454.5230122,2026-04-11T19:27:34.523012,137.60706249999998,103.78,33.8270625,3.1660714285714286,1,1
1775928456.0110793,2026-04-11T19:27:36.011079,137.0205625,102.7,34.3205625,3.8375,0,1
1775928457.5105128,2026-04-11T19:27:37.510513,137.74375,103.96000000000001,33.78375,3.107142857142857,1,1
1775928459.033611,2026-04-11T19:27:39.033611,138.6139375,103.75,34.8639375,4.576785714285714,0,1
1775928460.7229064,2026-04-11T19:27:40.722906,136.682375,103.19,33.492375,2.710714285714286,1,1
1775928462.208195,2026-04-11T19:27:42.208195,136.3501875,102.3,34.0501875,3.4696428571428575,1,1
1775928463.9689565,2026-04-11T19:27:43.968956,137.03806250000002,103.4,33.638062500000004,2.9089285714285715,1,1
1775928465.4621122,2026-04-11T19:27:45.462112,138.2433125,103.97,34.2733125,3.773214285714286,1,1
1775928466.9927871,2026-04-11T19:27:46.992787,135.83175,102.3,33.53175,2.7642857142857147,0,1
1775928468.5072126,2026-04-11T19:27:48.507213,136.98262499999998,102.75,34.232625,3.7178571428571425,1,1
1775928470.0717282,2026-04-11T19:27:50.071728,150.080625,104.55,45.530625,19.089285714285715,0,1
1775928471.9313638,2026-04-11T19:27:51.931364,137.55012499999998,103.78999999999999,33.760125,3.0749999999999997,1,1
1775928473.437578,2026-04-11T19:27:53.437578,138.592875,103.2,35.392875000000004,5.296428571428572,1,1
1775928475.1604643,2026-04-11T19:27:55.160464,138.5045625,104.94,33.5645625,2.8089285714285714,1,1
1775928476.6894972,2026-04-11T19:27:56.689497,139.0945625,105.53,33.5645625,2.8089285714285714,1,1
1775928478.1815605,2026-04-11T19:27:58.181561,137.3359375,103.48,33.8559375,3.205357142857143,1,1
1775928479.673665,2026-04-11T19:27:59.673665,137.16875,103.28,33.88875,3.25,1,1
1775928481.1844673,2026-04-11T19:28:01.184467,150.4068125,103.67,46.7368125,20.730357142857144,0,1
1775928482.8819444,2026-04-11T19:28:02.881944,136.8295625,103.37,33.4595625,2.6660714285714286,1,1
1775928484.4123433,2026-04-11T19:28:04.412343,141.1411875,104.55,36.591187500000004,6.926785714285714,1,1
1775928486.230804,2026-04-11T19:28:06.230804,136.3834375,102.58,33.8034375,3.1339285714285716,1,1
1775928487.7723086,2026-04-11T19:28:07.772309,136.4435,103.19,33.2535,2.3857142857142857,1,1
1775928489.3094673,2026-04-11T19:28:09.309467,137.064,103.38,33.684,2.9714285714285715,0,1
1775928490.840012,2026-04-11T19:28:10.840012,138.784875,105.24000000000001,33.544875,2.7821428571428575,1,1
1775928492.3549688,2026-04-11T19:28:12.354969,138.5944375,103.09,35.5044375,5.448214285714286,0,1
1775928494.06134,2026-04-11T19:28:14.061340,137.41750000000002,103.87,33.5475,2.7857142857142856,1,1
1775928495.5897548,2026-04-11T19:28:15.589755,137.57925,103.47,34.10925,3.5500000000000003,1,1
1775928497.3507931,2026-04-11T19:28:17.350793,136.8598125,103.08,33.7798125,3.101785714285714,1,1
1775928498.8318093,2026-04-11T19:28:18.831809,138.9565625,105.35,33.6065625,2.8660714285714284,1,1
1775928500.3344324,2026-04-11T19:28:20.334432,139.0956875,103.88,35.2156875,5.055357142857143,0,1
1775928505.0447497,2026-04-11T19:28:25.044750,135.645125,102.2,33.445125,2.6464285714285714,1,1
1775928506.5435061,2026-04-11T19:28:26.543506,137.639,104.06,33.579,2.8285714285714287,1,1
1775928508.0447218,2026-04-11T19:28:28.044722,136.939125,102.99,33.949125,3.332142857142857,0,1
1775928509.5238144,2026-04-11T19:28:29.523814,137.67875,103.79,33.88875,3.25,1,1
1775928511.0598445,2026-04-11T19:28:31.059844,150.2495625,102.51,47.7395625,22.094642857142855,0,1
1775928512.8878238,2026-04-11T19:28:32.887824,137.726125,104.47,33.256125,2.3892857142857147,1,1
1775928514.370874,2026-04-11T19:28:34.370874,140.013375,103.97999999999999,36.033375,6.167857142857144,1,1
1775928516.075643,2026-04-11T19:28:36.075643,137.40125,103.88000000000001,33.52125,2.75,1,1
1775928517.5703053,2026-04-11T19:28:37.570305,138.0159375,103.95,34.0659375,3.4910714285714284,1,1
1775928519.049042,2026-04-11T19:28:39.049042,136.6908125,103.1,33.5908125,2.8446428571428575,1,1
1775928520.595289,2026-04-11T19:28:40.595289,136.9068125,103.4,33.5068125,2.730357142857143,1,1
1775928522.065891,2026-04-11T19:28:42.065891,137.653625,101.72,35.933625,6.0321428571428575,0,1
1775928523.8819082,2026-04-11T19:28:43.881908,139.8223125,106.2,33.6223125,2.8874999999999997,1,1
1775928525.3616698,2026-04-11T19:28:45.361670,146.9598125,103.10000000000001,43.859812500000004,16.81607142857143,1,1
1775928526.7885687,2026-04-11T19:28:46.788569,137.25856249999998,103.19,34.0685625,3.494642857142857,1,1
1775928528.279342,2026-04-11T19:28:48.279342,137.4595625,103.58,33.8795625,3.2375000000000003,1,1
1775928529.8199127,2026-04-11T19:28:49.819913,135.85862500000002,101.92,33.938625,3.317857142857143,0,1
1775928531.400605,2026-04-11T19:28:51.400605,136.9568125,103.45,33.5068125,2.730357142857143,1,1
1775928532.904309,2026-04-11T19:28:52.904309,142.37743749999998,106.39,35.9874375,6.105357142857143,1,1
1775928534.6335585,2026-04-11T19:28:54.633559,136.597875,103.2,33.397875,2.582142857142857,1,1
1775928536.189091,2026-04-11T19:28:56.189091,137.113875,103.17,33.943875,3.3249999999999997,1,1
1775928537.6612236,2026-04-11T19:28:57.661224,136.6170625,102.79,33.8270625,3.1660714285714286,1,1
1775928539.1722171,2026-04-11T19:28:59.172217,137.8335625,103.66,34.1735625,3.6374999999999997,1,1
1775928540.655002,2026-04-11T19:29:00.655002,151.0653125,103.94,47.1253125,21.258928571428573,0,1
1775928542.3269575,2026-04-11T19:29:02.326957,137.18,103.37,33.81,3.142857142857143,1,1
1775928543.8392518,2026-04-11T19:29:03.839252,139.6904375,103.85,35.8404375,5.9053571428571425,1,1
1775928545.847151,2026-04-11T19:29:05.847151,136.85750000000002,103.10000000000001,33.7575,3.0714285714285716,1,1
1775928547.38593,2026-04-11T19:29:07.385930,138.4710625,103.3,35.1710625,4.994642857142857,1,1
1775928549.2326093,2026-04-11T19:29:09.232609,136.897875,103.08,33.817875,3.1535714285714285,1,1
1775928550.7219217,2026-04-11T19:29:10.721922,136.60343749999998,102.8,33.8034375,3.1339285714285716,1,1
1775928552.2236078,2026-04-11T19:29:12.223608,137.1156875,103.58,33.5356875,2.769642857142857,0,1
1775928553.7390838,2026-04-11T19:29:13.739084,137.0073125,103.28,33.7273125,3.0303571428571425,1,1
1775928555.2286813,2026-04-11T19:29:15.228681,147.1460625,102.42,44.7260625,17.994642857142857,0,1
1775928557.0460684,2026-04-11T19:29:17.046068,137.1819375,103.41,33.7719375,3.0910714285714285,1,1
1775928558.5289292,2026-04-11T19:29:18.528929,139.798125,103.98,35.818125,5.875,1,1
1775928560.393639,2026-04-11T19:29:20.393639,136.54250000000002,102.89,33.6525,2.9285714285714284,1,1
1775928561.9081416,2026-04-11T19:29:21.908142,136.8753125,103.19,33.6853125,2.9732142857142856,1,1
1775928563.394345,2026-04-11T19:29:23.394345,137.63037500000002,103.97,33.660375,2.939285714285714,1,1
1775928564.9024897,2026-04-11T19:29:24.902490,136.14331249999998,102.71,33.4333125,2.630357142857143,1,1
1775928566.4329505,2026-04-11T19:29:26.432950,137.7095,102.02,35.6895,5.7,0,1
1775928568.1439154,2026-04-11T19:29:28.143915,137.0881875,103.28999999999999,33.7981875,3.126785714285714,1,1
1775928569.6705208,2026-04-11T19:29:29.670521,137.07156250000003,102.52000000000001,34.5515625,4.151785714285714,1,1
1775928571.4244282,2026-04-11T19:29:31.424428,137.1688125,103.2,33.9688125,3.3589285714285713,1,1
1775928572.9240859,2026-04-11T19:29:32.924086,136.61275,103.06,33.55275,2.792857142857143,1,1
1775928574.4017487,2026-04-11T19:29:34.401749,136.52775,102.87,33.65775,2.935714285714286,0,1
1775928575.9187176,2026-04-11T19:29:35.918718,136.640375,103.19,33.450375,2.6535714285714285,1,1
1775928577.430273,2026-04-11T19:29:37.430273,147.18625,102.01,45.17625,18.607142857142858,0,1
1775928579.379383,2026-04-11T19:29:39.379383,136.962125,103.16,33.802125,3.132142857142857,1,1
1775928580.8660886,2026-04-11T19:29:40.866089,138.6440625,104.25,34.3940625,3.9375,1,1
1775928582.6225767,2026-04-11T19:29:42.622577,136.7721875,103.1,33.6721875,2.955357142857143,1,1
1775928584.1218724,2026-04-11T19:29:44.121872,137.5425,103.67999999999999,33.8625,3.2142857142857144,1,1
1775928585.6077435,2026-04-11T19:29:45.607744,136.4585625,102.6,33.8585625,3.2089285714285714,0,1
1775928587.1138127,2026-04-11T19:29:47.113813,136.82150000000001,102.98,33.8415,3.185714285714286,1,1
1775928588.616162,2026-04-11T19:29:48.616162,149.58156250000002,102.01,47.5715625,21.866071428571427,0,1
1775928590.4519906,2026-04-11T19:29:50.451991,137.945375,103.76,34.185375,3.6535714285714285,1,1
1775928591.9609897,2026-04-11T19:29:51.960990,139.96412500000002,103.18,36.784125,7.189285714285715,1,1
1775928593.6341965,2026-04-11T19:29:53.634197,136.487625,102.78,33.707625,3.0035714285714286,1,1
1775928595.1293793,2026-04-11T19:29:55.129379,136.5283125,102.57,33.9583125,3.3446428571428575,1,1
1775928596.6186767,2026-04-11T19:29:56.618677,137.328625,103.39,33.938625,3.317857142857143,1,1
1775928598.1787937,2026-04-11T19:29:58.178794,137.25093750000002,103.29,33.9609375,3.3482142857142856,1,1
1775928599.6601326,2026-04-11T19:29:59.660133,137.9589375,103.2,34.7589375,4.433928571428572,0,1
1775928601.34706,2026-04-11T19:30:01.347060,137.50625000000002,103.46000000000001,34.04625,3.4642857142857144,1,1
1775928602.8643763,2026-04-11T19:30:02.864376,137.3629375,103.57,33.7929375,3.119642857142857,1,1
1775928604.615457,2026-04-11T19:30:04.615457,137.10525,103.29,33.81525,3.15,1,1
1775928606.1626885,2026-04-11T19:30:06.162688,136.2973125,102.99,33.3073125,2.4589285714285714,1,1
1775928607.720143,2026-04-11T19:30:07.720143,137.68506250000002,103.48,34.2050625,3.680357142857143,0,1
1775928609.2660534,2026-04-11T19:30:09.266053,137.298875,103.67,33.628875,2.8964285714285714,1,1
1775928610.7579286,2026-04-11T19:30:10.757929,136.9826875,102.67,34.3126875,3.8267857142857147,0,1
1775928612.4548779,2026-04-11T19:30:12.454878,137.63431250000002,103.76,33.8743125,3.230357142857143,1,1
1775928613.975142,2026-04-11T19:30:13.975142,137.2340625,103.26,33.9740625,3.3660714285714284,1,1
1775928615.7678244,2026-04-11T19:30:15.767824,136.82887499999998,102.99,33.838875,3.182142857142857,1,1
1775928617.3143406,2026-04-11T19:30:17.314341,137.1743125,103.09,34.0843125,3.5160714285714287,1,1
1775928618.7882552,2026-04-11T19:30:18.788255,136.58081249999998,102.99,33.5908125,2.8446428571428575,0,1
1775928620.312684,2026-04-11T19:30:20.312684,137.50549999999998,103.58,33.9255,3.3000000000000003,1,1
1775928621.8411317,2026-04-11T19:30:21.841132,149.47581250000002,101.92,47.5558125,21.844642857142855,0,1
1775928623.714388,2026-04-11T19:30:23.714388,137.6280625,103.78,33.8480625,3.194642857142857,1,1
1775928625.1973438,2026-04-11T19:30:25.197344,140.3540625,103.86,36.4940625,6.794642857142857,1,1
1775928626.9727461,2026-04-11T19:30:26.972746,136.6884375,102.99,33.6984375,2.9910714285714284,1,1
1775928628.487238,2026-04-11T19:30:28.487238,136.5228125,102.89,33.6328125,2.9017857142857144,1,1
1775928629.9938045,2026-04-11T19:30:29.993804,136.7369375,103.07000000000001,33.6669375,2.9482142857142857,0,1
1775928631.482595,2026-04-11T19:30:31.482595,138.098875,104.25999999999999,33.838875,3.182142857142857,1,1
1775928632.9853249,2026-04-11T19:30:32.985325,148.34325,102.6,45.74325,19.37857142857143,0,1
1775928634.7727475,2026-04-11T19:30:34.772748,136.497625,102.79,33.707625,3.0035714285714286,1,1
1775928636.2717657,2026-04-11T19:30:36.271766,139.244125,103.93,35.314125,5.189285714285714,1,1
1775928638.0348535,2026-04-11T19:30:38.034853,137.2538125,103.39,33.8638125,3.2160714285714285,1,1
1775928639.5237207,2026-04-11T19:30:39.523721,136.84831250000002,103.10000000000001,33.7483125,3.0589285714285714,1,1
1775928641.014885,2026-04-11T19:30:41.014885,138.1634375,104.36,33.8034375,3.1339285714285716,0,1
1775928642.533104,2026-04-11T19:30:42.533104,138.2134375,103.57,34.6434375,4.276785714285714,1,1
1775928644.0949953,2026-04-11T19:30:44.094995,149.821,103.18,46.641,20.599999999999998,0,1
1775928645.9660912,2026-04-11T19:30:45.966091,137.53981249999998,103.97,33.5698125,2.8160714285714286,1,1
1775928647.5981681,2026-04-11T19:30:47.598168,138.480125,101.99,36.490125,6.789285714285714,1,1
1775928649.51383,2026-04-11T19:30:49.513830,137.7509375,103.58,34.1709375,3.6339285714285716,1,1
1775928651.0047333,2026-04-11T19:30:51.004733,146.830375,102.88,43.950375,16.939285714285713,1,1
1775928652.8409715,2026-04-11T19:30:52.840971,137.22025000000002,103.09,34.130250000000004,3.5785714285714287,1,1
1775928654.3607833,2026-04-11T19:30:54.360783,137.467625,103.76,33.707625,3.0035714285714286,1,1
1775928655.839439,2026-04-11T19:30:55.839439,137.6133125,103.76,33.8533125,3.2017857142857147,0,1
1775928657.3511598,2026-04-11T19:30:57.351160,137.6254375,103.78,33.8454375,3.1910714285714286,1,1
1775928658.8551753,2026-04-11T19:30:58.855175,138.407375,102.71000000000001,35.697375,5.710714285714286,0,1
1775928660.582991,2026-04-11T19:31:00.582991,137.150625,103.38,33.770625,3.0892857142857144,1,1
1775928662.0782347,2026-04-11T19:31:02.078235,140.548875,103.77,36.778875,7.182142857142857,1,1
1775928663.8057826,2026-04-11T19:31:03.805783,136.22125,102.49,33.73125,3.0357142857142856,1,1
1775928665.3487782,2026-04-11T19:31:05.348778,137.4259375,103.57000000000001,33.8559375,3.205357142857143,1,1
1775928666.8334951,2026-04-11T19:31:06.833495,137.201125,103.0,34.201125,3.6750000000000003,1,1
1775928668.327817,2026-04-11T19:31:08.327817,138.291875,103.97,34.321875,3.8392857142857144,1,1
1775928669.8599894,2026-04-11T19:31:09.859989,135.805125,101.52,34.285125,3.789285714285714,0,1
1775928671.535961,2026-04-11T19:31:11.535961,136.9709375,103.01,33.9609375,3.3482142857142856,1,1
1775928673.03729,2026-04-11T19:31:13.037290,147.27131250000002,103.59,43.681312500000004,16.573214285714286,1,1
1775928674.8401802,2026-04-11T19:31:14.840180,136.50025,102.79,33.71025,3.007142857142857,1,1
1775928676.3285685,2026-04-11T19:31:16.328568,137.2235625,103.47,33.7535625,3.0660714285714286,1,1
1775928677.850342,2026-04-11T19:31:17.850342,138.5955625,102.7,35.8955625,5.980357142857143,0,1
1775928682.5346344,2026-04-11T19:31:22.534634,137.40525,103.59,33.81525,3.15,1,1
1775928684.0498922,2026-04-11T19:31:24.049892,137.25956250000002,103.59,33.6695625,2.9517857142857147,1,1
1775928685.554563,2026-04-11T19:31:25.554563,136.7625,102.9,33.8625,3.2142857142857144,0,1
1775928687.0879335,2026-04-11T19:31:27.087934,137.00706250000002,103.39,33.6170625,2.880357142857143,1,1
1775928688.56971,2026-04-11T19:31:28.569710,139.5545625,103.68,35.874562499999996,5.951785714285714,1,1
1775928690.2931955,2026-04-11T19:31:30.293195,137.31,103.29,34.019999999999996,3.4285714285714284,1,1
1775928691.7756882,2026-04-11T19:31:31.775688,137.7409375,103.78,33.9609375,3.3482142857142856,1,1
1775928693.3047,2026-04-11T19:31:33.304700,136.7970625,103.39,33.4070625,2.5946428571428575,0,1
1775928694.797094,2026-04-11T19:31:34.797094,136.9004375,103.37,33.5304375,2.7624999999999997,1,1
1775928696.3147197,2026-04-11T19:31:36.314720,149.0116875,102.33,46.6816875,20.655357142857145,0,1
1775928698.1643906,2026-04-11T19:31:38.164391,138.6985625,105.05000000000001,33.6485625,2.9232142857142853,1,1
1775928699.7010252,2026-04-11T19:31:39.701025,145.06843750000002,104.65,40.418437499999996,12.133928571428571,1,1
1775928701.4477453,2026-04-11T19:31:41.447745,136.62625,103.0,33.62625,2.892857142857143,1,1
1775928702.9342318,2026-04-11T19:31:42.934232,137.583625,103.96000000000001,33.623625000000004,2.8892857142857147,1,1
1775928704.4196186,2026-04-11T19:31:44.419619,137.850625,103.45,34.400625,3.9464285714285716,0,1
1775928705.915663,2026-04-11T19:31:45.915663,136.790875,102.7,34.090875,3.525,1,1
1775928707.4692876,2026-04-11T19:31:47.469288,148.7301875,102.5,46.2301875,20.041071428571428,0,1
1775928709.2299693,2026-04-11T19:31:49.229969,137.0669375,102.98,34.0869375,3.519642857142857,1,1
1775928710.7453225,2026-04-11T19:31:50.745322,147.2739375,103.59,43.6839375,16.576785714285712,1,1
1775928712.1649852,2026-04-11T19:31:52.164985,142.3110625,108.39999999999999,33.9110625,3.2803571428571425,1,1
1775928713.6581154,2026-04-11T19:31:53.658115,136.52125,102.78999999999999,33.73125,3.0357142857142856,1,1
1775928715.177934,2026-04-11T19:31:55.177934,152.09718750000002,106.77000000000001,45.3271875,18.8125,0,1
1775928716.8023622,2026-04-11T19:31:56.802362,137.45325,103.47,33.98325,3.3785714285714286,1,1
1775928718.277944,2026-04-11T19:31:58.277944,143.1105,102.99,40.1205,11.728571428571428,1,1
1775928719.9999485,2026-04-11T19:31:59.999949,137.0235625,103.69,33.3335625,2.494642857142857,1,1
1775928721.535357,2026-04-11T19:32:01.535357,137.687625,103.98,33.707625,3.0035714285714286,1,1
1775928723.006726,2026-04-11T19:32:03.006726,150.8213125,103.57000000000001,47.2513125,21.43035714285714,0,1
1775928724.6371043,2026-04-11T19:32:04.637104,136.7396875,102.7,34.0396875,3.455357142857143,1,1
1775928726.1078138,2026-04-11T19:32:06.107814,137.70625,104.08,33.62625,2.892857142857143,1,1
1775928727.5657654,2026-04-11T19:32:07.565765,136.42175,103.10000000000001,33.32175,2.478571428571428,1,1
1775928729.0523095,2026-04-11T19:32:09.052310,136.3694375,103.07,33.299437499999996,2.4482142857142857,1,1
1775928730.5309951,2026-04-11T19:32:10.530995,137.9835625,101.92,36.0635625,6.208928571428571,0,1
1775928732.3762076,2026-04-11T19:32:12.376208,137.564625,103.29,34.274625,3.775,1,1
1775928733.8636448,2026-04-11T19:32:13.863645,146.98825,102.4,44.58825,17.807142857142857,1,1
1775928735.2757041,2026-04-11T19:32:15.275704,136.92000000000002,102.9,34.019999999999996,3.4285714285714284,1,1
1775928736.7816925,2026-04-11T19:32:16.781693,138.0005,103.97,34.0305,3.442857142857143,1,1
1775928738.2922084,2026-04-11T19:32:18.292208,148.14475,103.0,45.14475,18.564285714285713,0,1
1775928739.970646,2026-04-11T19:32:19.970646,137.3295625,103.87,33.4595625,2.6660714285714286,1,1
1775928741.4971354,2026-04-11T19:32:21.497135,141.85512500000002,103.37,38.485125000000004,9.50357142857143,1,1
1775928742.9212418,2026-04-11T19:32:22.921242,136.10862500000002,102.59,33.518625,2.7464285714285714,1,1
1775928744.444399,2026-04-11T19:32:24.444399,137.584,103.69,33.894,3.257142857142857,1,1
1775928745.964001,2026-04-11T19:32:25.964001,136.556375,101.72,34.836375,4.539285714285714,0,1
1775928747.6461112,2026-04-11T19:32:27.646111,137.392625,103.58,33.812625,3.1464285714285714,1,1
1775928749.1332562,2026-04-11T19:32:29.133256,138.9765625,102.01,36.9665625,7.4375,1,1
1775928751.0199115,2026-04-11T19:32:31.019912,137.5808125,103.78,33.8008125,3.130357142857143,1,1
1775928752.533979,2026-04-11T19:32:32.533979,146.57912499999998,103.17999999999999,43.399125,16.189285714285713,1,1
1775928754.263868,2026-04-11T19:32:34.263868,137.3679375,103.68,33.6879375,2.976785714285714,1,1
1775928755.7544374,2026-04-11T19:32:35.754437,136.32150000000001,102.9,33.4215,2.6142857142857143,1,1
1775928757.2599847,2026-04-11T19:32:37.259985,138.19468750000001,104.26,33.9346875,3.3125,0,1
1775928758.7752798,2026-04-11T19:32:38.775280,138.3493125,104.58,33.7693125,3.0875,1,1
1775928760.2922552,2026-04-11T19:32:40.292255,149.4419375,102.02,47.4219375,21.662499999999998,0,1
1775928762.1602018,2026-04-11T19:32:42.160202,137.502875,103.58,33.922875,3.2964285714285713,1,1
1775928763.632583,2026-04-11T19:32:43.632583,144.0449375,103.49,40.5549375,12.319642857142856,1,1
1775928765.5157907,2026-04-11T19:32:45.515791,137.33675,103.49,33.84675,3.1928571428571426,1,1
1775928767.0496655,2026-04-11T19:32:47.049665,137.1590625,103.29,33.8690625,3.2232142857142856,1,1
1775928768.5856814,2026-04-11T19:32:48.585681,136.315,102.61,33.705,3.0,0,1
1775928770.1079447,2026-04-11T19:32:50.107945,137.4323125,103.39,34.0423125,3.4589285714285714,1,1
1775928771.6493132,2026-04-11T19:32:51.649313,139.04225000000002,103.4,35.642250000000004,5.635714285714286,0,1
1775928773.4371881,2026-04-11T19:32:53.437188,137.4155625,103.2,34.2155625,3.694642857142857,1,1
1775928774.9215364,2026-04-11T19:32:54.921536,139.8978125,102.8,37.0978125,7.616071428571429,1,1
1775928776.7825038,2026-04-11T19:32:56.782504,136.6609375,101.86,34.8009375,4.491071428571429,0,1
1775928778.2391727,2026-04-11T19:32:58.239173,136.88925,102.99,33.89925,3.2642857142857147,1,1
1775928779.7405238,2026-04-11T19:32:59.740524,141.3145,103.0,38.3145,9.271428571428572,1,1
1775928781.631561,2026-04-11T19:33:01.631561,136.5555625,103.39,33.1655625,2.2660714285714283,1,1
1775928783.142996,2026-04-11T19:33:03.142996,137.3771875,103.39,33.9871875,3.3839285714285716,1,1
1775928784.6613796,2026-04-11T19:33:04.661380,137.4099375,103.47,33.9399375,3.319642857142857,0,1
1775928786.1481762,2026-04-11T19:33:06.148176,137.64637499999998,104.07,33.576375,2.8249999999999997,1,1
1775928787.675707,2026-04-11T19:33:07.675707,146.41637500000002,101.92,44.496375,17.682142857142857,0,1
1775928789.582095,2026-04-11T19:33:09.582095,137.87175000000002,103.71000000000001,34.16175,3.6214285714285714,1,1
1775928791.1024625,2026-04-11T19:33:11.102463,139.9149375,103.56,36.3549375,6.605357142857143,1,1
1775928792.8167484,2026-04-11T19:33:12.816748,137.0296875,103.2,33.8296875,3.169642857142857,1,1
1775928794.3446226,2026-04-11T19:33:14.344623,136.2068125,102.91,33.2968125,2.444642857142857,1,1
1775928795.822019,2026-04-11T19:33:15.822019,136.27587499999998,102.71,33.565875,2.810714285714286,0,1
1775928797.323732,2026-04-11T19:33:17.323732,138.02325,104.25,33.77325,3.0928571428571425,1,1
1775928798.8682752,2026-04-11T19:33:18.868275,149.22243749999998,102.21,47.0124375,21.10535714285714,0,1
1775928800.7557085,2026-04-11T19:33:20.755708,137.264375,103.1,34.164375,3.625,1,1
1775928802.23823,2026-04-11T19:33:22.238230,136.613125,102.79,33.823125,3.1607142857142856,1,1
1775928804.0390322,2026-04-11T19:33:24.039032,137.830125,103.86,33.970125,3.3607142857142853,1,1
1775928805.5430107,2026-04-11T19:33:25.543011,137.57693749999999,103.28,34.2969375,3.805357142857143,1,1
1775928807.046205,2026-04-11T19:33:27.046205,136.7819375,103.01,33.7719375,3.0910714285714285,1,1
1775928808.53621,2026-04-11T19:33:28.536210,136.9149375,103.29,33.6249375,2.8910714285714287,1,1
1775928810.0799005,2026-04-11T19:33:30.079901,139.03175,103.39999999999999,35.63175,5.621428571428572,0,1
1775928811.7864528,2026-04-11T19:33:31.786453,137.12025,103.2,33.92025,3.292857142857143,1,1
1775928813.2669168,2026-04-11T19:33:33.266917,138.324375,103.11,35.214375,5.053571428571429,1,1
1775928815.1140974,2026-04-11T19:33:35.114097,137.050125,103.29,33.760125,3.0749999999999997,1,1
1775928816.6053243,2026-04-11T19:33:36.605324,136.218625,102.7,33.518625,2.7464285714285714,1,1
1775928818.0900106,2026-04-11T19:33:38.090011,137.8671875,103.88,33.9871875,3.3839285714285716,1,1
1775928819.5875278,2026-04-11T19:33:39.587528,136.41025,102.49,33.92025,3.292857142857143,1,1
1775928821.084474,2026-04-11T19:33:41.084474,149.9303125,102.49,47.440312500000005,21.6875,0,1
1775928822.875696,2026-04-11T19:33:42.875696,136.9359375,103.08,33.8559375,3.205357142857143,1,1
1775928824.3986366,2026-04-11T19:33:44.398637,147.5265625,103.0,44.5265625,17.723214285714285,1,1
1775928826.0848882,2026-04-11T19:33:46.084888,136.802625,103.2,33.602625,2.8607142857142853,1,1
1775928827.5708227,2026-04-11T19:33:47.570823,137.30124999999998,103.57,33.73125,3.0357142857142856,1,1
1775928829.110449,2026-04-11T19:33:49.110449,140.1535625,103.67,36.4835625,6.7803571428571425,0,1
1775928833.5600631,2026-04-11T19:33:53.560063,137.071625,103.28,33.791625,3.117857142857143,1,1
1775928835.0562077,2026-04-11T19:33:55.056208,136.302625,102.91,33.392625,2.5749999999999997,1,1
1775928836.573034,2026-04-11T19:33:56.573034,138.01162499999998,103.8,34.211625,3.689285714285714,1,1
1775928838.1025772,2026-04-11T19:33:58.102577,137.8196875,103.57,34.2496875,3.7410714285714284,1,1
1775928839.611299,2026-04-11T19:33:59.611299,150.89581249999998,103.75999999999999,47.1358125,21.273214285714285,0,1
1775928841.2146728,2026-04-11T19:34:01.214673,136.7296875,102.9,33.8296875,3.169642857142857,1,1
1775928842.7306037,2026-04-11T19:34:02.730604,143.6401875,107.49,36.1501875,6.326785714285714,1,1
1775928844.4715734,2026-04-11T19:34:04.471573,136.8674375,103.19,33.677437499999996,2.9625,1,1
1775928846.0411577,2026-04-11T19:34:06.041158,136.7769375,102.9,33.8769375,3.2339285714285713,1,1
1775928847.5720658,2026-04-11T19:34:07.572066,138.0220625,103.88,34.1420625,3.5946428571428575,1,1
1775928849.1022162,2026-04-11T19:34:09.102216,137.6808125,103.67,34.0108125,3.4160714285714286,1,1
1775928850.5899246,2026-04-11T19:34:10.589925,148.2889375,103.87,44.4189375,17.576785714285712,0,1
1775928852.2375166,2026-04-11T19:34:12.237517,137.1708125,103.58,33.5908125,2.8446428571428575,1,1
1775928853.7392235,2026-04-11T19:34:13.739223,138.2014375,103.17999999999999,35.0214375,4.791071428571429,1,1
1775928855.5365763,2026-04-11T19:34:15.536576,137.2475,103.49,33.7575,3.0714285714285716,1,1
1775928857.0577774,2026-04-11T19:34:17.057777,136.5046875,102.78,33.7246875,3.0267857142857144,1,1
1775928858.5557697,2026-04-11T19:34:18.555770,137.2529375,103.67,33.5829375,2.8339285714285714,0,1
1775928860.0877986,2026-04-11T19:34:20.087799,137.27137499999998,103.38,33.891375,3.2535714285714286,1,1
1775928861.619515,2026-04-11T19:34:21.619515,137.13175,103.18,33.95175,3.335714285714286,0,1
1775928863.2918465,2026-04-11T19:34:23.291847,139.47424999999998,105.05,34.42425,3.9785714285714286,1,1
1775928864.778245,2026-04-11T19:34:24.778245,142.519,106.42,36.099000000000004,6.257142857142858,1,1
1775928866.5635338,2026-04-11T19:34:26.563534,137.0333125,103.39,33.6433125,2.9160714285714286,1,1
1775928868.1051064,2026-04-11T19:34:28.105106,136.7709375,102.81,33.9609375,3.3482142857142856,1,1
1775928869.596474,2026-04-11T19:34:29.596474,137.7355,103.6,34.1355,3.5857142857142854,1,1
1775928871.1180384,2026-04-11T19:34:31.118038,137.46275,103.49,33.97275,3.3642857142857143,1,1
1775928872.6281183,2026-04-11T19:34:32.628118,149.7420625,103.0,46.7420625,20.7375,0,1
1775928874.5030031,2026-04-11T19:34:34.503003,136.7598125,103.19,33.5698125,2.8160714285714286,1,1
1775928876.063272,2026-04-11T19:34:36.063272,138.9858125,103.19,35.7958125,5.8446428571428575,1,1
1775928878.0399628,2026-04-11T19:34:38.039963,136.68400000000003,103.21000000000001,33.474000000000004,2.685714285714286,1,1
1775928879.619575,2026-04-11T19:34:39.619575,140.4656875,103.57,36.8956875,7.341071428571429,1,1
1775928881.493286,2026-04-11T19:34:41.493286,136.9565,103.00999999999999,33.9465,3.3285714285714287,1,1
1775928883.0399709,2026-04-11T19:34:43.039971,136.302625,102.7,33.602625,2.8607142857142853,1,1
1775928884.506738,2026-04-11T19:34:44.506738,136.6643125,102.78999999999999,33.8743125,3.230357142857143,0,1
1775928886.0371351,2026-04-11T19:34:46.037135,136.6525,103.0,33.6525,2.9285714285714284,1,1
1775928887.5257168,2026-04-11T19:34:47.525717,150.1279375,103.0,47.1279375,21.2625,0,1
1775928889.3261971,2026-04-11T19:34:49.326197,139.1021875,105.43,33.6721875,2.955357142857143,1,1
1775928890.8320513,2026-04-11T19:34:50.832051,141.80925000000002,105.81,35.99925,6.121428571428572,1,1
1775928892.5996652,2026-04-11T19:34:52.599665,137.6010625,103.69,33.9110625,3.2803571428571425,1,1
1775928894.1055949,2026-04-11T19:34:54.105595,137.775625,103.69,34.085625,3.517857142857143,1,1
1775928895.6207023,2026-04-11T19:34:55.620702,136.4373125,102.5,33.9373125,3.3160714285714286,1,1
1775928897.1418436,2026-04-11T19:34:57.141844,136.98399999999998,103.3,33.684,2.9714285714285715,1,1
1775928898.6244733,2026-04-11T19:34:58.624473,138.847,102.58,36.267,6.485714285714286,1,1
1775928900.330212,2026-04-11T19:35:00.330212,136.843,103.17999999999999,33.663,2.942857142857143,1,1
1775928901.8282127,2026-04-11T19:35:01.828213,137.2501875,103.2,34.0501875,3.469642857142857,1,1
1775928903.3105764,2026-04-11T19:35:03.310576,137.1669375,103.28999999999999,33.8769375,3.2339285714285713,0,1
1775928904.8400981,2026-04-11T19:35:04.840098,137.1923125,103.78,33.4123125,2.601785714285714,1,1
1775928906.3207452,2026-04-11T19:35:06.320745,139.17950000000002,103.28,35.8995,5.985714285714286,1,1
1775928908.0983248,2026-04-11T19:35:08.098325,136.9725,103.11,33.8625,3.2142857142857144,1,1
1775928909.6108804,2026-04-11T19:35:09.610880,135.897375,102.51,33.387375,2.567857142857143,1,1
1775928911.1187027,2026-04-11T19:35:11.118703,138.2158125,102.21,36.0058125,6.130357142857143,0,1
1775928915.868925,2026-04-11T19:35:15.868925,138.11275,104.56,33.55275,2.792857142857143,1,1
1775928917.3884501,2026-04-11T19:35:17.388450,137.7225,104.07,33.6525,2.9285714285714284,1,1
1775928918.883335,2026-04-11T19:35:18.883335,139.327,103.48,35.847,5.914285714285714,0,1
1775928923.6993246,2026-04-11T19:35:23.699325,136.256125,103.0,33.256125,2.3892857142857147,1,1
1775928925.1798322,2026-04-11T19:35:25.179832,137.189,103.19,33.999,3.4,1,1
1775928926.7174387,2026-04-11T19:35:26.717439,138.498125,102.67999999999999,35.818125,5.875,0,1
1775928931.624382,2026-04-11T19:35:31.624382,136.9571875,103.39,33.5671875,2.8125,1,1
1775928933.1215863,2026-04-11T19:35:33.121586,136.3016875,102.64,33.6616875,2.9410714285714286,1,1
1775928934.6176496,2026-04-11T19:35:34.617650,137.54731249999998,101.50999999999999,36.0373125,6.173214285714286,0,1
1775928939.5229855,2026-04-11T19:35:39.522985,140.0815,106.03,34.0515,3.4714285714285715,1,1
1775928941.0103142,2026-04-11T19:35:41.010314,147.7944375,103.67999999999999,44.1144375,17.1625,1,1
1775928942.6443508,2026-04-11T19:35:42.644351,136.7848125,102.69,34.0948125,3.5303571428571425,1,1
1775928944.1546242,2026-04-11T19:35:44.154624,136.5091875,102.9,33.6091875,2.869642857142857,1,1
1775928945.660384,2026-04-11T19:35:45.660384,137.3005,102.01,35.2905,5.1571428571428575,0,1
1775928950.1113658,2026-04-11T19:35:50.111366,137.55275,103.58,33.97275,3.3642857142857143,1,1
1775928951.6458392,2026-04-11T19:35:51.645839,137.32068750000002,103.68,33.6406875,2.9125,1,1
1775928953.140789,2026-04-11T19:35:53.140789,137.5784375,103.67,33.9084375,3.2767857142857144,1,1
1775928954.6538649,2026-04-11T19:35:54.653865,137.0598125,103.28,33.7798125,3.101785714285714,1,1
1775928956.1405478,2026-04-11T19:35:56.140548,137.58081249999998,103.57,34.0108125,3.4160714285714286,0,1
1775928957.8595643,2026-04-11T19:35:57.859564,137.0624375,103.28,33.7824375,3.105357142857143,1,1
1775928959.3784397,2026-04-11T19:35:59.378440,139.48475000000002,103.37,36.11475,6.278571428571429,1,1
1775928961.1483376,2026-04-11T19:36:01.148338,137.4559375,103.39,34.0659375,3.4910714285714284,1,1
1775928962.6406755,2026-04-11T19:36:02.640676,136.2629375,102.89,33.3729375,2.5482142857142853,1,1
1775928964.1308587,2026-04-11T19:36:04.130859,137.3648125,103.48,33.8848125,3.244642857142857,1,1
1775928965.6716712,2026-04-11T19:36:05.671671,137.6146875,103.68,33.9346875,3.3125,1,1
1775928967.1990745,2026-04-11T19:36:07.199075,149.21224999999998,103.28,45.932249999999996,19.635714285714283,0,1
1775928968.8310459,2026-04-11T19:36:08.831046,136.564,102.88,33.684,2.9714285714285715,1,1
1775928970.3710773,2026-04-11T19:36:10.371077,139.9915625,103.97,36.0215625,6.151785714285714,1,1
1775928972.4023094,2026-04-11T19:36:12.402309,136.4545625,103.1,33.3545625,2.523214285714286,1,1
1775928973.887926,2026-04-11T19:36:13.887926,147.6603125,103.58,44.0803125,17.116071428571427,1,1
1775928975.6543672,2026-04-11T19:36:15.654367,137.7795625,103.69,34.0895625,3.523214285714286,1,1
1775928977.165747,2026-04-11T19:36:17.165747,137.22481249999998,102.92,34.3048125,3.8160714285714286,1,1
1775928978.6646893,2026-04-11T19:36:18.664689,137.6020625,103.67,33.9320625,3.3089285714285714,0,1
1775928980.2073894,2026-04-11T19:36:20.207389,136.48000000000002,103.09,33.39,2.5714285714285716,1,1
1775928981.7047904,2026-04-11T19:36:21.704790,138.93731250000002,102.9,36.0373125,6.173214285714286,0,1
1775928983.3857725,2026-04-11T19:36:23.385772,136.887625,103.39,33.497625,2.7178571428571425,1,1
1775928984.866932,2026-04-11T19:36:24.866932,139.13037500000002,102.95,36.180375,6.367857142857142,1,1
1775928986.741525,2026-04-11T19:36:26.741525,136.7223125,102.89,33.8323125,3.1732142857142853,1,1
1775928988.2592268,2026-04-11T19:36:28.259227,137.50400000000002,103.4,34.104,3.542857142857143,1,1
1775928989.7733595,2026-04-11T19:36:29.773360,137.329,102.91,34.419,3.9714285714285715,1,1
1775928991.2892888,2026-04-11T19:36:31.289289,137.206375,102.79,34.416375,3.9678571428571425,1,1
1775928992.7835271,2026-04-11T19:36:32.783527,147.152375,102.32,44.832375,18.139285714285712,0,1
1775928994.564626,2026-04-11T19:36:34.564626,137.5585625,103.49000000000001,34.0685625,3.494642857142857,1,1
1775928996.0570712,2026-04-11T19:36:36.057071,138.67950000000002,102.78,35.8995,5.985714285714286,1,1
1775928997.9677,2026-04-11T19:36:37.967700,136.711875,102.6,34.111875,3.5535714285714284,1,1
1775928999.4538457,2026-04-11T19:36:39.453846,147.0986875,102.79,44.3086875,17.426785714285714,1,1
1775929001.2241495,2026-04-11T19:36:41.224149,136.9141875,103.2,33.7141875,3.0124999999999997,1,1
1775929002.7052882,2026-04-11T19:36:42.705288,137.8639375,104.05,33.8139375,3.148214285714286,1,1
1775929004.1938345,2026-04-11T19:36:44.193835,137.73775,103.87,33.86775,3.2214285714285715,0,1
1775929005.6999907,2026-04-11T19:36:45.699991,137.62025,103.49000000000001,34.130250000000004,3.5785714285714287,1,1
1775929007.205871,2026-04-11T19:36:47.205871,151.08375,103.02,48.06375,22.535714285714285,0,1
1775929009.0232208,2026-04-11T19:36:49.023221,136.9296875,103.1,33.8296875,3.169642857142857,1,1
1775929010.5108562,2026-04-11T19:36:50.510856,137.809375,103.75,34.059375,3.482142857142857,1,1
1775929012.2297993,2026-04-11T19:36:52.229799,138.0900625,103.57,34.5200625,4.108928571428572,1,1
1775929013.7308931,2026-04-11T19:36:53.730893,137.4715,104.05,33.4215,2.6142857142857143,1,1
1775929015.2474418,2026-04-11T19:36:55.247442,136.981625,103.19,33.791625,3.117857142857143,0,1
1775929016.7834167,2026-04-11T19:36:56.783417,137.3593125,103.59,33.7693125,3.0875,1,1
1775929018.3144999,2026-04-11T19:36:58.314500,149.8046875,102.01,47.794687499999995,22.169642857142858,0,1
1775929020.172361,2026-04-11T19:37:00.172361,137.001625,103.0,34.001625,3.4035714285714285,1,1
1775929021.6536226,2026-04-11T19:37:01.653623,139.50675,105.24,34.26675,3.7642857142857147,1,1
1775929023.4413216,2026-04-11T19:37:03.441322,137.015,103.1,33.915,3.2857142857142856,1,1
1775929024.9543676,2026-04-11T19:37:04.954368,137.08975,103.18,33.90975,3.2785714285714285,1,1
1775929026.4332273,2026-04-11T19:37:06.433227,136.8118125,102.99,33.8218125,3.1589285714285715,0,1
1775929027.9187028,2026-04-11T19:37:07.918703,136.650375,103.2,33.450375,2.6535714285714285,1,1
1775929029.458745,2026-04-11T19:37:09.458745,146.4334375,101.92,44.5134375,17.705357142857142,0,1
1775929031.2390478,2026-04-11T19:37:11.239048,136.91343750000001,102.9,34.0134375,3.419642857142857,1,1
1775929032.7478576,2026-04-11T19:37:12.747858,139.115375,103.46000000000001,35.655375,5.653571428571429,1,1
1775929034.48428,2026-04-11T19:37:14.484280,136.792625,103.19,33.602625,2.8607142857142853,1,1
1775929035.9847121,2026-04-11T19:37:15.984712,137.3860625,103.58,33.8060625,3.1374999999999997,1,1
1775929037.501672,2026-04-11T19:37:17.501672,137.214,102.9,34.314,3.8285714285714287,1,1
1775929038.9953246,2026-04-11T19:37:18.995325,137.0215,103.18,33.8415,3.185714285714286,1,1
1775929040.5101504,2026-04-11T19:37:20.510150,146.006125,102.88000000000001,43.126125,15.817857142857141,0,1
1775929042.1740649,2026-04-11T19:37:22.174065,137.709125,103.76,33.949125,3.332142857142857,1,1
1775929043.6572192,2026-04-11T19:37:23.657219,137.5045,103.6,33.9045,3.271428571428572,1,1
1775929045.38233,2026-04-11T19:37:25.382330,137.6986875,103.68,34.0186875,3.4267857142857143,1,1
1775929046.8674302,2026-04-11T19:37:26.867430,136.6755625,103.09,33.5855625,2.8375,1,1
1775929048.3556952,2026-04-11T19:37:28.355695,137.3939375,103.37,34.0239375,3.4339285714285714,0,1
1775929049.850091,2026-04-11T19:37:29.850091,137.298875,103.88,33.418875,2.6107142857142853,1,1
1775929051.352228,2026-04-11T19:37:31.352228,139.1493125,103.28,35.8693125,5.944642857142858,0,1
1775929053.059322,2026-04-11T19:37:33.059322,136.8315,102.57,34.2615,3.757142857142857,1,1
1775929054.539668,2026-04-11T19:37:34.539668,137.872375,104.17,33.702375,2.9964285714285714,1,1
1775929056.2908106,2026-04-11T19:37:36.290811,137.074,103.39,33.684,2.9714285714285715,1,1
1775929057.8061547,2026-04-11T19:37:37.806155,137.51387499999998,103.78,33.733875,3.039285714285714,1,1
1775929059.2976534,2026-04-11T19:37:39.297653,136.456375,103.09,33.366375,2.539285714285714,1,1
1775929060.791741,2026-04-11T19:37:40.791741,136.9425,103.29,33.6525,2.9285714285714284,1,1
1775929062.3091776,2026-04-11T19:37:42.309178,147.70125000000002,103.26,44.44125,17.607142857142858,0,1
1775929063.9855201,2026-04-11T19:37:43.985520,136.50968749999998,102.89,33.6196875,2.8839285714285716,1,1
1775929065.4730644,2026-04-11T19:37:45.473064,138.7331875,103.57000000000001,35.1631875,4.983928571428572,1,1
1775929067.2712138,2026-04-11T19:37:47.271214,138.25537500000002,104.28,33.975375,3.367857142857143,1,1
1775929068.7593477,2026-04-11T19:37:48.759348,136.66525000000001,103.48,33.18525,2.292857142857143,1,1
1775929070.2493336,2026-04-11T19:37:50.249334,138.7933125,104.94,33.8533125,3.2017857142857147,0,1
1775929071.7653868,2026-04-11T19:37:51.765387,136.9431875,103.46,33.4831875,2.6982142857142857,1,1
1775929073.280995,2026-04-11T19:37:53.280995,137.9884375,102.61,35.3784375,5.276785714285714,0,1
1775929075.0300663,2026-04-11T19:37:55.030066,136.6265,102.89,33.7365,3.042857142857143,1,1
1775929076.5554893,2026-04-11T19:37:56.555489,139.9415,103.58,36.3615,6.614285714285714,1,1
1775929078.3628826,2026-04-11T19:37:58.362883,137.4734375,103.88,33.5934375,2.8482142857142856,1,1
1775929079.853053,2026-04-11T19:37:59.853053,137.74725,103.68,34.06725,3.492857142857143,1,1
1775929081.3621252,2026-04-11T19:38:01.362125,137.1643125,103.28999999999999,33.8743125,3.230357142857143,1,1
1775929082.87857,2026-04-11T19:38:02.878570,137.18481250000002,103.09,34.0948125,3.5303571428571425,1,1
1775929084.3547282,2026-04-11T19:38:04.354728,137.3475625,103.09,34.2575625,3.751785714285714,0,1
1775929086.0142493,2026-04-11T19:38:06.014249,137.3608125,103.77,33.5908125,2.8446428571428575,1,1
1775929087.5312228,2026-04-11T19:38:07.531223,138.947375,103.67,35.277375,5.139285714285714,1,1
1775929089.3697758,2026-04-11T19:38:09.369776,137.16806250000002,102.9,34.2680625,3.7660714285714287,1,1
1775929090.8789353,2026-04-11T19:38:10.878935,137.25875,103.58,33.67875,2.9642857142857144,1,1
1775929092.3911371,2026-04-11T19:38:12.391137,138.2645625,103.86,34.4045625,3.9517857142857147,1,1
1775929093.8775797,2026-04-11T19:38:13.877580,137.3130625,103.78,33.5330625,2.7660714285714287,1,1
1775929095.3734972,2026-04-11T19:38:15.373497,136.6566875,101.63,35.0266875,4.798214285714286,0,1
1775929097.139476,2026-04-11T19:38:17.139476,137.751625,103.96,33.791625,3.117857142857143,1,1
1775929098.6253877,2026-04-11T19:38:18.625388,142.0426875,103.11,38.9326875,10.112499999999999,1,1
1775929100.4932487,2026-04-11T19:38:20.493249,137.10706249999998,103.28,33.8270625,3.1660714285714286,1,1
1775929102.0159075,2026-04-11T19:38:22.015908,138.12574999999998,103.88,34.24575,3.7357142857142853,1,1
1775929103.4975557,2026-04-11T19:38:23.497556,136.9955,103.28,33.7155,3.0142857142857147,0,1
1775929104.9909992,2026-04-11T19:38:24.990999,137.4220625,103.28,34.1420625,3.5946428571428575,1,1
1775929106.4901938,2026-04-11T19:38:26.490194,137.968625,101.93,36.038624999999996,6.175,0,1
1775929108.2422876,2026-04-11T19:38:28.242288,136.99181249999998,103.38,33.6118125,2.873214285714286,1,1
1775929109.7271402,2026-04-11T19:38:29.727140,138.5385,103.08,35.4585,5.385714285714286,1,1
1775929111.5115921,2026-04-11T19:38:31.511592,137.27137499999998,103.38,33.891375,3.2535714285714286,1,1
1775929113.0442455,2026-04-11T19:38:33.044245,137.6186875,103.6,34.0186875,3.4267857142857143,1,1
1775929114.5385323,2026-04-11T19:38:34.538532,137.782625,103.76,34.022625,3.432142857142857,1,1
1775929116.0351045,2026-04-11T19:38:36.035105,137.066375,103.28,33.786375,3.1107142857142853,1,1
1775929117.531307,2026-04-11T19:38:37.531307,137.61362499999998,103.57,34.043625,3.460714285714286,0,1
1775929119.1973274,2026-04-11T19:38:39.197327,139.5836875,105.25,34.333687499999996,3.855357142857143,1,1
1775929120.6876972,2026-04-11T19:38:40.687697,140.14975,104.56,35.58975,5.564285714285715,1,1
1775929122.5160606,2026-04-11T19:38:42.516061,136.97899999999998,103.19,33.789,3.1142857142857143,1,1
1775929124.0141258,2026-04-11T19:38:44.014126,136.9070625,103.29,33.6170625,2.880357142857143,1,1
1775929125.5749211,2026-04-11T19:38:45.574921,137.5283125,103.78,33.7483125,3.0589285714285714,0,1
1775929127.0724933,2026-04-11T19:38:47.072493,137.1215625,103.2,33.9215625,3.294642857142857,1,1
1775929128.568643,2026-04-11T19:38:48.568643,137.892875,102.71,35.182875,5.010714285714286,0,1
1775929130.2515266,2026-04-11T19:38:50.251527,139.20775,105.55,33.65775,2.935714285714286,1,1
1775929131.7341776,2026-04-11T19:38:51.734178,141.024125,103.19,37.834125,8.617857142857144,1,1
1775929133.1776717,2026-04-11T19:38:53.177672,137.3108125,103.09,34.2208125,3.7017857142857147,1,1
1775929134.6686428,2026-04-11T19:38:54.668643,136.682625,103.08,33.602625,2.8607142857142853,1,1
1775929136.1460605,2026-04-11T19:38:56.146060,149.5339375,102.7,46.833937500000005,20.8625,0,1
1775929137.740796,2026-04-11T19:38:57.740796,135.9516875,102.29,33.6616875,2.9410714285714286,1,1
1775929139.2199817,2026-04-11T19:38:59.219982,146.5859375,103.49,43.0959375,15.776785714285714,1,1
1775929140.9726512,2026-04-11T19:39:00.972651,137.00375,103.01,33.99375,3.392857142857143,1,1
1775929142.5182571,2026-04-11T19:39:02.518257,137.0523125,103.64,33.4123125,2.601785714285714,1,1
1775929144.0649073,2026-04-11T19:39:04.064907,136.8471875,103.49,33.3571875,2.5267857142857144,0,1
1775929145.550738,2026-04-11T19:39:05.550738,136.75456250000002,102.98,33.7745625,3.0946428571428575,1,1
1775929147.055018,2026-04-11T19:39:07.055018,138.99725,103.67,35.32725,5.207142857142857,1,1
1775929148.844564,2026-04-11T19:39:08.844564,141.398125,107.68,33.718125,3.017857142857143,1,1
1775929150.3395913,2026-04-11T19:39:10.339591,136.90756249999998,103.07,33.8375625,3.180357142857143,1,1
1775929151.8504355,2026-04-11T19:39:11.850435,139.0554375,102.9,36.1554375,6.333928571428571,0,1
1775929156.6707852,2026-04-11T19:39:16.670785,137.3183125,103.57000000000001,33.7483125,3.0589285714285714,1,1
1775929158.189532,2026-04-11T19:39:18.189532,136.8795625,103.0,33.8795625,3.2375000000000003,1,1
1775929159.6626842,2026-04-11T19:39:19.662684,136.7369375,103.28,33.4569375,2.6625,0,1
1775929161.1847534,2026-04-11T19:39:21.184753,136.857,102.9,33.957,3.3428571428571425,1,1
1775929162.6712399,2026-04-11T19:39:22.671240,140.2003125,103.67999999999999,36.5203125,6.830357142857143,1,1
1775929164.384785,2026-04-11T19:39:24.384785,138.1754375,104.53999999999999,33.6354375,2.9053571428571425,1,1
1775929165.8994887,2026-04-11T19:39:25.899489,137.47087499999998,103.38,34.090875,3.525,1,1
1775929167.4150355,2026-04-11T19:39:27.415035,137.454375,103.29,34.164375,3.625,0,1
1775929168.896001,2026-04-11T19:39:28.896001,138.7634375,104.54,34.2234375,3.705357142857143,1,1
1775929170.400494,2026-04-11T19:39:30.400494,140.06175,103.38,36.68175,7.05,0,1
1775929172.2003632,2026-04-11T19:39:32.200363,136.6774375,102.79,33.8874375,3.248214285714286,1,1
1775929173.67818,2026-04-11T19:39:33.678180,136.9870625,103.37,33.6170625,2.880357142857143,1,1
1775929175.1497154,2026-04-11T19:39:35.149715,137.491375,103.39,34.101375,3.539285714285714,1,1
1775929176.6696837,2026-04-11T19:39:36.669684,136.85875,103.39,33.46875,2.6785714285714284,1,1
1775929178.186912,2026-04-11T19:39:38.186912,148.09006250000002,103.07000000000001,45.0200625,18.394642857142856,0,1
1775929179.8481598,2026-04-11T19:39:39.848160,137.318125,103.17999999999999,34.138125,3.5892857142857144,1,1
1775929181.3355591,2026-04-11T19:39:41.335559,139.7583125,106.01,33.7483125,3.0589285714285714,1,1
1775929183.095901,2026-04-11T19:39:43.095901,136.8581875,103.48,33.3781875,2.555357142857143,1,1
1775929184.5849528,2026-04-11T19:39:44.584953,136.7120625,102.99,33.7220625,3.023214285714286,1,1
1775929186.1207716,2026-04-11T19:39:46.120772,136.755125,102.89,33.865125,3.2178571428571425,0,1
1775929187.6636827,2026-04-11T19:39:47.663683,136.05275,102.5,33.55275,2.792857142857143,1,1
1775929189.1799095,2026-04-11T19:39:49.179909,138.4461875,102.38,36.0661875,6.2124999999999995,0,1
1775929190.8605123,2026-04-11T19:39:50.860512,136.513875,102.99000000000001,33.523875,2.7535714285714286,1,1
1775929192.3954654,2026-04-11T19:39:52.395465,138.7020625,103.09,35.6120625,5.5946428571428575,1,1
1775929194.237981,2026-04-11T19:39:54.237981,137.0433125,102.98,34.0633125,3.4875000000000003,1,1
1775929195.7633839,2026-04-11T19:39:55.763384,137.1518125,103.75,33.4018125,2.5875,1,1
1775929197.3166845,2026-04-11T19:39:57.316684,138.214125,104.16,34.054125,3.475,1,1
1775929198.8311784,2026-04-11T19:39:58.831178,137.128125,103.2,33.928125,3.3035714285714284,1,1
1775929200.343955,2026-04-11T19:40:00.343955,138.648375,102.51,36.138374999999996,6.310714285714286,0,1
1775929202.065814,2026-04-11T19:40:02.065814,137.085125,103.85,33.235125,2.3607142857142853,1,1
1775929203.5422068,2026-04-11T19:40:03.542207,138.156375,102.9,35.256375,5.110714285714286,1,1
1775929205.4204946,2026-04-11T19:40:05.420495,137.2819375,103.3,33.9819375,3.376785714285714,1,1
1775929206.9328709,2026-04-11T19:40:06.932871,139.958,106.19,33.768,3.085714285714286,1,1
1775929208.4137664,2026-04-11T19:40:08.413766,141.0226875,105.24,35.7826875,5.826785714285714,0,1
1775929212.8809624,2026-04-11T19:40:12.880962,136.2960625,102.7,33.5960625,2.851785714285714,1,1
1775929214.3681414,2026-04-11T19:40:14.368141,136.6821875,102.8,33.8821875,3.2410714285714284,1,1
1775929215.8724241,2026-04-11T19:40:15.872424,139.073125,103.36,35.713125,5.732142857142857,0,1
1775929220.7740066,2026-04-11T19:40:20.774007,137.3365,103.39,33.9465,3.3285714285714287,1,1
1775929222.2868788,2026-04-11T19:40:22.286879,142.135,103.39,38.745,9.857142857142858,1,1
1775929224.0646179,2026-04-11T19:40:24.064618,136.5621875,102.89,33.6721875,2.955357142857143,1,1
1775929225.559013,2026-04-11T19:40:25.559013,137.180125,103.42,33.760125,3.0749999999999997,1,1
1775929227.0512898,2026-04-11T19:40:27.051290,137.080625,103.10000000000001,33.980625,3.375,0,1
1775929228.5737405,2026-04-11T19:40:28.573740,136.966625,103.28,33.686625,2.975,1,1
1775929230.0678942,2026-04-11T19:40:30.067894,149.363,102.89,46.473,20.37142857142857,0,1
1775929231.9351177,2026-04-11T19:40:31.935118,137.559375,103.29,34.269375,3.767857142857143,1,1
1775929233.4215305,2026-04-11T19:40:33.421530,140.408625,104.16,36.248625000000004,6.460714285714286,1,1
1775929235.0957036,2026-04-11T19:40:35.095704,136.455375,102.9,33.555375,2.7964285714285713,1,1
1775929236.586594,2026-04-11T19:40:36.586594,136.9655,103.67,33.2955,2.442857142857143,1,1
1775929238.0784187,2026-04-11T19:40:38.078419,136.7123125,102.88,33.8323125,3.1732142857142853,1,1
1775929239.5725765,2026-04-11T19:40:39.572577,137.5419375,103.77,33.7719375,3.0910714285714285,1,1
1775929241.0581815,2026-04-11T19:40:41.058182,137.210375,102.5,34.710375,4.367857142857143,0,1
1775929242.805225,2026-04-11T19:40:42.805225,138.4070625,104.37,34.0370625,3.4517857142857147,1,1
1775929244.392375,2026-04-11T19:40:44.392375,139.9305,103.38,36.5505,6.871428571428572,1,1
1775929246.076807,2026-04-11T19:40:46.076807,136.69343750000002,102.89,33.8034375,3.1339285714285716,1,1
1775929247.6077373,2026-04-11T19:40:47.607737,137.32150000000001,103.48,33.8415,3.185714285714286,1,1
1775929249.0829048,2026-04-11T19:40:49.082905,137.4734375,103.46,34.0134375,3.419642857142857,1,1
1775929250.5704348,2026-04-11T19:40:50.570435,137.287625,103.58,33.707625,3.0035714285714286,1,1
1775929252.06513,2026-04-11T19:40:52.065130,138.094,102.52,35.574,5.542857142857143,0,1
1775929253.897791,2026-04-11T19:40:53.897791,137.51275,103.96000000000001,33.55275,2.792857142857143,1,1
1775929255.371967,2026-04-11T19:40:55.371967,137.039125,103.09,33.949125,3.332142857142857,1,1
1775929256.8281531,2026-04-11T19:40:56.828153,137.03831250000002,103.29,33.7483125,3.0589285714285714,1,1
1775929258.32476,2026-04-11T19:40:58.324760,136.6333125,103.2,33.4333125,2.630357142857143,1,1
1775929260.0511358,2026-04-11T19:41:00.051136,138.2124375,101.91,36.302437499999996,6.533928571428571,0,1
1775929264.7131107,2026-04-11T19:41:04.713111,136.732,103.09,33.642,2.914285714285714,1,1
1775929266.2069924,2026-04-11T19:41:06.206992,137.32987500000002,103.68,33.649875,2.9250000000000003,1,1
1775929267.6934383,2026-04-11T19:41:07.693438,137.1330625,103.6,33.5330625,2.7660714285714287,0,1
1775929269.30737,2026-04-11T19:41:09.307370,136.69650000000001,102.96000000000001,33.7365,3.042857142857143,1,1
1775929270.7930472,2026-04-11T19:41:10.793047,150.5261875,103.33,47.19618749999999,21.35535714285714,0,1
1775929272.4621181,2026-04-11T19:41:12.462118,136.886375,103.1,33.786375,3.1107142857142853,1,1
1775929273.9536192,2026-04-11T19:41:13.953619,139.464,103.47,35.994,6.114285714285715,1,1
1775929275.7147899,2026-04-11T19:41:15.714790,137.618875,103.36,34.258875,3.7535714285714286,1,1
1775929277.2177024,2026-04-11T19:41:17.217702,136.8905625,102.99,33.9005625,3.2660714285714287,1,1
1775929278.6943955,2026-04-11T19:41:18.694396,137.138,103.37,33.768,3.085714285714286,1,1
1775929280.1815276,2026-04-11T19:41:20.181528,136.9860625,103.18,33.8060625,3.1374999999999997,1,1
1775929281.6703496,2026-04-11T19:41:21.670350,138.923,102.95,35.973,6.085714285714286,0,1
1775929283.3686607,2026-04-11T19:41:23.368661,136.29443750000002,102.89,33.4044375,2.5910714285714285,1,1
1775929284.8959725,2026-04-11T19:41:24.895972,138.5614375,102.7,35.8614375,5.933928571428572,1,1
1775929286.7009287,2026-04-11T19:41:26.700929,137.47693750000002,103.18,34.2969375,3.805357142857143,1,1
1775929288.24804,2026-04-11T19:41:28.248040,137.506,103.78,33.726,3.0285714285714285,1,1
1775929289.7303767,2026-04-11T19:41:29.730377,137.858,103.46,34.398,3.942857142857143,0,1
1775929291.2255092,2026-04-11T19:41:31.225509,137.4631875,103.77,33.6931875,2.9839285714285713,1,1
1775929292.7216618,2026-04-11T19:41:32.721662,149.5940625,102.6,46.9940625,21.080357142857142,0,1
1775929294.5580313,2026-04-11T19:41:34.558031,137.4968125,103.57000000000001,33.9268125,3.3017857142857143,1,1
1775929296.0484352,2026-04-11T19:41:36.048435,139.70774999999998,102.89999999999999,36.80775,7.221428571428571,1,1
1775929297.8054743,2026-04-11T19:41:37.805474,137.3983125,104.07,33.3283125,2.4875000000000003,1,1
1775929299.2998183,2026-04-11T19:41:39.299818,137.426625,102.9,34.526625,4.117857142857143,1,1
1775929300.7866788,2026-04-11T19:41:40.786679,137.412625,103.39,34.022625,3.432142857142857,0,1
1775929302.2802827,2026-04-11T19:41:42.280283,137.33937500000002,103.49000000000001,33.849375,3.1964285714285716,1,1
1775929303.7779372,2026-04-11T19:41:43.777937,138.1191875,102.41,35.7091875,5.726785714285714,0,1
1775929305.5275161,2026-04-11T19:41:45.527516,138.2718125,104.66,33.6118125,2.873214285714286,1,1
1775929307.0202749,2026-04-11T19:41:47.020275,139.60725,103.86,35.74725,5.778571428571429,1,1
1775929308.8405657,2026-04-11T19:41:48.840566,138.2559375,103.77,34.4859375,4.0625,1,1
1775929310.3441336,2026-04-11T19:41:50.344134,136.496625,102.81,33.686625,2.975,1,1
1775929311.8235586,2026-04-11T19:41:51.823559,137.7046875,103.77,33.9346875,3.3125,0,1
1775929313.3381915,2026-04-11T19:41:53.338192,136.4254375,103.0,33.4254375,2.619642857142857,1,1
1775929314.8596659,2026-04-11T19:41:54.859666,149.7423125,102.67999999999999,47.062312500000004,21.173214285714288,0,1
1775929316.723298,2026-04-11T19:41:56.723298,135.9430625,102.41,33.5330625,2.7660714285714287,1,1
1775929318.2086697,2026-04-11T19:41:58.208670,144.22412500000002,102.4,41.824125,14.046428571428573,1,1
1775929319.99395,2026-04-11T19:41:59.993950,138.22125,104.28,33.94125,3.3214285714285716,1,1
1775929321.519576,2026-04-11T19:42:01.519576,137.0831875,103.18,33.9031875,3.269642857142857,1,1
1775929323.0020354,2026-04-11T19:42:03.002035,137.7093125,104.15,33.5593125,2.8017857142857143,0,1
1775929324.5166152,2026-04-11T19:42:04.516615,136.6776875,103.1,33.5776875,2.8267857142857147,1,1
1775929326.0033975,2026-04-11T19:42:06.003397,149.5353125,102.41,47.1253125,21.258928571428573,0,1
1775929327.9377084,2026-04-11T19:42:07.937708,136.4869375,102.61,33.8769375,3.2339285714285713,1,1
1775929329.420317,2026-04-11T19:42:09.420317,138.4223125,102.91,35.5123125,5.458928571428571,1,1
1775929331.286929,2026-04-11T19:42:11.286929,137.197375,102.97,34.227375,3.710714285714286,1,1
1775929332.7799344,2026-04-11T19:42:12.779934,136.81231250000002,102.77000000000001,34.0423125,3.4589285714285714,1,1
1775929334.2872727,2026-04-11T19:42:14.287273,137.212875,103.29,33.922875,3.2964285714285713,0,1
1775929335.7799494,2026-04-11T19:42:15.779949,137.39499999999998,103.27,34.125,3.5714285714285716,1,1
1775929337.2904391,2026-04-11T19:42:17.290439,149.103375,101.52,47.583375000000004,21.88214285714286,0,1
1775929339.0922546,2026-04-11T19:42:19.092255,137.5926875,103.49,34.1026875,3.541071428571428,1,1
1775929340.6076326,2026-04-11T19:42:20.607633,137.455625,103.58,33.875625,3.232142857142857,1,1
1775929342.0541635,2026-04-11T19:42:22.054163,136.955125,103.09,33.865125,3.2178571428571425,1,1
1775929343.5376832,2026-04-11T19:42:23.537683,137.00525,103.19,33.81525,3.15,1,1
1775929345.0058017,2026-04-11T19:42:25.005802,138.479375,102.11,36.369375,6.625,1,1
1775929346.8074493,2026-04-11T19:42:26.807449,135.8983125,102.78,33.1183125,2.2017857142857142,1,1
1775929348.2815318,2026-04-11T19:42:28.281532,137.4970625,103.67,33.8270625,3.1660714285714286,1,1
1775929349.7696323,2026-04-11T19:42:29.769632,137.3108125,103.3,34.0108125,3.4160714285714286,1,1
1775929351.335208,2026-04-11T19:42:31.335208,137.077625,103.58,33.497625,2.7178571428571425,1,1
1775929352.818259,2026-04-11T19:42:32.818259,150.2800625,103.37,46.9100625,20.96607142857143,0,1
1775929354.4283092,2026-04-11T19:42:34.428309,136.5659375,102.5,34.0659375,3.4910714285714284,1,1
1775929355.935151,2026-04-11T19:42:35.935151,140.5875625,104.65,35.9375625,6.0375000000000005,1,1
1775929357.6813521,2026-04-11T19:42:37.681352,138.1460625,104.34,33.8060625,3.1374999999999997,1,1
1775929359.1981118,2026-04-11T19:42:39.198112,137.22943750000002,103.09,34.1394375,3.5910714285714285,1,1
1775929360.6795456,2026-04-11T19:42:40.679546,137.9720625,104.25,33.7220625,3.023214285714286,1,1
1775929362.1748505,2026-04-11T19:42:42.174850,139.7660625,105.54,34.2260625,3.7089285714285714,1,1
1775929363.6884494,2026-04-11T19:42:43.688449,151.3118125,104.26,47.0518125,21.158928571428568,0,1
1775929365.318228,2026-04-11T19:42:45.318228,137.94774999999998,104.08,33.86775,3.2214285714285715,1,1
1775929366.7960167,2026-04-11T19:42:46.796017,139.72674999999998,103.57,36.15675,6.335714285714286,1,1
1775929368.6029747,2026-04-11T19:42:48.602975,137.5583125,103.39,34.1683125,3.630357142857143,1,1
1775929370.0940344,2026-04-11T19:42:50.094034,137.613875,103.67,33.943875,3.3249999999999997,1,1
1775929371.6107156,2026-04-11T19:42:51.610716,136.96875,103.28999999999999,33.67875,2.9642857142857144,0,1
1775929373.162118,2026-04-11T19:42:53.162118,136.56925,103.09,33.47925,2.692857142857143,1,1
1775929374.6643107,2026-04-11T19:42:54.664311,137.140625,101.9,35.240625,5.089285714285714,0,1
1775929376.4723642,2026-04-11T19:42:56.472364,137.3251875,103.38,33.9451875,3.3267857142857147,1,1
1775929377.996987,2026-04-11T19:42:57.996987,137.21131250000002,103.4,33.8113125,3.144642857142857,1,1
1775929379.483047,2026-04-11T19:42:59.483047,136.8660625,103.06,33.8060625,3.1374999999999997,0,1
1775929381.0213432,2026-04-11T19:43:01.021343,135.833875,102.31,33.523875,2.7535714285714286,1,1
1775929382.5508306,2026-04-11T19:43:02.550831,148.811375,101.9,46.91137500000001,20.967857142857145,0,1
1775929384.3507605,2026-04-11T19:43:04.350760,137.814125,103.76,34.054125,3.475,1,1
1775929385.8287296,2026-04-11T19:43:05.828730,137.6335,102.49,35.1435,4.957142857142857,1,1
1775929387.6034794,2026-04-11T19:43:07.603479,136.3958125,102.7,33.6958125,2.9875000000000003,1,1
1775929389.1304698,2026-04-11T19:43:09.130470,138.832875,104.07,34.762875,4.439285714285714,1,1
1775929390.6169956,2026-04-11T19:43:10.616996,136.5549375,102.51,34.0449375,3.4625,1,1
1775929392.1169066,2026-04-11T19:43:12.116907,138.2085625,104.56,33.6485625,2.9232142857142853,1,1
1775929393.5997293,2026-04-11T19:43:13.599729,138.3145625,102.02,36.2945625,6.523214285714286,0,1
1775929395.3115942,2026-04-11T19:43:15.311594,136.0183125,102.48,33.5383125,2.773214285714286,1,1
1775929396.7858288,2026-04-11T19:43:16.785829,137.06818750000002,103.48,33.588187500000004,2.8410714285714285,1,1
1775929398.2710593,2026-04-11T19:43:18.271059,137.1634375,103.36,33.8034375,3.1339285714285716,1,1
1775929399.811811,2026-04-11T19:43:19.811811,137.381125,103.39,33.991125,3.3892857142857147,1,1
1775929401.2997043,2026-04-11T19:43:21.299704,146.01737500000002,102.97,43.047375,15.710714285714285,0,1
1775929403.057513,2026-04-11T19:43:23.057513,135.9619375,102.61,33.3519375,2.519642857142857,1,1
1775929404.563061,2026-04-11T19:43:24.563061,139.4505,103.95,35.5005,5.442857142857143,1,1
1775929406.3413007,2026-04-11T19:43:26.341301,136.8195625,102.94,33.8795625,3.2375000000000003,1,1
1775929407.8441832,2026-04-11T19:43:27.844183,137.5955625,103.38,34.2155625,3.694642857142857,1,1
1775929409.3383927,2026-04-11T19:43:29.338393,136.6734375,103.08,33.5934375,2.8482142857142856,0,1
1775929410.8432226,2026-04-11T19:43:30.843223,137.44568750000002,103.49000000000001,33.9556875,3.3410714285714285,1,1
1775929412.3348897,2026-04-11T19:43:32.334890,149.474625,102.81,46.664625,20.632142857142856,0,1
1775929414.134295,2026-04-11T19:43:34.134295,139.2906875,105.44,33.8506875,3.1982142857142857,1,1
1775929415.6470313,2026-04-11T19:43:35.647031,137.6329375,102.79,34.8429375,4.548214285714286,1,1
1775929417.4893582,2026-04-11T19:43:37.489358,136.91943750000002,103.2,33.7194375,3.019642857142857,1,1
1775929418.9855804,2026-04-11T19:43:38.985580,137.96243750000002,103.76,34.2024375,3.6767857142857143,1,1
1775929420.4995663,2026-04-11T19:43:40.499566,137.4285625,103.57000000000001,33.8585625,3.2089285714285714,0,1
1775929422.0265312,2026-04-11T19:43:42.026531,136.66425,103.29,33.37425,2.55,1,1
1775929423.5693934,2026-04-11T19:43:43.569393,147.79843749999998,101.71,46.0884375,19.848214285714285,0,1
1775929425.4432454,2026-04-11T19:43:45.443245,136.00025,102.5,33.50025,2.7214285714285715,1,1
1775929426.9467776,2026-04-11T19:43:46.946778,147.1853125,103.0,44.1853125,17.258928571428573,1,1
1775929428.3832822,2026-04-11T19:43:48.383282,138.13206250000002,103.78,34.3520625,3.880357142857143,1,1
1775929429.8848922,2026-04-11T19:43:49.884892,136.53750000000002,102.99000000000001,33.5475,2.7857142857142856,1,1
1775929431.3772764,2026-04-11T19:43:51.377276,149.6413125,102.39,47.2513125,21.43035714285714,0,1
1775929432.974894,2026-04-11T19:43:52.974894,138.244,104.56,33.684,2.9714285714285715,1,1
1775929434.4580762,2026-04-11T19:43:54.458076,136.543125,102.3,34.243125,3.732142857142857,1,1
1775929436.2134745,2026-04-11T19:43:56.213475,136.908625,103.39,33.518625,2.7464285714285714,1,1
1775929437.7045767,2026-04-11T19:43:57.704577,136.335125,102.89,33.445125,2.6464285714285714,1,1
1775929439.2157958,2026-04-11T19:43:59.215796,137.6688125,103.28,34.3888125,3.930357142857143,0,1
1775929440.7188041,2026-04-11T19:44:00.718804,136.91387500000002,103.18,33.733875,3.039285714285714,1,1
1775929442.2215683,2026-04-11T19:44:02.221568,147.6975625,102.1,45.597562499999995,19.18035714285714,0,1
1775929444.0361662,2026-04-11T19:44:04.036166,136.728125,102.8,33.928125,3.3035714285714284,1,1
1775929445.511559,2026-04-11T19:44:05.511559,146.98556250000001,102.9,44.0855625,17.123214285714287,1,1
1775929446.9226596,2026-04-11T19:44:06.922660,136.5581875,102.97,33.588187500000004,2.8410714285714285,1,1
1775929448.4201224,2026-04-11T19:44:08.420122,136.571875,103.09,33.481875,2.6964285714285716,1,1
1775929449.9053206,2026-04-11T19:44:09.905321,136.957,101.74,35.217,5.057142857142857,0,1
1775929451.6747358,2026-04-11T19:44:11.674736,136.7771875,102.78999999999999,33.9871875,3.3839285714285716,1,1
1775929453.1656473,2026-04-11T19:44:13.165647,138.7979375,102.8,35.9979375,6.119642857142857,1,1
1775929455.0292044,2026-04-11T19:44:15.029204,138.01024999999998,103.88,34.130250000000004,3.5785714285714287,1,1
1775929456.5522215,2026-04-11T19:44:16.552222,136.9894375,103.48,33.5094375,2.7339285714285713,1,1
1775929458.0706196,2026-04-11T19:44:18.070620,137.301875,103.19,34.111875,3.5535714285714284,0,1
1775929459.555523,2026-04-11T19:44:19.555523,136.7070625,102.88,33.8270625,3.1660714285714286,1,1
1775929461.058046,2026-04-11T19:44:21.058046,149.580375,102.69,46.890375,20.939285714285713,0,1
1775929462.8548703,2026-04-11T19:44:22.854870,136.9259375,103.07,33.8559375,3.205357142857143,1,1
1775929464.3644922,2026-04-11T19:44:24.364492,138.747375,102.84,35.907375,5.996428571428572,1,1
1775929466.2279148,2026-04-11T19:44:26.227915,138.293,105.05,33.243,2.3714285714285714,1,1
1775929467.7034867,2026-04-11T19:44:27.703487,137.1041875,103.39,33.7141875,3.0124999999999997,1,1
1775929469.1955447,2026-04-11T19:44:29.195545,138.328625,102.08,36.248625000000004,6.460714285714286,0,1
1775929474.0913439,2026-04-11T19:44:34.091344,136.29843749999998,102.6,33.6984375,2.9910714285714284,1,1
1775929475.5942981,2026-04-11T19:44:35.594298,136.7446875,103.23,33.5146875,2.7410714285714284,1,1
1775929477.1231227,2026-04-11T19:44:37.123123,138.6320625,102.6,36.0320625,6.166071428571429,0,1
1775929481.8702273,2026-04-11T19:44:41.870227,137.63275,104.08,33.55275,2.792857142857143,1,1
1775929483.3912961,2026-04-11T19:44:43.391296,136.293125,102.89,33.403125,2.5892857142857144,1,1
1775929484.9028196,2026-04-11T19:44:44.902820,138.778875,104.94,33.838875,3.182142857142857,1,1
1775929486.4092484,2026-04-11T19:44:46.409248,136.8521875,103.18,33.6721875,2.955357142857143,1,1
1775929487.9294512,2026-04-11T19:44:47.929451,149.34256249999999,102.8,46.5425625,20.46607142857143,0,1
1775929489.7550573,2026-04-11T19:44:49.755057,137.4731875,103.57,33.9031875,3.269642857142857,1,1
1775929491.2440023,2026-04-11T19:44:51.244002,138.41899999999998,103.58,34.839,4.542857142857143,1,1
1775929493.0419102,2026-04-11T19:44:53.041910,136.755,103.68,33.075,2.142857142857143,1,1
1775929494.6103475,2026-04-11T19:44:54.610348,137.2055,103.28,33.9255,3.3000000000000003,1,1
1775929496.14501,2026-04-11T19:44:56.145010,137.32412499999998,103.27,34.054125,3.475,0,1
1775929497.630819,2026-04-11T19:44:57.630819,138.0796875,104.25,33.8296875,3.169642857142857,1,1
1775929499.1196334,2026-04-11T19:44:59.119633,149.7875,102.8,46.987500000000004,21.071428571428573,0,1
1775929501.05319,2026-04-11T19:45:01.053190,137.3025,103.86,33.4425,2.642857142857143,1,1
1775929502.6084917,2026-04-11T19:45:02.608492,136.739,102.74000000000001,33.999,3.4,1,1
1775929504.3758972,2026-04-11T19:45:04.375897,141.276375,107.28,33.996375,3.3964285714285714,1,1
1775929505.8970356,2026-04-11T19:45:05.897036,139.0209375,104.64,34.3809375,3.919642857142857,1,1
1775929507.4301128,2026-04-11T19:45:07.430113,137.91649999999998,103.97,33.9465,3.3285714285714287,0,1
1775929508.976462,2026-04-11T19:45:08.976462,137.17374999999998,103.39,33.78375,3.107142857142857,1,1
1775929510.4548335,2026-04-11T19:45:10.454834,148.4706875,104.12,44.3506875,17.48392857142857,0,1
1775929512.0949879,2026-04-11T19:45:12.094988,137.8315,103.78,34.0515,3.4714285714285715,1,1
1775929513.5814338,2026-04-11T19:45:13.581434,140.2276875,103.29,36.9376875,7.398214285714286,1,1
1775929515.278099,2026-04-11T19:45:15.278099,137.1133125,103.67999999999999,33.4333125,2.630357142857143,1,1
1775929516.76921,2026-04-11T19:45:16.769210,137.2721875,103.17999999999999,34.0921875,3.5267857142857144,1,1
1775929518.2883773,2026-04-11T19:45:18.288377,138.14175,103.77,34.37175,3.9071428571428575,1,1
1775929519.8836272,2026-04-11T19:45:19.883627,137.88106249999998,103.97,33.9110625,3.2803571428571425,1,1
1775929521.3733335,2026-04-11T19:45:21.373333,136.018125,102.3,33.718125,3.017857142857143,0,1
1775929522.9974935,2026-04-11T19:45:22.997494,137.5170625,103.69,33.8270625,3.1660714285714286,1,1
1775929524.4804354,2026-04-11T19:45:24.480435,138.663375,102.21,36.453375,6.739285714285714,1,1
1775929526.3363826,2026-04-11T19:45:26.336383,137.5683125,103.4,34.1683125,3.630357142857143,1,1
1775929527.8255591,2026-04-11T19:45:27.825559,137.67025,103.96000000000001,33.71025,3.007142857142857,1,1
1775929529.2795808,2026-04-11T19:45:29.279581,137.308875,103.47,33.838875,3.182142857142857,1,1
1775929530.7689214,2026-04-11T19:45:30.768921,137.475125,103.19,34.285125,3.789285714285714,1,1
1775929532.2565312,2026-04-11T19:45:32.256531,148.795875,102.21,46.585875,20.525000000000002,0,1
1775929533.8505726,2026-04-11T19:45:33.850573,136.745625,103.08,33.665625,2.9464285714285716,1,1
1775929535.3408835,2026-04-11T19:45:35.340883,140.00650000000002,103.96000000000001,36.0465,6.185714285714286,1,1
1775929537.050701,2026-04-11T19:45:37.050701,136.82568750000002,103.08,33.7456875,3.055357142857143,1,1
1775929538.5711546,2026-04-11T19:45:38.571155,136.1329375,102.97,33.1629375,2.2625,1,1
1775929540.0608556,2026-04-11T19:45:40.060856,137.20125,103.67999999999999,33.52125,2.75,0,1
1775929541.5473979,2026-04-11T19:45:41.547398,137.36374999999998,103.58,33.78375,3.107142857142857,1,1
1775929543.0419967,2026-04-11T19:45:43.041997,137.9289375,101.91,36.0189375,6.148214285714286,1,1
1775929544.9151504,2026-04-11T19:45:44.915150,138.22831250000002,104.06,34.1683125,3.630357142857143,1,1
1775929546.4011328,2026-04-11T19:45:46.401133,139.896875,103.58,36.316875,6.553571428571429,1,1
1775929548.2409365,2026-04-11T19:45:48.240937,135.886375,102.31,33.576375,2.8249999999999997,1,1
1775929549.736254,2026-04-11T19:45:49.736254,136.650125,103.1,33.550125,2.789285714285714,1,1
1775929551.2365792,2026-04-11T19:45:51.236579,136.19175,102.03,34.16175,3.6214285714285714,0,1
1775929552.8565133,2026-04-11T19:45:52.856513,137.568125,103.64,33.928125,3.3035714285714284,1,1
1775929554.3438666,2026-04-11T19:45:54.343867,137.22375,102.60000000000001,34.62375,4.25,1,1
1775929556.109635,2026-04-11T19:45:56.109635,138.1918125,104.16,34.0318125,3.444642857142857,1,1
1775929557.6128848,2026-04-11T19:45:57.612885,137.0881875,103.08,34.0081875,3.4125,1,1
1775929559.1027513,2026-04-11T19:45:59.102751,138.57606249999998,102.88,35.6960625,5.708928571428571,0,1
1775929563.6097887,2026-04-11T19:46:03.609789,137.45274999999998,103.27,34.18275,3.65,1,1
1775929565.1025712,2026-04-11T19:46:05.102571,137.2858125,103.38,33.905812499999996,3.273214285714286,1,1
1775929566.6125915,2026-04-11T19:46:06.612592,136.360125,102.60000000000001,33.760125,3.0749999999999997,1,1
1775929568.129811,2026-04-11T19:46:08.129811,137.6994375,103.77,33.9294375,3.305357142857143,1,1
1775929569.6238377,2026-04-11T19:46:09.623838,136.817125,102.7,34.117125,3.560714285714286,0,1
1775929571.2940147,2026-04-11T19:46:11.294015,137.0860625,103.28,33.8060625,3.1374999999999997,1,1
1775929572.8025963,2026-04-11T19:46:12.802596,136.3996875,102.57,33.8296875,3.169642857142857,1,1
1775929574.6041262,2026-04-11T19:46:14.604126,136.456125,103.2,33.256125,2.3892857142857147,1,1
1775929576.0921798,2026-04-11T19:46:16.092180,137.046375,103.47,33.576375,2.8249999999999997,1,1
1775929577.6121209,2026-04-11T19:46:17.612121,137.2575625,103.0,34.2575625,3.751785714285714,0,1
1775929579.126062,2026-04-11T19:46:19.126062,138.3409375,104.17,34.1709375,3.6339285714285716,1,1
1775929580.6562986,2026-04-11T19:46:20.656299,149.853625,103.21,46.643625,20.603571428571428,0,1
1775929582.5405717,2026-04-11T19:46:22.540572,137.9130625,104.17,33.7430625,3.0517857142857143,1,1
1775929584.0236096,2026-04-11T19:46:24.023610,140.94906250000003,105.82000000000001,35.1290625,4.9375,1,1
1775929585.7744184,2026-04-11T19:46:25.774418,137.2868125,103.57,33.7168125,3.0160714285714287,1,1
1775929587.2921906,2026-04-11T19:46:27.292191,136.78475,103.19,33.59475,2.85,1,1
1775929588.7742774,2026-04-11T19:46:28.774277,137.561875,103.66,33.901875,3.267857142857143,1,1
1775929590.2754304,2026-04-11T19:46:30.275430,137.8585625,103.79,34.0685625,3.494642857142857,1,1
1775929591.759444,2026-04-11T19:46:31.759444,137.079,103.08,33.999,3.4,0,1
1775929593.398075,2026-04-11T19:46:33.398075,137.587625,103.67,33.917625,3.289285714285714,1,1
1775929594.8834805,2026-04-11T19:46:34.883481,138.3729375,102.9,35.4729375,5.4053571428571425,1,1
1775929596.670414,2026-04-11T19:46:36.670414,136.1131875,102.42,33.6931875,2.9839285714285713,1,1
1775929598.1600537,2026-04-11T19:46:38.160054,137.702875,103.78,33.922875,3.2964285714285713,1,1
1775929599.673071,2026-04-11T19:46:39.673071,136.176375,102.39,33.786375,3.1107142857142853,0,1
1775929601.177685,2026-04-11T19:46:41.177685,138.09924999999998,103.78,34.31925,3.835714285714286,1,1
1775929602.7082634,2026-04-11T19:46:42.708263,136.324,102.85,33.474000000000004,2.685714285714286,0,1
1775929604.3493953,2026-04-11T19:46:44.349395,137.87900000000002,103.67,34.209,3.685714285714286,1,1
1775929605.8287547,2026-04-11T19:46:45.828755,137.132875,102.79,34.342875,3.867857142857143,1,1
1775929607.5707576,2026-04-11T19:46:47.570758,137.7195625,104.26,33.4595625,2.6660714285714286,1,1
1775929609.0635269,2026-04-11T19:46:49.063527,136.860125,102.89,33.970125,3.3607142857142853,1,1
1775929610.550242,2026-04-11T19:46:50.550242,139.4899375,105.34,34.1499375,3.605357142857143,0,1
1775929612.0472887,2026-04-11T19:46:52.047289,137.04775,103.6,33.44775,2.65,1,1
1775929613.5429153,2026-04-11T19:46:53.542915,146.411,102.5,43.911,16.885714285714286,0,1
1775929615.3554475,2026-04-11T19:46:55.355448,137.3405625,104.07000000000001,33.2705625,2.4089285714285715,1,1
1775929616.8411188,2026-04-11T19:46:56.841119,139.30225000000002,103.45,35.85225,5.921428571428572,1,1
1775929618.8337693,2026-04-11T19:46:58.833769,137.23568749999998,103.49,33.7456875,3.055357142857143,1,1
1775929620.3656082,2026-04-11T19:47:00.365608,139.3923125,103.67,35.7223125,5.744642857142857,1,1
1775929622.1883407,2026-04-11T19:47:02.188341,137.55506250000002,103.77000000000001,33.7850625,3.1089285714285713,1,1
1775929623.7040074,2026-04-11T19:47:03.704007,137.5438125,103.67999999999999,33.8638125,3.2160714285714285,1,1
1775929625.21089,2026-04-11T19:47:05.210890,137.855375,103.67,34.185375,3.6535714285714285,0,1
1775929626.6938689,2026-04-11T19:47:06.693869,136.548125,102.41,34.138125,3.5892857142857144,1,1
1775929628.1803892,2026-04-11T19:47:08.180389,139.21,103.09,36.12,6.285714285714286,1,1
1775929630.1011596,2026-04-11T19:47:10.101160,136.5819375,102.81,33.7719375,3.0910714285714285,1,1
1775929631.6443965,2026-04-11T19:47:11.644397,139.6704375,102.99,36.6804375,7.048214285714286,1,1
1775929633.504283,2026-04-11T19:47:13.504283,136.9501875,102.9,34.0501875,3.4696428571428575,1,1
1775929635.021829,2026-04-11T19:47:15.021829,137.461375,103.78,33.681375,2.9678571428571425,1,1
1775929636.5073664,2026-04-11T19:47:16.507366,136.881375,102.99000000000001,33.891375,3.2535714285714286,0,1
1775929637.9945297,2026-04-11T19:47:17.994530,137.2545625,103.27,33.9845625,3.380357142857143,1,1
1775929639.4957302,2026-04-11T19:47:19.495730,148.927875,102.3,46.627874999999996,20.582142857142856,0,1
1775929641.3010852,2026-04-11T19:47:21.301085,137.05625,103.01,34.04625,3.4642857142857144,1,1
1775929642.8162718,2026-04-11T19:47:22.816272,140.39724999999999,104.02,36.377250000000004,6.635714285714286,1,1
1775929644.805714,2026-04-11T19:47:24.805714,137.8244375,103.58,34.244437500000004,3.7339285714285713,1,1
1775929646.2951868,2026-04-11T19:47:26.295187,139.254625,103.3,35.954625,6.060714285714285,1,1
1775929648.1524744,2026-04-11T19:47:28.152474,137.7981875,103.79,34.0081875,3.4125,1,1
1775929649.6411154,2026-04-11T19:47:29.641115,137.5595625,103.68,33.8795625,3.2375000000000003,1,1
1775929651.1687033,2026-04-11T19:47:31.168703,137.92874999999998,104.46,33.46875,2.6785714285714284,1,1
1775929652.6629872,2026-04-11T19:47:32.662987,137.1159375,103.68,33.4359375,2.6339285714285716,1,1
1775929654.1503792,2026-04-11T19:47:34.150379,138.8935625,104.93,33.9635625,3.351785714285714,0,1
1775929655.8400233,2026-04-11T19:47:35.840023,137.292625,103.69,33.602625,2.8607142857142853,1,1
1775929657.353263,2026-04-11T19:47:37.353263,137.9008125,103.67999999999999,34.2208125,3.7017857142857147,1,1
1775929659.1515028,2026-04-11T19:47:39.151503,139.1169375,105.24000000000001,33.8769375,3.2339285714285713,1,1
1775929660.6588109,2026-04-11T19:47:40.658811,137.7046875,103.98,33.7246875,3.0267857142857144,1,1
1775929662.1593862,2026-04-11T19:47:42.159386,138.358875,104.94,33.418875,2.6107142857142853,0,1
1775929663.6974287,2026-04-11T19:47:43.697429,137.63625,103.38,34.25625,3.75,1,1
1775929665.2174277,2026-04-11T19:47:45.217428,147.6051875,101.9,45.7051875,19.326785714285712,0,1
1775929667.142096,2026-04-11T19:47:47.142096,135.98262499999998,102.8,33.182625,2.289285714285714,1,1
1775929668.644537,2026-04-11T19:47:48.644537,149.639125,105.61,44.029125,17.04642857142857,1,1
1775929670.0872545,2026-04-11T19:47:50.087255,136.4545625,102.89,33.5645625,2.8089285714285714,1,1
1775929671.566349,2026-04-11T19:47:51.566349,137.8535625,103.68,34.1735625,3.6374999999999997,1,1
1775929673.0541768,2026-04-11T19:47:53.054177,148.27018750000002,101.62,46.6501875,20.6125,0,1
1775929674.9259222,2026-04-11T19:47:54.925922,136.91287499999999,102.99,33.922875,3.2964285714285713,1,1
1775929676.4086392,2026-04-11T19:47:56.408639,138.626,103.01,35.616,5.6000000000000005,1,1
1775929678.2669675,2026-04-11T19:47:58.266968,136.71025,103.0,33.71025,3.007142857142857,1,1
1775929679.759427,2026-04-11T19:47:59.759427,136.532625,102.72,33.812625,3.1464285714285714,1,1
1775929681.241656,2026-04-11T19:48:01.241656,138.202875,104.28,33.922875,3.2964285714285713,0,1
1775929682.7785075,2026-04-11T19:48:02.778507,136.7170625,103.1,33.6170625,2.880357142857143,1,1
1775929684.298829,2026-04-11T19:48:04.298829,138.34337499999998,102.52,35.823375,5.882142857142857,0,1
1775929686.0336332,2026-04-11T19:48:06.033633,137.683,103.39,34.293,3.8000000000000003,1,1
1775929687.5187237,2026-04-11T19:48:07.518724,138.5109375,103.08,35.4309375,5.348214285714286,1,1
1775929689.3337958,2026-04-11T19:48:09.333796,137.5030625,103.75999999999999,33.7430625,3.0517857142857143,1,1
1775929690.8700814,2026-04-11T19:48:10.870081,136.74275,103.19,33.55275,2.792857142857143,1,1
1775929692.390881,2026-04-11T19:48:12.390881,136.6991875,103.09,33.6091875,2.869642857142857,1,1
1775929693.9269931,2026-04-11T19:48:13.926993,137.21625,103.38,33.83625,3.1785714285714284,1,1
1775929695.4089432,2026-04-11T19:48:15.408943,137.7840625,101.71,36.0740625,6.223214285714286,0,1
1775929697.1264853,2026-04-11T19:48:17.126485,137.581625,103.58,34.001625,3.4035714285714285,1,1
1775929698.608158,2026-04-11T19:48:18.608158,138.9344375,104.06,34.8744375,4.591071428571429,1,1
1775929700.3762288,2026-04-11T19:48:20.376229,136.94525000000002,102.71000000000001,34.23525,3.7214285714285715,1,1
1775929701.8620274,2026-04-11T19:48:21.862027,136.9958125,103.3,33.6958125,2.9875000000000003,1,1
1775929703.373393,2026-04-11T19:48:23.373393,137.33025,103.2,34.130250000000004,3.5785714285714287,0,1
1775929704.8644361,2026-04-11T19:48:24.864436,137.818625,103.88000000000001,33.938625,3.317857142857143,1,1
1775929706.3595397,2026-04-11T19:48:26.359540,148.7898125,102.2,46.5898125,20.530357142857145,0,1
1775929708.1618145,2026-04-11T19:48:28.161814,138.32318750000002,104.84,33.4831875,2.6982142857142857,1,1
1775929709.7030027,2026-04-11T19:48:29.703003,141.9209375,105.65,36.2709375,6.491071428571429,1,1
1775929711.4027207,2026-04-11T19:48:31.402721,137.66275,103.69,33.97275,3.3642857142857143,1,1
1775929712.8942122,2026-04-11T19:48:32.894212,139.0506875,104.36,34.6906875,4.3410714285714285,1,1
1775929714.4138734,2026-04-11T19:48:34.413873,137.6874375,103.38,34.3074375,3.819642857142857,1,1
1775929715.9339044,2026-04-11T19:48:35.933904,136.56875,102.89,33.67875,2.9642857142857144,1,1
1775929717.4192228,2026-04-11T19:48:37.419223,137.83350000000002,102.9,34.9335,4.671428571428572,0,1
1775929719.0857892,2026-04-11T19:48:39.085789,137.584,103.48,34.104,3.542857142857143,1,1
1775929720.5700657,2026-04-11T19:48:40.570066,138.6464375,103.31,35.3364375,5.2196428571428575,1,1
1775929722.4292734,2026-04-11T19:48:42.429273,137.5731875,103.88,33.6931875,2.9839285714285713,1,1
1775929723.9233098,2026-04-11T19:48:43.923310,137.325125,103.88000000000001,33.445125,2.6464285714285714,1,1
1775929725.4044652,2026-04-11T19:48:45.404465,136.4845625,102.71000000000001,33.7745625,3.0946428571428575,0,1
1775929726.9160962,2026-04-11T19:48:46.916096,137.24225,103.49,33.752250000000004,3.064285714285714,1,1
1775929728.4348428,2026-04-11T19:48:48.434843,137.501625,101.82,35.681625,5.689285714285715,0,1
1775929730.242225,2026-04-11T19:48:50.242225,136.0969375,102.22,33.8769375,3.2339285714285713,1,1
1775929731.743208,2026-04-11T19:48:51.743208,148.70418750000002,105.54,43.164187500000004,15.869642857142859,1,1
1775929733.4601557,2026-04-11T19:48:53.460156,136.6819375,102.91,33.7719375,3.0910714285714285,1,1
1775929734.9463856,2026-04-11T19:48:54.946386,137.6395625,103.76,33.8795625,3.2375000000000003,1,1
1775929736.4627123,2026-04-11T19:48:56.462712,136.11525,102.3,33.81525,3.15,0,1
1775929737.9745138,2026-04-11T19:48:57.974514,136.532,102.89,33.642,2.914285714285714,1,1
1775929739.4510503,2026-04-11T19:48:59.451050,137.5509375,101.91,35.6409375,5.633928571428571,1,1
1775929741.4478364,2026-04-11T19:49:01.447836,136.91625,103.08,33.83625,3.1785714285714284,1,1
1775929742.9369009,2026-04-11T19:49:02.936901,145.9459375,103.27,42.6759375,15.205357142857142,1,1
1775929744.8033783,2026-04-11T19:49:04.803378,136.79137500000002,102.9,33.891375,3.2535714285714286,1,1
1775929746.2913702,2026-04-11T19:49:06.291370,138.840375,104.76,34.080375000000004,3.5107142857142857,1,1
1775929747.7978888,2026-04-11T19:49:07.797889,136.9280625,103.29,33.638062500000004,2.9089285714285715,0,1
1775929749.3447683,2026-04-11T19:49:09.344768,138.07718749999998,103.88,34.1971875,3.669642857142857,1,1
1775929750.8530672,2026-04-11T19:49:10.853067,147.448625,102.8,44.648624999999996,17.889285714285712,0,1
1775929752.6730416,2026-04-11T19:49:12.673042,137.13456250000002,103.78,33.3545625,2.523214285714286,1,1
1775929754.164955,2026-04-11T19:49:14.164955,136.9354375,103.09,33.8454375,3.191071428571429,1,1
1775929755.9067986,2026-04-11T19:49:15.906799,136.929875,103.28,33.649875,2.9250000000000003,1,1
1775929757.4269388,2026-04-11T19:49:17.426939,137.56675,103.09,34.47675,4.05,1,1
1775929758.9581017,2026-04-11T19:49:18.958102,136.6845625,102.91,33.7745625,3.0946428571428575,1,1
1775929760.5026858,2026-04-11T19:49:20.502686,137.0929375,103.3,33.7929375,3.119642857142857,1,1
1775929761.9898553,2026-04-11T19:49:21.989855,145.29325,102.49000000000001,42.803250000000006,15.37857142857143,0,1
1775929763.6321414,2026-04-11T19:49:23.632141,137.13049999999998,103.1,34.0305,3.442857142857143,1,1
1775929765.1214435,2026-04-11T19:49:25.121444,139.530375,103.77,35.760375,5.796428571428572,1,1
1775929766.9301891,2026-04-11T19:49:26.930189,137.4371875,103.87,33.5671875,2.8125,1,1
1775929768.4770691,2026-04-11T19:49:28.477069,137.20625,103.58,33.62625,2.892857142857143,1,1
1775929769.9619725,2026-04-11T19:49:29.961972,137.85456250000001,103.87,33.9845625,3.380357142857143,0,1
1775929771.4834569,2026-04-11T19:49:31.483457,136.8333125,102.98,33.8533125,3.2017857142857147,1,1
1775929772.974091,2026-04-11T19:49:32.974091,148.26999999999998,102.49,45.78,19.428571428571427,0,1
1775929774.7372646,2026-04-11T19:49:34.737265,138.11124999999998,104.17,33.94125,3.3214285714285716,1,1
1775929776.2285395,2026-04-11T19:49:36.228539,137.609625,103.86,33.749625,3.060714285714286,1,1
1775929777.9895778,2026-04-11T19:49:37.989578,137.5595625,103.67999999999999,33.8795625,3.2375000000000003,1,1
1775929779.4840426,2026-04-11T19:49:39.484043,136.85118749999998,102.99,33.8611875,3.2125,1,1
1775929780.9725025,2026-04-11T19:49:40.972502,136.7575,103.0,33.7575,3.0714285714285716,0,1
1775929782.4905329,2026-04-11T19:49:42.490533,136.8244375,102.58,34.244437500000004,3.7339285714285713,1,1
1775929784.0053775,2026-04-11T19:49:44.005378,149.3324375,102.32,47.012437500000004,21.105357142857144,0,1
1775929785.8840055,2026-04-11T19:49:45.884006,137.3393125,103.57,33.7693125,3.0875,1,1
1775929787.3895886,2026-04-11T19:49:47.389589,139.570875,104.64,34.930875,4.667857142857143,1,1
1775929789.1854644,2026-04-11T19:49:49.185464,138.0945625,103.69,34.4045625,3.9517857142857147,1,1
1775929790.6749392,2026-04-11T19:49:50.674939,136.6845625,102.91,33.7745625,3.0946428571428575,1,1
1775929792.1640084,2026-04-11T19:49:52.164008,137.2070625,103.38,33.8270625,3.1660714285714286,1,1
1775929793.6500554,2026-04-11T19:49:53.650055,137.2695625,103.39,33.8795625,3.2375000000000003,1,1
1775929795.1722274,2026-04-11T19:49:55.172227,147.6624375,103.38,44.2824375,17.39107142857143,0,1
1775929796.8567183,2026-04-11T19:49:56.856718,137.89237500000002,103.98,33.912375,3.2821428571428575,1,1
1775929798.3338451,2026-04-11T19:49:58.333845,138.3655625,102.89,35.4755625,5.408928571428572,1,1
1775929800.1723452,2026-04-11T19:50:00.172345,138.4941875,104.36,34.1341875,3.5839285714285714,1,1
1775929801.6844723,2026-04-11T19:50:01.684472,137.48399999999998,103.38,34.104,3.542857142857143,1,1
1775929803.1684296,2026-04-11T19:50:03.168430,136.466375,102.89,33.576375,2.8249999999999997,0,1
1775929804.701098,2026-04-11T19:50:04.701098,136.7110625,102.8,33.9110625,3.2803571428571425,1,1
1775929806.235098,2026-04-11T19:50:06.235098,150.22199999999998,102.3,47.922,22.342857142857145,0,1
1775929808.0716555,2026-04-11T19:50:08.071656,137.3365,103.39,33.9465,3.3285714285714287,1,1
1775929809.5594327,2026-04-11T19:50:09.559433,138.3901875,103.08,35.3101875,5.183928571428572,1,1
1775929811.268373,2026-04-11T19:50:11.268373,137.175375,103.2,33.975375,3.367857142857143,1,1
1775929812.7835412,2026-04-11T19:50:12.783541,137.93981250000002,104.37,33.5698125,2.8160714285714286,1,1
1775929814.3045297,2026-04-11T19:50:14.304530,136.7724375,102.99,33.7824375,3.105357142857143,0,1
1775929815.805692,2026-04-11T19:50:15.805692,136.86931249999998,103.1,33.7693125,3.0875,1,1
1775929817.3232594,2026-04-11T19:50:17.323259,138.162125,102.89,35.272125,5.132142857142858,0,1
1775929819.0605583,2026-04-11T19:50:19.060558,137.250125,103.49,33.760125,3.0749999999999997,1,1
1775929820.6117768,2026-04-11T19:50:20.611777,137.9398125,104.16,33.7798125,3.101785714285714,1,1
1775929822.2937577,2026-04-11T19:50:22.293758,136.7475,102.99,33.7575,3.0714285714285716,1,1
1775929823.7892632,2026-04-11T19:50:23.789263,138.19093750000002,104.65,33.5409375,2.7767857142857144,1,1
1775929825.2687793,2026-04-11T19:50:25.268779,137.3834375,103.58,33.8034375,3.1339285714285716,0,1
1775929826.7558165,2026-04-11T19:50:26.755816,137.5698125,103.58,33.9898125,3.3874999999999997,1,1
1775929828.2892258,2026-04-11T19:50:28.289226,149.84475,102.60000000000001,47.244749999999996,21.42142857142857,0,1
1775929830.1740122,2026-04-11T19:50:30.174012,136.822875,102.9,33.922875,3.2964285714285713,1,1
1775929831.6568286,2026-04-11T19:50:31.656829,139.2293125,103.36,35.8693125,5.944642857142857,1,1
1775929833.3681798,2026-04-11T19:50:33.368180,137.106875,103.1,34.006875,3.4107142857142856,1,1
1775929834.8976386,2026-04-11T19:50:34.897639,139.5956875,105.64,33.9556875,3.3410714285714285,1,1
1775929836.3898022,2026-04-11T19:50:36.389802,137.582625,103.98,33.602625,2.8607142857142853,1,1
1775929837.9069648,2026-04-11T19:50:37.906965,138.6834375,104.67,34.0134375,3.419642857142857,1,1
1775929839.4284472,2026-04-11T19:50:39.428447,148.3986875,103.67,44.7286875,17.998214285714287,0,1
1775929841.0736225,2026-04-11T19:50:41.073622,136.81025,103.10000000000001,33.71025,3.007142857142857,1,1
1775929842.617775,2026-04-11T19:50:42.617775,138.536875,102.01,36.526875000000004,6.839285714285714,1,1
1775929844.610228,2026-04-11T19:50:44.610228,137.7684375,104.07000000000001,33.6984375,2.9910714285714284,1,1
1775929846.1601386,2026-04-11T19:50:46.160139,140.681125,102.7,37.981125,8.817857142857143,1,1
1775929848.0129173,2026-04-11T19:50:48.012917,136.8375,103.08,33.7575,3.0714285714285716,1,1
1775929849.552165,2026-04-11T19:50:49.552165,136.719,102.51,34.209,3.685714285714286,1,1
1775929851.0370357,2026-04-11T19:50:51.037036,137.228875,103.6,33.628875,2.8964285714285714,0,1
1775929852.533389,2026-04-11T19:50:52.533389,137.364375,103.2,34.164375,3.625,1,1
1775929854.035236,2026-04-11T19:50:54.035236,149.602625,104.45,45.152625,18.575,0,1
1775929855.702254,2026-04-11T19:50:55.702254,136.49625,103.08,33.41625,2.607142857142857,1,1
1775929857.1813262,2026-04-11T19:50:57.181326,141.913375,104.83,37.083375,7.596428571428571,1,1
1775929858.884378,2026-04-11T19:50:58.884378,136.7475,102.99,33.7575,3.0714285714285716,1,1
1775929860.3964372,2026-04-11T19:51:00.396437,137.53412500000002,103.48,34.054125,3.475,1,1
1775929861.896031,2026-04-11T19:51:01.896031,137.71493750000002,103.67,34.0449375,3.4625,1,1
1775929863.3907733,2026-04-11T19:51:03.390773,138.6723125,104.84,33.8323125,3.1732142857142853,1,1
1775929864.892819,2026-04-11T19:51:04.892819,149.4766875,102.48,46.9966875,21.083928571428572,0,1
1775929866.5127673,2026-04-11T19:51:06.512767,140.080125,106.32,33.760125,3.0749999999999997,1,1
1775929867.9967318,2026-04-11T19:51:07.996732,138.682625,102.77,35.912625,6.003571428571428,1,1
1775929869.8407845,2026-04-11T19:51:09.840785,137.31125,103.58,33.73125,3.0357142857142856,1,1
1775929871.362298,2026-04-11T19:51:11.362298,136.3743125,102.5,33.8743125,3.230357142857143,1,1
1775929872.8367445,2026-04-11T19:51:12.836745,136.769625,102.6,34.169625,3.632142857142857,1,1
1775929874.3259602,2026-04-11T19:51:14.325960,137.44512500000002,103.37,34.075125,3.5035714285714286,1,1
1775929875.8092787,2026-04-11T19:51:15.809279,146.7155,103.97,42.7455,15.299999999999999,0,1
1775929877.3952188,2026-04-11T19:51:17.395219,136.739875,103.09,33.649875,2.9250000000000003,1,1
1775929878.8848732,2026-04-11T19:51:18.884873,141.1676875,103.39,37.7776875,8.54107142857143,1,1
1775929880.7352283,2026-04-11T19:51:20.735228,136.786625,103.1,33.686625,2.975,1,1
1775929882.2431529,2026-04-11T19:51:22.243153,136.5275,102.98,33.5475,2.7857142857142856,1,1
1775929883.7254345,2026-04-11T19:51:23.725435,137.4039375,103.59,33.8139375,3.1482142857142854,0,1
1775929885.2566683,2026-04-11T19:51:25.256668,135.756375,102.39,33.366375,2.539285714285714,1,1
1775929886.7585843,2026-04-11T19:51:26.758584,148.5310625,102.02,46.5110625,20.423214285714288,0,1
1775929888.5564473,2026-04-11T19:51:28.556447,138.2055,104.28,33.9255,3.3000000000000003,1,1
1775929890.0677254,2026-04-11T19:51:30.067725,138.0849375,103.2,34.8849375,4.605357142857144,1,1
1775929891.8413253,2026-04-11T19:51:31.841325,136.586125,102.7,33.886125,3.2464285714285714,1,1
1775929893.3289275,2026-04-11T19:51:33.328928,136.4425,102.78999999999999,33.6525,2.9285714285714284,1,1
1775929894.8471856,2026-04-11T19:51:34.847186,138.71699999999998,103.08,35.637,5.628571428571428,0,1
1775929899.4757376,2026-04-11T19:51:39.475738,138.5571875,104.36,34.1971875,3.669642857142857,1,1
1775929900.965723,2026-04-11T19:51:40.965723,136.776375,103.2,33.576375,2.8249999999999997,1,1
1775929902.5028236,2026-04-11T19:51:42.502824,137.1495625,103.47999999999999,33.6695625,2.9517857142857147,1,1
1775929903.9873056,2026-04-11T19:51:43.987306,137.428125,103.28999999999999,34.138125,3.5892857142857144,1,1
1775929905.4764426,2026-04-11T19:51:45.476443,150.470375,103.37,47.100375,21.224999999999998,0,1
1775929907.2285228,2026-04-11T19:51:47.228523,137.37775,103.09,34.28775,3.792857142857143,1,1
1775929908.7471573,2026-04-11T19:51:48.747157,140.9395625,104.75,36.1895625,6.380357142857143,1,1
1775929910.4994512,2026-04-11T19:51:50.499451,138.282625,104.26,34.022625,3.432142857142857,1,1
1775929912.029991,2026-04-11T19:51:52.029991,138.269,104.27,33.999,3.4,1,1
1775929913.5198343,2026-04-11T19:51:53.519834,137.685,103.77,33.915,3.2857142857142856,0,1
1775929915.0649567,2026-04-11T19:51:55.064957,136.3958125,102.91,33.4858125,2.7017857142857147,1,1
1775929916.6067631,2026-04-11T19:51:56.606763,143.09025,102.87,40.22025,11.864285714285714,0,1
1775929918.2454226,2026-04-11T19:51:58.245423,137.211,103.38,33.831,3.1714285714285713,1,1
1775929919.7409613,2026-04-11T19:51:59.740961,139.94825,103.97,35.97825,6.0928571428571425,1,1
1775929921.4841254,2026-04-11T19:52:01.484125,138.06843750000002,104.37,33.6984375,2.9910714285714284,1,1
1775929923.025444,2026-04-11T19:52:03.025444,138.867875,105.26,33.607875,2.867857142857143,1,1
1775929924.5278034,2026-04-11T19:52:04.527803,137.512875,103.38,34.132875,3.582142857142857,1,1
1775929926.056691,2026-04-11T19:52:06.056691,138.55525,104.95,33.60525,2.8642857142857143,1,1
1775929927.577499,2026-04-11T19:52:07.577499,149.6130625,103.06,46.553062499999996,20.48035714285714,0,1
1775929929.2656398,2026-04-11T19:52:09.265640,137.2218125,103.4,33.8218125,3.1589285714285715,1,1
1775929930.7999537,2026-04-11T19:52:10.799954,138.39275,101.9,36.49275,6.792857142857143,1,1
1775929932.7147381,2026-04-11T19:52:12.714738,136.77662500000002,103.30000000000001,33.476625,2.689285714285714,1,1
1775929934.1918936,2026-04-11T19:52:14.191894,136.5675,102.81,33.7575,3.0714285714285716,1,1
1775929935.8612585,2026-04-11T19:52:15.861259,136.825,102.7,34.125,3.5714285714285716,0,1
1775929937.2614722,2026-04-11T19:52:17.261472,137.22062499999998,102.82,34.400625,3.9464285714285716,1,1
1775929938.7420537,2026-04-11T19:52:18.742054,148.612125,103.89,44.722125,17.989285714285714,1,1
1775929940.1496153,2026-04-11T19:52:20.149615,137.41525000000001,103.18,34.23525,3.7214285714285715,1,1
1775929941.6430833,2026-04-11T19:52:21.643083,141.0159375,107.58,33.4359375,2.6339285714285716,1,1
1775929943.1548421,2026-04-11T19:52:23.154842,147.561,103.86,43.701,16.6,0,1
1775929944.8132722,2026-04-11T19:52:24.813272,136.9475,103.19,33.7575,3.0714285714285716,1,1
1775929946.3086538,2026-04-11T19:52:26.308654,139.3238125,103.57000000000001,35.7538125,5.7875000000000005,1,1
1775929948.0935822,2026-04-11T19:52:28.093582,136.74275,103.19,33.55275,2.792857142857143,1,1
1775929949.6845732,2026-04-11T19:52:29.684573,137.0425,103.17999999999999,33.8625,3.2142857142857144,1,1
1775929951.18089,2026-04-11T19:52:31.180890,137.08137499999998,103.19,33.891375,3.2535714285714286,0,1
1775929952.6701136,2026-04-11T19:52:32.670114,136.9345625,103.58,33.3545625,2.523214285714286,1,1
1775929954.1903787,2026-04-11T19:52:34.190379,149.7213125,103.1,46.6213125,20.573214285714283,0,1
1775929956.0387976,2026-04-11T19:52:36.038798,137.27606250000002,103.68,33.5960625,2.851785714285714,1,1
1775929957.5245428,2026-04-11T19:52:37.524543,139.78331250000002,104.46000000000001,35.3233125,5.201785714285714,1,1
1775929959.3001668,2026-04-11T19:52:39.300167,137.37324999999998,103.39,33.98325,3.3785714285714286,1,1
1775929960.8197093,2026-04-11T19:52:40.819709,136.971125,102.98,33.991125,3.3892857142857147,1,1
1775929962.3051138,2026-04-11T19:52:42.305114,136.52525,102.5,34.02525,3.435714285714286,0,1
1775929963.8289437,2026-04-11T19:52:43.828944,137.2270625,103.39999999999999,33.8270625,3.1660714285714286,1,1
1775929965.3298135,2026-04-11T19:52:45.329813,138.29025,102.89999999999999,35.39025,5.292857142857143,0,1
1775929967.0842247,2026-04-11T19:52:47.084225,140.2508125,106.03,34.2208125,3.7017857142857147,1,1
1775929968.6024313,2026-04-11T19:52:48.602431,138.992125,103.09,35.902125,5.989285714285714,1,1
1775929970.344732,2026-04-11T19:52:50.344732,138.114125,104.06,34.054125,3.475,1,1
1775929971.8401704,2026-04-11T19:52:51.840170,137.044125,102.99,34.054125,3.475,1,1
1775929973.3234313,2026-04-11T19:52:53.323431,136.3934375,102.8,33.5934375,2.8482142857142856,1,1
1775929974.849545,2026-04-11T19:52:54.849545,136.5134375,102.71000000000001,33.8034375,3.1339285714285716,1,1
1775929976.348992,2026-04-11T19:52:56.348992,147.5775,102.9,44.677499999999995,17.928571428571427,0,1
1775929978.1536872,2026-04-11T19:52:58.153687,137.626,103.48,34.146,3.6,1,1
1775929979.6345649,2026-04-11T19:52:59.634565,139.957,103.48,36.477000000000004,6.771428571428571,1,1
1775929981.521508,2026-04-11T19:53:01.521508,137.4415,103.39,34.0515,3.4714285714285715,1,1
1775929983.050924,2026-04-11T19:53:03.050924,137.09900000000002,103.10000000000001,33.999,3.4,1,1
1775929984.5662994,2026-04-11T19:53:04.566299,137.4298125,103.86,33.5698125,2.8160714285714286,1,1
1775929986.0580077,2026-04-11T19:53:06.058008,136.50206250000002,102.99000000000001,33.5120625,2.7375000000000003,1,1
1775929987.5343883,2026-04-11T19:53:07.534388,136.90475,102.89,34.01475,3.4214285714285713,0,1
1775929989.1571882,2026-04-11T19:53:09.157188,137.854375,103.69,34.164375,3.625,1,1
1775929990.6787055,2026-04-11T19:53:10.678705,136.6631875,102.97,33.6931875,2.9839285714285713,1,1
1775929992.423807,2026-04-11T19:53:12.423807,137.4633125,103.4,34.0633125,3.4875000000000003,1,1
1775929993.9155264,2026-04-11T19:53:13.915526,136.495,103.0,33.495,2.7142857142857144,1,1
1775929995.4000797,2026-04-11T19:53:15.400080,137.920375,104.26,33.660375,2.939285714285714,0,1
1775929996.9266922,2026-04-11T19:53:16.926692,137.075375,102.89,34.185375,3.6535714285714285,1,1
1775929998.4364953,2026-04-11T19:53:18.436495,149.66537499999998,102.67,46.995374999999996,21.082142857142856,0,1
1775930000.250091,2026-04-11T19:53:20.250091,136.866375,103.28999999999999,33.576375,2.8249999999999997,1,1
1775930001.7327676,2026-04-11T19:53:21.732768,139.7731875,103.77,36.0031875,6.126785714285715,1,1
1775930003.4348915,2026-04-11T19:53:23.434891,136.749125,102.8,33.949125,3.332142857142857,1,1
1775930004.9535038,2026-04-11T19:53:24.953504,136.950125,103.19,33.760125,3.0749999999999997,1,1
1775930006.4392729,2026-04-11T19:53:26.439273,137.27925,103.38,33.89925,3.2642857142857147,0,1
1775930007.9232724,2026-04-11T19:53:27.923272,136.587625,102.88,33.707625,3.0035714285714286,1,1
1775930009.4038093,2026-04-11T19:53:29.403809,140.7315625,105.13,35.6015625,5.580357142857143,1,1
1775930011.1410263,2026-04-11T19:53:31.141026,136.976125,103.09,33.886125,3.2464285714285714,1,1
1775930012.67234,2026-04-11T19:53:32.672340,137.60025000000002,103.47,34.130250000000004,3.5785714285714287,1,1
1775930014.177179,2026-04-11T19:53:34.177179,140.7398125,107.38,33.3598125,2.5303571428571425,0,1
1775930015.70953,2026-04-11T19:53:35.709530,137.1509375,103.19,33.9609375,3.3482142857142856,1,1
1775930017.200642,2026-04-11T19:53:37.200642,139.2475,103.39,35.8575,5.928571428571429,0,1
1775930018.8923366,2026-04-11T19:53:38.892337,137.492625,103.47,34.022625,3.432142857142857,1,1
1775930020.4204302,2026-04-11T19:53:40.420430,140.49993750000002,104.46000000000001,36.0399375,6.176785714285714,1,1
1775930022.185972,2026-04-11T19:53:42.185972,140.82987500000002,107.39,33.439875,2.6392857142857147,1,1
1775930023.678752,2026-04-11T19:53:43.678752,136.7931875,102.89,33.9031875,3.269642857142857,1,1
1775930025.161556,2026-04-11T19:53:45.161556,137.271375,103.59,33.681375,2.9678571428571425,0,1
1775930026.6538074,2026-04-11T19:53:46.653807,137.6805625,103.78,33.9005625,3.2660714285714287,1,1
1775930028.1589663,2026-04-11T19:53:48.158966,137.57875,102.22,35.35875,5.25,0,1
1775930029.8804977,2026-04-11T19:53:49.880498,137.249375,103.19,34.059375,3.482142857142857,1,1
1775930031.3887007,2026-04-11T19:53:51.388701,138.163125,103.08,35.083125,4.875,1,1
1775930033.1819303,2026-04-11T19:53:53.181930,136.99181249999998,103.38,33.6118125,2.873214285714286,1,1
1775930034.674706,2026-04-11T19:53:54.674706,136.8731875,103.17999999999999,33.6931875,2.9839285714285713,1,1
1775930036.1812265,2026-04-11T19:53:56.181226,137.4084375,103.29,34.1184375,3.5625,0,1
1775930037.6802123,2026-04-11T19:53:57.680212,137.28875,103.19,34.09875,3.5357142857142856,1,1
1775930039.2042112,2026-04-11T19:53:59.204211,137.6225,102.5,35.1225,4.928571428571429,0,1
1775930040.9186127,2026-04-11T19:54:00.918613,136.5758125,103.09,33.4858125,2.7017857142857147,1,1
1775930042.4509196,2026-04-11T19:54:02.450920,140.48175,104.64,35.84175,5.9071428571428575,1,1
1775930044.2563689,2026-04-11T19:54:04.256369,137.04093749999998,103.08,33.9609375,3.3482142857142856,1,1
1775930045.7809334,2026-04-11T19:54:05.780933,139.439875,106.42,33.019875,2.0678571428571426,1,1
1775930047.268735,2026-04-11T19:54:07.268735,138.1735625,103.79,34.3835625,3.9232142857142853,0,1
1775930048.7772443,2026-04-11T19:54:08.777244,138.6765,105.15,33.5265,2.757142857142857,1,1
1775930050.3150322,2026-04-11T19:54:10.315032,149.0991875,104.15,44.9491875,18.298214285714288,0,1
1775930051.9411175,2026-04-11T19:54:11.941118,136.2228125,102.8,33.4228125,2.6160714285714284,1,1
1775930053.4759216,2026-04-11T19:54:13.475922,139.8343125,104.07000000000001,35.7643125,5.801785714285714,1,1
1775930055.2423265,2026-04-11T19:54:15.242326,141.1745625,107.19,33.9845625,3.380357142857143,1,1
1775930056.76577,2026-04-11T19:54:16.765770,136.9495625,103.28,33.6695625,2.9517857142857147,1,1
1775930058.2780552,2026-04-11T19:54:18.278055,137.51543750000002,103.67,33.8454375,3.1910714285714286,0,1
1775930059.7981963,2026-04-11T19:54:19.798196,136.960875,103.5,33.460875,2.667857142857143,1,1
1775930061.288598,2026-04-11T19:54:21.288598,148.9608125,102.98,45.9808125,19.701785714285712,0,1
1775930063.0579581,2026-04-11T19:54:23.057958,137.302875,103.59,33.712875,3.0107142857142857,1,1
1775930064.5456417,2026-04-11T19:54:24.545642,138.213125,103.75999999999999,34.453125,4.017857142857143,1,1
1775930066.2870986,2026-04-11T19:54:26.287099,137.38625000000002,103.76,33.62625,2.892857142857143,1,1
1775930067.8144612,2026-04-11T19:54:27.814461,136.8858125,103.19,33.6958125,2.9875000000000003,1,1
1775930069.3543856,2026-04-11T19:54:29.354386,137.722375,103.39,34.332375,3.8535714285714286,0,1
1775930070.87147,2026-04-11T19:54:30.871470,137.408875,103.78,33.628875,2.8964285714285714,1,1
1775930072.388454,2026-04-11T19:54:32.388454,148.6998125,102.32,46.3798125,20.244642857142857,0,1
1775930074.2556396,2026-04-11T19:54:34.255640,137.7769375,103.69,34.0869375,3.519642857142857,1,1
1775930075.7490692,2026-04-11T19:54:35.749069,138.632625,102.3,36.332625,6.575,1,1
1775930077.4451723,2026-04-11T19:54:37.445172,137.086375,103.51,33.576375,2.8249999999999997,1,1
1775930078.963973,2026-04-11T19:54:38.963973,136.69162500000002,102.9,33.791625,3.117857142857143,1,1
1775930080.4402423,2026-04-11T19:54:40.440242,136.564,102.88,33.684,2.9714285714285715,0,1
1775930081.9523902,2026-04-11T19:54:41.952390,137.25375,103.47,33.78375,3.107142857142857,1,1
1775930083.4573123,2026-04-11T19:54:43.457312,136.844125,101.32,35.524125,5.4750000000000005,1,1
1775930085.2556083,2026-04-11T19:54:45.255608,136.52249999999998,103.28999999999999,33.2325,2.357142857142857,1,1
1775930086.7620318,2026-04-11T19:54:46.762032,146.576125,102.61,43.966125,16.960714285714285,1,1
1775930088.1962504,2026-04-11T19:54:48.196250,137.902875,103.98,33.922875,3.2964285714285713,1,1
1775930089.7135706,2026-04-11T19:54:49.713571,139.6435,105.13,34.5135,4.1,1,1
1775930091.197895,2026-04-11T19:54:51.197895,149.2,104.26,44.94,18.285714285714285,0,1
1775930092.7473783,2026-04-11T19:54:52.747378,137.92775,104.27,33.65775,2.935714285714286,1,1
1775930094.2646728,2026-04-11T19:54:54.264673,137.197,103.45,33.747,3.057142857142857,1,1
1775930096.0033112,2026-04-11T19:54:56.003311,137.305,103.18,34.125,3.5714285714285716,1,1
1775930097.5387383,2026-04-11T19:54:57.538738,137.28718750000002,103.09,34.1971875,3.669642857142857,1,1
1775930099.050973,2026-04-11T19:54:59.050973,137.1465,103.2,33.9465,3.3285714285714287,0,1
1775930100.5579062,2026-04-11T19:55:00.557906,137.4120625,103.69,33.7220625,3.023214285714286,1,1
1775930102.0482438,2026-04-11T19:55:02.048244,149.2486875,102.21,47.0386875,21.14107142857143,0,1
1775930103.8091083,2026-04-11T19:55:03.809108,136.0735,102.4,33.6735,2.957142857142857,1,1
1775930105.3178563,2026-04-11T19:55:05.317856,143.34225,107.49000000000001,35.85225,5.921428571428572,1,1
1775930107.0398364,2026-04-11T19:55:07.039836,136.60943749999998,103.1,33.5094375,2.7339285714285713,1,1
1775930108.574834,2026-04-11T19:55:08.574834,137.182625,103.58,33.602625,2.8607142857142853,1,1
1775930110.0666635,2026-04-11T19:55:10.066664,137.1346875,103.2,33.9346875,3.3125,0,1
1775930111.5832794,2026-04-11T19:55:11.583279,137.4710625,103.77,33.7010625,2.994642857142857,1,1
1775930113.1016974,2026-04-11T19:55:13.101697,147.539625,103.08,44.459625,17.632142857142856,0,1
1775930114.7973683,2026-04-11T19:55:14.797368,136.864875,102.9,33.964875,3.3535714285714286,1,1
1775930116.2728488,2026-04-11T19:55:16.272849,140.780625,103.86,36.920625,7.375,1,1
1775930118.0351973,2026-04-11T19:55:18.035197,136.989,102.99,33.999,3.4,1,1
1775930119.5366762,2026-04-11T19:55:19.536676,148.7920625,104.57,44.2220625,17.30892857142857,1,1
1775930121.3155096,2026-04-11T19:55:21.315510,136.6,103.0,33.6,2.857142857142857,1,1
1775930122.8309135,2026-04-11T19:55:22.830914,136.73125,103.0,33.73125,3.0357142857142856,1,1
1775930124.3191175,2026-04-11T19:55:24.319118,137.3299375,103.17999999999999,34.1499375,3.605357142857143,0,1
1775930125.8369067,2026-04-11T19:55:25.836907,137.18481250000002,103.09,34.0948125,3.5303571428571425,1,1
1775930127.3562357,2026-04-11T19:55:27.356236,139.9330625,103.67,36.263062500000004,6.480357142857143,0,1
1775930132.080846,2026-04-11T19:55:32.080846,136.595375,102.41,34.185375,3.6535714285714285,1,1
1775930133.5721216,2026-04-11T19:55:33.572122,139.15449999999998,103.78,35.3745,5.271428571428571,1,1
1775930135.377357,2026-04-11T19:55:35.377357,138.5008125,104.28,34.2208125,3.7017857142857147,1,1
1775930136.889522,2026-04-11T19:55:36.889522,137.02518750000002,103.08,33.9451875,3.3267857142857147,1,1
1775930138.4455035,2026-04-11T19:55:38.445503,138.1871875,102.31,35.8771875,5.955357142857143,0,1
1775930143.0359156,2026-04-11T19:55:43.035916,135.969,102.6,33.369,2.542857142857143,1,1
1775930144.5241215,2026-04-11T19:55:44.524122,136.2653125,102.58,33.6853125,2.9732142857142856,1,1
1775930146.0512886,2026-04-11T19:55:46.051289,138.5901875,102.02,36.5701875,6.898214285714286,0,1
